m_rx,delta_bw,delta_u,rho,rho_analytic,kind,q,r,dd_sep_bins,du_x,du_y,rho_weighted_x,rho_weighted_y,rho_median,n_templates
4,0.0,0.0,0.0,0.0,curve,,,,,,,,,
4,0.1,0.022150000000000003,0.006038663293016389,0.006038663293016611,curve,,,,,,,,,
4,0.2,0.044300000000000006,0.023985673709993383,0.023985673709993605,curve,,,,,,,,,
4,0.3,0.06645,0.053340135048103754,0.053340135048103976,curve,,,,,,,,,
4,0.5,0.11075,0.1427266978844729,0.14272669788447312,curve,,,,,,,,,
4,0.75,0.166125,0.29854761208167857,0.2985476120816788,curve,,,,,,,,,
4,1.0,0.2215,0.4794200384230537,0.4794200384230539,curve,,,,,,,,,
4,1.5,0.33225,0.8099126922726587,0.8099126922726587,curve,,,,,,,,,
4,2.0,0.443,0.9813121128522624,0.9813121128522624,curve,,,,,,,,,
4,3.0,0.6645,0.9382469165047592,0.9382469165047592,curve,,,,,,,,,
4,4.0,0.886,0.9721731378050386,0.9721731378050386,curve,,,,,,,,,
8,0.0,0.0,0.0,0.0,curve,,,,,,,,,
8,0.1,0.011075000000000002,0.006339446027406659,0.006339446027406881,curve,,,,,,,,,
8,0.2,0.022150000000000003,0.025166723355725673,0.025166723355725895,curve,,,,,,,,,
8,0.3,0.033225,0.05591627443100111,0.055916274431001334,curve,,,,,,,,,
8,0.5,0.055375,0.14919649946977542,0.14919649946977542,curve,,,,,,,,,
8,0.75,0.0830625,0.3104212045722511,0.3104212045722513,curve,,,,,,,,,
8,1.0,0.11075,0.4950166074212041,0.4950166074212041,curve,,,,,,,,,
8,1.5,0.166125,0.822565378932814,0.822565378932814,curve,,,,,,,,,
8,2.0,0.2215,0.9834845712406606,0.9834845712406606,curve,,,,,,,,,
8,3.0,0.33225,0.9535942707063536,0.9535942707063536,curve,,,,,,,,,
8,4.0,0.443,0.9836083740840205,0.9836083740840205,curve,,,,,,,,,
16,0.0,0.0,0.0,0.0,curve,,,,,,,,,
16,0.1,0.005537500000000001,0.00641462464391418,0.006414624643914402,curve,,,,,,,,,
16,0.2,0.011075000000000002,0.02546171774604611,0.02546171774604633,curve,,,,,,,,,
16,0.3,0.0166125,0.0565589942240432,0.056558994224043424,curve,,,,,,,,,
16,0.5,0.0276875,0.1508047832008801,0.1508047832008803,curve,,,,,,,,,
16,0.75,0.04153125,0.3133518107991281,0.3133518107991283,curve,,,,,,,,,
16,1.0,0.055375,0.4988276935075142,0.49882769350751444,curve,,,,,,,,,
16,1.5,0.0830625,0.8255688420623973,0.8255688420623973,curve,,,,,,,,,
16,2.0,0.11075,0.9839793732752967,0.9839793732752967,curve,,,,,,,,,
16,3.0,0.166125,0.9566831521209439,0.9566831521209439,curve,,,,,,,,,
16,4.0,0.2215,0.98551389314774,0.98551389314774,curve,,,,,,,,,
1,0.0,0.0,0.0,0.0,curve,,,,,,,,,
1,0.1,0.0,0.0,0.0,curve,,,,,,,,,
1,0.2,0.0,0.0,0.0,curve,,,,,,,,,
1,0.3,0.0,0.0,0.0,curve,,,,,,,,,
1,0.5,0.0,0.0,0.0,curve,,,,,,,,,
1,0.75,0.0,0.0,0.0,curve,,,,,,,,,
1,1.0,0.0,0.0,0.0,curve,,,,,,,,,
1,1.5,0.0,0.0,0.0,curve,,,,,,,,,
1,2.0,0.0,0.0,0.0,curve,,,,,,,,,
1,3.0,0.0,0.0,0.0,curve,,,,,,,,,
1,4.0,0.0,0.0,0.0,curve,,,,,,,,,
,,,,,pair,0,1,0.3045772120472652,0.06106576416596993,0.24385996684223055,,,,
,,,,,pair,0,7,0.4486802734085602,0.716980136230705,0.13865378578940657,,,,
,,,,,pair,2,8,0.3347796103291327,0.11399529868074154,0.14019762745270237,,,,
,,,,,pair,3,5,0.07897016827356662,0.84512261725071,0.2792968479945088,,,,
,,,,,pair,4,8,0.43115519643287037,0.7341567828514672,0.9550111980762336,,,,
,,,,,pair,0,1,0.4787745922523614,0.5391231885032767,0.10918615536432119,,,,
,,,,,pair,1,4,0.3836240959239703,0.4672344420422852,0.9037253671498906,,,,
,,,,,pair,1,8,0.32384338259465206,0.7228454243483455,0.29250634602624803,,,,
,,,,,pair,2,5,0.2889500753772021,0.021950120549709018,0.10822298246837264,,,,
,,,,,pair,4,5,0.32888188916470273,0.4265553749113966,1.0706094655003136,,,,
,,,,,pair,7,8,0.44729884085405414,1.2341031853450422,0.535444523598076,,,,
,,,,,pair,7,9,0.3984459223286856,1.591466931448387,0.5370469552093892,,,,
,,,,,pair,0,1,0.2228733679473507,0.6148241254962848,0.7047737559607493,,,,
,,,,,pair,0,5,0.3352169068585966,0.16259878446852843,0.06261155318085232,,,,
,,,,,pair,1,2,0.08219526046783088,0.0030719074981037098,0.3511705890399274,,,,
,,,,,pair,3,5,0.3444550551207932,0.9429315406651598,0.32477467580957975,,,,
,,,,,pair,3,8,0.4263445757969625,0.5087716351856479,0.3706735206967373,,,,
,,,,,pair,5,6,0.3041409739992762,0.06742043567622656,0.20757582078758663,,,,
,,,,,pair,5,8,0.10462344237170107,0.4341599054795119,0.045898844887157564,,,,
,,,,,pair,6,7,0.2510075003867085,0.11174404731267587,0.5782300027290902,,,,
,,,,,pair,6,8,0.2826103661317462,0.36673946980328537,0.2534746656747442,,,,
,,,,,pair,6,9,0.4443729976614117,0.69492413299593,0.1743902285504057,,,,
,,,,,pair,7,8,0.1882460701081925,0.4784835171159612,0.8317046684038344,,,,
,,,,,pair,0,2,0.4529983611105779,0.8237614821671582,0.8896718438703657,,,,
,,,,,pair,1,4,0.30408607160192425,0.6129697410613489,0.319047598917337,,,,
,,,,,pair,2,7,0.3105593234424666,0.933713044231708,0.8882145479225763,,,,
,,,,,pair,4,8,0.4090125305950565,0.7928479577451283,0.8658733660825039,,,,
,,,,,pair,5,6,0.22058866925092602,0.29702586485864796,0.2596554881088755,,,,
,,,,,pair,7,9,0.1593223257051104,0.8469438094238553,0.8559342952190744,,,,
,,,,,pair,0,9,0.4871906969711768,0.1955685045020602,0.9669406845763556,,,,
,,,,,pair,1,2,0.1845413300507106,0.06886923279825108,0.4979733951245608,,,,
,,,,,pair,1,4,0.33864033403271065,0.08036457651934859,0.11231088717389476,,,,
,,,,,pair,1,7,0.272993116541111,0.20070484460096427,0.318376998010874,,,,
,,,,,pair,2,4,0.43090537899587344,0.011495343721097506,0.38566250795066603,,,,
,,,,,pair,2,6,0.39811162350739604,0.8951124496604519,0.293247995202801,,,,
,,,,,pair,2,9,0.4732069689895191,0.0993450421886749,0.37487871104348075,,,,
,,,,,pair,3,7,0.4472571454067218,1.0077630132679878,0.705061723374846,,,,
,,,,,pair,3,8,0.42159109005000656,0.1701397615367814,0.3622341908735496,,,,
,,,,,pair,4,6,0.41831492034514106,0.8836171059393545,0.09241451274786505,,,,
,,,,,pair,4,7,0.27217320531574773,0.28106942112031286,0.20606611083697923,,,,
,,,,,pair,5,8,0.19823890519798715,0.11499836948956402,0.2478321804782836,,,,
,,,,,pair,0,1,0.494916057605125,0.3578143543694571,0.37275705069345844,,,,
,,,,,pair,0,2,0.22709355764409445,0.42451097286263245,0.6914818155850035,,,,
,,,,,pair,0,6,0.40040149491307364,0.4781384888855224,0.5277291241781223,,,,
,,,,,pair,0,8,0.43438995339524616,0.4389490139991821,0.644490186848015,,,,
,,,,,pair,1,6,0.22713664147044987,0.8359528432549795,0.15497207348466396,,,,
,,,,,pair,2,8,0.2167722212202361,0.014438041136549673,0.04699162873698853,,,,
,,,,,pair,3,4,0.27683442011755366,0.6311141793169908,0.14358307628209654,,,,
,,,,,pair,3,6,0.26459572712487733,0.9411754410887825,0.3412997121534222,,,,
,,,,,pair,3,8,0.4928314561835503,0.9019859662024422,0.22453864948352964,,,,
,,,,,pair,5,6,0.3775958479628052,0.9786577256739675,0.27365071297397187,,,,
,,,,,pair,7,9,0.49609610592462294,0.37352570299409904,0.004831238913295149,,,,
,,,,,pair,0,1,0.4104115500000721,0.7268862015411872,0.618332587496557,,,,
,,,,,pair,0,8,0.11780232979993599,0.7009018103207212,0.3009822419809553,,,,
,,,,,pair,1,6,0.2312356040907364,0.3534626852650513,0.0747432294916942,,,,
,,,,,pair,1,8,0.17993694830003015,0.025984391220465974,0.3173503455156017,,,,
,,,,,pair,3,8,0.43294903197123624,0.4903608850854816,0.23849775422302472,,,,
,,,,,pair,5,9,0.304992792504557,0.9601549569310411,0.7128749453429172,,,,
,,,,,pair,1,5,0.26523773276272866,0.7530608741937461,0.6518076258309073,,,,
,,,,,pair,1,9,0.16856259487435565,0.8699711126276035,0.19702866643942585,,,,
,,,,,pair,2,4,0.3685654983522255,0.1274662650319128,0.9395846156042403,,,,
,,,,,pair,2,5,0.4227524879484085,0.025723355304972273,1.0587030208165942,,,,
,,,,,pair,2,6,0.35394091252127247,0.7422038392072329,0.28071520499786073,,,,
,,,,,pair,2,9,0.24002078855637443,0.09118688312888518,0.6039240614251127,,,,
,,,,,pair,4,5,0.24237079998782196,0.10174290972694053,0.11911840521235384,,,,
,,,,,pair,4,6,0.18599495743626737,0.61473757417532,1.2202998206021012,,,,
,,,,,pair,4,7,0.44440847989514776,0.8815372296280316,0.10789394010894549,,,,
,,,,,pair,5,9,0.24639790547325546,0.11691023843385745,0.4547789593914815,,,,
,,,,,pair,7,8,0.45504500823143657,1.5852029967975578,0.06220179636092232,,,,
,,,,,pair,0,2,0.24895793788492604,0.10688846793887252,0.27501618387868,,,,
,,,,,pair,0,4,0.23324496190924915,0.08790975705628423,1.0965026495322665,,,,
,,,,,pair,1,7,0.40624381011328836,0.09058140633248224,0.2828252875247178,,,,
,,,,,pair,1,8,0.230959592449135,0.03555545642042707,0.9430148628039887,,,,
,,,,,pair,3,8,0.46255448966641155,0.4447944949387407,0.9897696128098921,,,,
,,,,,pair,6,8,0.24529080657413238,0.14144501942127624,0.47887096916196403,,,,
,,,,,pair,7,8,0.2755384935094778,0.1261368627529093,0.6601895752792709,,,,
,,,,,pair,3,5,0.3516838707895271,0.68021373855188,0.6461569500469732,,,,
,,,,,pair,3,8,0.1467582602467905,0.24160991828441314,0.2750759354635902,,,,
,,,,,pair,4,7,0.49847291309745423,0.5889100914026602,0.12978141189501946,,,,
,,,,,pair,5,7,0.39684186918258213,0.4529733590000961,0.20923418231923718,,,,
,,,,,pair,5,9,0.4249367996722304,0.030582048395522088,0.22206386666511257,,,,
,,,,,pair,1,8,0.3235502247511852,0.5342653820172891,0.835027056812331,,,,
,,,,,pair,2,4,0.12465541362920884,0.008818648113026684,0.3671283630643758,,,,
,,,,,pair,2,5,0.4177774120188936,0.8440580354791503,0.04092753093292467,,,,
,,,,,pair,3,5,0.36374694384614337,0.06257918248400073,0.7757513873636239,,,,
,,,,,pair,4,6,0.23675211269012664,0.7130596600109522,0.09205410445760358,,,,
,,,,,pair,8,9,0.34546537610556394,0.9424782290736515,0.7544592273798538,,,,
,,,,,pair,0,3,0.32748552919452756,0.18610560908794596,0.16335246222360056,,,,
,,,,,pair,0,7,0.41034544645097726,0.22078680941564421,1.062593911395863,,,,
,,,,,pair,0,8,0.08954988293020483,0.2839517985642698,0.3290928754968045,,,,
,,,,,pair,1,3,0.44584760856476535,0.5614711010160782,0.6890574982829322,,,,
,,,,,pair,1,6,0.3417730730548918,0.15149681771037737,0.17595819422789788,,,,
,,,,,pair,2,4,0.10126839282776334,0.5103556300935312,0.1333014558299062,,,,
,,,,,pair,2,6,0.31423618539853937,0.3517911439535287,0.16377137924995014,,,,
,,,,,pair,4,6,0.4101445579251113,0.15856448614000251,0.2970728350798564,,,,
,,,,,pair,4,8,0.30292536414422866,0.6663849589220272,0.050286055701973975,,,,
,,,,,pair,4,9,0.19422955033500955,0.3943552326896821,0.4193954486120853,,,,
,,,,,pair,5,7,0.22616264555701138,0.35159850587690333,0.13267493411712766,,,,
,,,,,pair,6,7,0.3274680333799376,0.003081864802110701,0.386142145117228,,,,
,,,,,pair,6,9,0.36959388283266736,0.23579074654967958,0.7164682836919416,,,,
,,,,,pair,7,9,0.4065443063738876,0.23270888174756887,1.1026104288091696,,,,
,,,,,pair,0,3,0.16177464121215257,0.0844388411483934,0.2255029506389213,,,,
,,,,,pair,0,7,0.4691504028688871,0.3863391185949878,0.3731053720427696,,,,
,,,,,pair,1,5,0.2479757897057855,0.42775562630569475,0.3252076588879004,,,,
,,,,,pair,3,4,0.4254308810630354,1.7287166003612504,0.34472670647897474,,,,
,,,,,pair,5,7,0.49347638109561753,0.366633167056012,0.8442758623025369,,,,
,,,,,pair,5,8,0.2010397529380616,0.21098070670859254,0.9730302217267447,,,,
,,,,,pair,0,3,0.028384187337148425,1.1148715187117306,0.14617110037686987,,,,
,,,,,pair,1,5,0.19896543585668058,0.424954251155126,0.0077756208794529935,,,,
,,,,,pair,2,4,0.4830912022832554,0.27178678472701856,0.5282099162851752,,,,
,,,,,pair,3,6,0.4595899461575286,1.0829333212908663,0.1835197227335339,,,,
,,,,,pair,4,8,0.08488555593433311,1.2731602623336777,0.4678651761106719,,,,
,,,,,pair,5,8,0.2715275119507874,0.425358004132912,0.9548902496847436,,,,
,,,,,pair,8,9,0.30487152699017983,0.3055637066592841,0.42059563233733166,,,,
,,,,,pair,0,3,0.339948596521783,0.2563471748104402,0.9077489327374948,,,,
,,,,,pair,0,7,0.4142633956092707,0.5420920741101041,0.17444614071111558,,,,
,,,,,pair,0,8,0.3474803962132116,0.07593706501266234,0.10036170471288908,,,,
,,,,,pair,1,8,0.16871152740180761,0.7051985756843241,0.1892535641561337,,,,
,,,,,pair,2,8,0.08925370565929835,0.43034378914840143,0.08739688153808989,,,,
,,,,,pair,2,9,0.3433807545049201,0.5447578071458935,0.24256438167611483,,,,
,,,,,pair,3,4,0.41377056614958774,0.04155060997719334,1.297204496029836,,,,
,,,,,pair,4,7,0.3264908157622477,0.32729550927685713,0.5639017040034566,,,,
,,,,,pair,4,8,0.4633292447503645,0.13885949982058454,0.289093858579452,,,,
,,,,,pair,0,4,0.36739611365564606,0.40448424054923904,0.10469198717888156,,,,
,,,,,pair,1,2,0.39793497096381714,0.165445315397465,0.9344814571920688,,,,
,,,,,pair,1,6,0.1219237077678832,0.2495547950945614,0.9699653024209014,,,,
,,,,,pair,3,4,0.3034211078795328,0.37815345252874566,0.3733088968894721,,,,
,,,,,pair,3,5,0.3183803294658174,0.3737112842103128,0.2628104034754495,,,,
,,,,,pair,1,2,0.45419780455695413,0.45151094682960174,0.47170257740181093,,,,
,,,,,pair,1,4,0.4414469069771192,0.42833266747342624,0.35204105465601354,,,,
,,,,,pair,2,8,0.13725874552246786,0.04716188187167636,0.378366221064981,,,,
,,,,,pair,3,7,0.48123063932111787,0.5843769777528256,0.5049545306337689,,,,
,,,,,pair,4,7,0.39197893322110744,0.18424830628300923,0.97037196639376,,,,
,,,,,pair,5,7,0.24148035082114117,0.062443806282041464,0.8496489520407974,,,,
,,,,,pair,5,9,0.26180121815527313,0.5434935407319071,0.04200933918279737,,,,
,,,,,pair,7,9,0.30953355295606233,0.6059373470139486,0.8916582912235947,,,,
,,,,,pair,0,1,0.17738402722104607,0.20201432889988552,0.03847931411791383,,,,
,,,,,pair,0,2,0.36359955291509194,0.5989940966315006,0.6835513929015675,,,,
,,,,,pair,0,3,0.45168216017979823,0.03451295803820864,0.9686909446172455,,,,
,,,,,pair,1,5,0.4497011018435999,0.33345478617284996,0.853708193060422,,,,
,,,,,pair,2,4,0.18197213754667185,0.5889285348095912,0.37471752907788286,,,,
,,,,,pair,2,5,0.38812979133391945,0.06352498155876518,0.13167748604094054,,,,
,,,,,pair,2,6,0.4366245659551615,0.44428586763654654,0.6512071640259409,,,,
,,,,,pair,3,6,0.33754214857822795,0.12019527095674548,0.9363467157416189,,,,
,,,,,pair,4,6,0.2078113214944599,0.14464266717304458,1.025924693103824,,,,
,,,,,pair,4,9,0.17133986854911232,0.5125774715619948,0.9391177653306326,,,,
,,,,,pair,5,6,0.4217008746840465,0.38076088607778136,0.7828846500668816,,,,
,,,,,pair,0,6,0.2912352684095445,0.1512259691405733,0.026962390439369807,,,,
,,,,,pair,1,6,0.1499938564248593,0.21302225626105575,0.5825415167905914,,,,
,,,,,pair,1,8,0.2903380341984234,0.02763101532667178,0.015229800883644673,,,,
,,,,,pair,2,5,0.31350844389315746,0.2253755495209125,0.438994947672373,,,,
,,,,,pair,3,6,0.2918364281801604,0.151116440776222,0.039086978829279605,,,,
,,,,,pair,4,5,0.43807229679608595,0.8293732872284523,0.17672279385795286,,,,
,,,,,pair,4,7,0.08771305852404265,0.4775147133164649,0.8324464804157795,,,,
,,,,,pair,4,8,0.26125979105990504,0.7150952847458087,0.1681376436404859,,,,
,,,,,pair,5,6,0.3587740127427712,0.126375269105084,0.5587265656894798,,,,
,,,,,pair,5,8,0.34595448171029375,0.11427800248264353,0.008585150217466975,,,,
,,,,,pair,5,9,0.24784838206776438,0.3349381604197026,0.5225939060161245,,,,
,,,,,pair,6,8,0.3511244867059906,0.24065327158772754,0.5673117159069467,,,,
,,,,,pair,1,8,0.15800047031195663,0.7769346021730209,0.5078603473450536,,,,
,,,,,pair,2,8,0.31921284344951584,0.3161287128948438,0.955154035804006,,,,
,,,,,pair,3,7,0.08904371322297688,0.23285527234900555,0.025073214489887308,,,,
,,,,,pair,3,9,0.4908559968901931,0.5304950531500876,0.7465571020337307,,,,
,,,,,pair,4,5,0.24270357444944324,0.40808379027556163,0.4120930130129766,,,,
,,,,,pair,5,9,0.35980880413836314,0.0325982332854462,0.1615867025856123,,,,
,,,,,pair,0,2,0.3073165175499888,1.675553363788929,0.7715434712642949,,,,
,,,,,pair,0,3,0.2219849458845351,1.0684037114775289,0.14595231820562418,,,,
,,,,,pair,1,6,0.3057788741591996,0.061817735178162636,0.13998444775031305,,,,
,,,,,pair,2,4,0.4949946886826684,1.45755310993819,0.7349097745943138,,,,
,,,,,pair,1,9,0.39376916614070523,0.3120093789219794,1.3259746319727816,,,,
,,,,,pair,5,9,0.46769395328546404,0.6446312047531111,0.46669732076736925,,,,
,,,,,pair,7,8,0.17561530602223896,0.027823071479751715,0.04376021153000137,,,,
,,,,,pair,1,3,0.3878594151221302,0.03837894620067439,0.18637848041369784,,,,
,,,,,pair,1,6,0.27176070086762394,0.8552480040144179,0.34144913739858107,,,,
,,,,,pair,2,9,0.4721392938041582,0.582848347884016,0.8314709447267356,,,,
,,,,,pair,3,6,0.3257598202946621,0.8168690578137435,0.5278276178122789,,,,
,,,,,pair,4,6,0.48091671445769313,0.3702569127952644,0.8976565251515483,,,,
,,,,,pair,7,9,0.3111726666193828,0.49179393830920626,0.6516425803308306,,,,
,,,,,pair,0,2,0.4946052738844878,0.743968286579626,1.063313803064956,,,,
,,,,,pair,0,3,0.16480366111968348,0.5843769872286416,0.21901060803895356,,,,
,,,,,pair,2,4,0.37279096329244776,0.8954351554919796,0.1376956181462276,,,,
,,,,,pair,5,9,0.24937473701481405,0.23444299766075122,0.06174584862540944,,,,
,,,,,pair,7,9,0.20698841160694847,0.2613376720301879,0.07899547354765835,,,,
,,,,,pair,8,9,0.4917214052669059,0.100579343165552,0.5084272627749964,,,,
1,,,,,scene,,,,,,0.22785611388039223,0.22785611388039223,0.0004101736598454975,140.0
4,,,,,scene,,,,,,0.7298923053226842,0.7451487193760585,0.7417490311949676,140.0
8,,,,,scene,,,,,,0.8714918834939909,0.8704729530964269,0.940556183021102,140.0
16,,,,,scene,,,,,,0.9327919291472568,0.9440570148487869,0.9783077405341196,140.0
