trial,method,detected,total_targets,detected_fraction,false_alarm,total_false,false_alarm_fraction,selected_observations,remote_reports,local_observations,overhead_bits,overhead_delay_ms,D_mean,D_median,belief_capture_rate,weak_target_index,weak_target_detected,receiver_capacity_max_utilization,receiver_capacity_binding,fusion_capacity_max_utilization,fusion_capacity_binding,report_capacity_utilization,report_capacity_binding,assignment_capacity_max_utilization,assignment_capacity_binding,cpu_capacity_max_utilization,cpu_capacity_binding,selector_score_evaluations,coordination_messages,bid_rounds,coordination_rounds,coordination_converged,coordination_n_tx,detection_runtime_ms,fusion_nodes,selected_links
0,proposed_c2f_adaptive_pd,9,10,0.9,19,300,0.06333333333333334,29,19,10,12160.0,20.26666666666667,139.32804352607403,32.76590867129097,1.0,6,1,0.0,0.0,0.0,0.0,0.0,0.0,0.0,0.0,0.0,0.0,92525.0,92525.0,0.0,2.0,1.0,12.0,0.0,"14,14,14,14,14,14,14,14,14,14","0:6-10,6-0,6-4,6-14,2-14,6-11;1:13-0;2:7-14;3:13-14,2-14;4:0-14;5:6-4,10-14,4-14;6:9-11,14-11,8-11,4-11,11-9,1-11;7:2-14;8:8-11,9-11,1-11,14-11,8-9,10-11;9:13-0,13-14"
1,proposed_c2f_adaptive_pd,9,10,0.9,14,300,0.04666666666666667,40,32,8,20480.0,34.13333333333333,1223.8746921357035,84.14796430070695,1.0,5,1,0.0,0.0,0.0,0.0,0.0,0.0,0.0,0.0,0.0,0.0,174596.0,174596.0,0.0,3.0,1.0,11.0,0.0,"1,1,1,1,1,1,1,1,1,1","0:5-2;1:3-4;2:2-1;3:9-4,9-11,9-7,10-4,14-4,10-11;4:10-2,10-4,10-7,13-2,13-7,10-6;5:5-2,7-2,13-2,2-7,2-5,1-2;6:14-11,0-11,3-11,11-0,14-0,11-1;7:0-11,0-1,11-1,3-1,14-1,7-1;8:13-1;9:13-2,7-2,5-2,2-7,1-2,2-5"
2,proposed_c2f_adaptive_pd,8,10,0.8,17,300,0.056666666666666664,51,25,26,16000.0,26.666666666666668,3231.8671804732267,21.343990138736917,1.0,5,1,0.0,0.0,0.0,0.0,0.0,0.0,0.0,0.0,0.0,0.0,107317.0,107317.0,0.0,2.0,1.0,12.0,0.0,"2,2,2,2,2,2,2,2,2,2","0:12-8,10-8,9-8,8-2,12-2,9-2;1:10-8,10-11,10-2,10-0,14-2,8-2;2:10-8,10-0,10-2,10-11,10-13,10-7;3:12-2,9-2;4:6-7;5:6-7,7-6,11-6,6-11,11-7,4-6;6:0-2,13-2,8-2,7-2,6-2,11-2;7:10-8,10-0,10-11,10-2,14-2,9-2;8:2-0,13-0,8-0,13-2,0-2,8-2;9:12-2,11-6,7-2,8-2,4-2,6-2"
3,proposed_c2f_adaptive_pd,6,10,0.6,11,270,0.040740740740740744,27,12,15,7680.0,12.8,69.89658654155272,16.233114725838018,0.9629629629629629,2,0,0.0,0.0,0.0,0.0,0.0,0.0,0.0,0.0,0.0,0.0,172491.0,172491.0,0.0,3.0,1.0,10.0,0.0,"14,14,14,14,14,14,14,14,14,14","0:4-11;1:4-14;2:12-0,7-0,2-0,6-0,14-0,12-14;3:2-6;4:1-14,12-14;5:11-8;6:12-14;7:2-7,5-7,2-14,4-14,5-14,7-14;8:3-8,3-14;9:5-7,5-14,7-14,2-14,6-14,4-14"
4,proposed_c2f_adaptive_pd,8,10,0.8,13,300,0.043333333333333335,16,9,7,5760.0,9.600000000000001,98.81549252442281,15.369883983533992,0.8125,8,1,0.0,0.0,0.0,0.0,0.0,0.0,0.0,0.0,0.0,0.0,173028.0,173028.0,0.0,4.0,1.0,5.0,0.0,"11,11,11,11,11,11,11,11,11,11","0:1-11;1:2-7;2:7-9;3:7-9;4:1-11;5:2-7;6:6-12;7:7-11,2-11;8:1-0,6-1,1-14,1-11,6-11,12-1;9:7-11"
5,proposed_c2f_adaptive_pd,9,10,0.9,13,300,0.043333333333333335,31,17,14,10880.0,18.133333333333333,216.2626692495989,89.82885588353918,1.0,4,1,0.0,0.0,0.0,0.0,0.0,0.0,0.0,0.0,0.0,0.0,208555.0,208555.0,0.0,4.0,1.0,9.0,0.0,"4,4,4,4,4,4,4,4,4,4","0:6-7,11-7,7-11,13-7,9-7,6-11;1:11-4;2:13-4;3:13-7,7-4,13-4,11-4,9-4,6-4;4:6-7,6-11,11-7,6-2,14-7,7-11;5:9-13,11-4;6:0-2,2-5,2-4,0-4,14-4,6-4;7:14-4;8:4-8;9:9-4"
6,proposed_c2f_adaptive_pd,9,10,0.9,10,300,0.03333333333333333,34,24,10,15360.0,25.6,1028.7883392360288,106.53605184208129,0.9705882352941176,4,1,0.0,0.0,0.0,0.0,0.0,0.0,0.0,0.0,0.0,0.0,329023.0,329023.0,0.0,5.0,1.0,7.0,0.0,"6,6,6,6,6,6,6,6,6,6","0:3-14;1:7-0;2:7-6;3:6-12;4:4-9,9-11,7-9,8-9,4-11,5-9;5:8-4,3-4,5-6,4-6,3-6,8-6;6:3-14,5-4,5-2,8-4,8-14,5-9;7:3-14;8:5-14,5-4,8-0,5-0,8-6,4-14;9:8-4,4-6,7-6,3-6,9-6"
7,proposed_c2f_adaptive_pd,7,10,0.7,16,300,0.05333333333333334,30,17,13,10880.0,18.133333333333333,324.5849095995363,68.81113679318099,1.0,1,1,0.0,0.0,0.0,0.0,0.0,0.0,0.0,0.0,0.0,0.0,109834.0,109834.0,0.0,2.0,1.0,7.0,0.0,"11,11,11,11,11,11,11,11,11,11","0:4-11;1:4-11,4-1,3-4,4-9,4-5,4-7;2:8-14;3:4-11;4:3-11;5:14-11;6:4-11,3-4,12-4,4-1,3-11,12-11;7:8-6,8-0,8-7,6-8,2-6,6-0;8:8-2,2-8,8-11,2-11,12-11,14-11;9:4-11"
8,proposed_c2f_adaptive_pd,5,10,0.5,17,300,0.056666666666666664,36,24,12,15360.0,25.6,1610.0878053217739,165.45150798043275,1.0,0,0,0.0,0.0,0.0,0.0,0.0,0.0,0.0,0.0,0.0,0.0,176383.0,176383.0,0.0,3.0,1.0,11.0,0.0,"12,12,12,12,12,12,12,12,12,12","0:3-4,3-11,11-3,11-4,4-3,12-3;1:1-3;2:3-11;3:0-6,14-6,5-6,0-12,14-12,5-12;4:3-12;5:12-4,4-12,11-12,3-12,8-12,1-12;6:14-6,14-10,0-6,14-5,5-6,0-5;7:4-12;8:9-3,9-1,2-3,9-11,2-1,9-6;9:3-12,1-12"
9,proposed_c2f_adaptive_pd,10,10,1.0,19,300,0.06333333333333334,12,5,7,3200.0,5.333333333333334,502.7346407607021,73.7666619051372,1.0,8,1,0.0,0.0,0.0,0.0,0.0,0.0,0.0,0.0,0.0,0.0,212604.0,212604.0,0.0,5.0,1.0,5.0,0.0,"14,14,14,14,14,14,14,14,14,14","0:2-14;1:13-14;2:10-14;3:13-9;4:10-14;5:13-9;6:5-14;7:13-14;8:5-14,14-5;9:10-5,5-0"
10,proposed_c2f_adaptive_pd,8,10,0.8,22,300,0.07333333333333333,20,13,7,8320.0,13.866666666666667,125.01832728271317,8.761958578134276,1.0,2,1,0.0,0.0,0.0,0.0,0.0,0.0,0.0,0.0,0.0,0.0,195028.0,195028.0,0.0,4.0,1.0,5.0,0.0,"9,9,9,9,9,9,9,9,9,9","0:1-6;1:8-9;2:4-14,3-7,4-7,3-12,3-11,5-7;3:3-7,3-14,4-14,4-11,4-5,4-9;4:1-8;5:1-9;6:8-9;7:3-9;8:1-9;9:3-9"
11,proposed_c2f_adaptive_pd,10,10,1.0,10,300,0.03333333333333333,36,24,12,15360.0,25.6,593.9704253228981,90.06650103692536,1.0,0,1,0.0,0.0,0.0,0.0,0.0,0.0,0.0,0.0,0.0,0.0,192186.0,192186.0,0.0,3.0,1.0,11.0,0.0,"14,14,14,14,14,14,14,14,14,14","0:6-3,6-11,0-11,0-3,11-3,11-6;1:3-14,6-14;2:8-4;3:0-3,6-3,11-3,14-3,3-14,5-3;4:2-8,1-8,8-14,2-14,1-14,4-14;5:1-8;6:4-14;7:2-8,1-8,8-4,2-4,8-2,4-8;8:14-12,10-14,14-10,14-3,3-14,4-14;9:4-14"
12,proposed_c2f_adaptive_pd,9,10,0.9,19,300,0.06333333333333334,40,23,17,14720.0,24.533333333333335,104.414560254179,22.91287804558261,1.0,5,1,0.0,0.0,0.0,0.0,0.0,0.0,0.0,0.0,0.0,0.0,185027.0,185027.0,0.0,3.0,1.0,10.0,0.0,"4,4,4,4,4,4,4,4,4,4","0:8-4;1:11-4;2:7-11,7-4,11-7,7-9,4-7,7-8;3:10-4;4:5-4,8-4,10-4,11-4,12-4,0-4;5:2-14,0-14,14-2,14-9,0-12,2-12;6:2-14,2-4,0-4,14-4,12-4,10-4;7:5-11,5-10,5-8,5-3,10-5,5-4;8:0-4;9:5-11,5-10,5-8,5-14,5-12,10-5"
13,proposed_c2f_adaptive_pd,5,10,0.5,8,300,0.02666666666666667,32,17,15,10880.0,18.133333333333333,53.04728596520302,11.111802226933241,1.0,0,0,0.0,0.0,0.0,0.0,0.0,0.0,0.0,0.0,0.0,0.0,114375.0,114375.0,0.0,2.0,1.0,11.0,0.0,"9,9,9,9,9,9,9,9,9,9","0:1-5,7-5,1-9,13-10,13-11,1-0;1:2-12;2:10-9;3:1-0;4:10-9,6-9,14-9,4-9;5:5-9;6:7-9;7:3-8,3-10,4-8,4-10,3-12,3-9;8:7-5,14-5,13-5,5-9,5-14,7-9;9:10-9,9-10,6-9,3-9,1-9"
14,proposed_c2f_adaptive_pd,8,10,0.8,9,300,0.03,15,10,5,6400.0,10.666666666666668,6735.839752966176,70.38375241442482,1.0,7,1,0.0,0.0,0.0,0.0,0.0,0.0,0.0,0.0,0.0,0.0,144875.0,144875.0,0.0,4.0,1.0,7.0,0.0,"6,6,6,6,6,6,6,6,6,6","0:2-4;1:5-6;2:4-6;3:1-13;4:11-1,8-1,11-0,11-3,8-0,8-3;5:4-2;6:5-6;7:12-5;8:2-6;9:5-6"
15,proposed_c2f_adaptive_pd,9,10,0.9,17,300,0.056666666666666664,22,15,7,9600.0,16.0,74.48288924203705,38.420653405486284,1.0,7,1,0.0,0.0,0.0,0.0,0.0,0.0,0.0,0.0,0.0,0.0,170631.0,170631.0,0.0,3.0,1.0,7.0,0.0,"4,4,4,4,4,4,4,4,4,4","0:10-4;1:11-4,7-4;2:2-9,2-7,2-10;3:0-13;4:10-4;5:0-4;6:0-5;7:2-7,2-3,7-3,3-7,0-7,7-0;8:2-4,9-4;9:0-10,2-10,9-10,10-1"
16,proposed_c2f_adaptive_pd,9,10,0.9,13,300,0.043333333333333335,15,7,8,4480.0,7.466666666666667,247.55186131226446,65.9580343117561,1.0,9,1,0.0,0.0,0.0,0.0,0.0,0.0,0.0,0.0,0.0,0.0,176378.0,176378.0,0.0,5.0,1.0,7.0,0.0,"4,4,4,4,4,4,4,4,4,4","0:6-4;1:6-4;2:8-4;3:6-4;4:5-4;5:7-4;6:5-6;7:6-4;8:2-4;9:0-9,0-2,9-0,9-5,9-6,9-2"
17,proposed_c2f_adaptive_pd,9,10,0.9,14,300,0.04666666666666667,17,9,8,5760.0,9.600000000000001,1069.436652903441,33.42034072639823,1.0,0,1,0.0,0.0,0.0,0.0,0.0,0.0,0.0,0.0,0.0,0.0,303034.0,303034.0,0.0,6.0,1.0,7.0,0.0,"8,8,8,8,8,8,8,8,8,8","0:0-1,10-1,0-9,0-11,0-2,1-9;1:4-8,9-8;2:4-8;3:4-8;4:6-8;5:6-9;6:9-8,4-8;7:0-1;8:1-11;9:5-8"
18,proposed_c2f_adaptive_pd,6,10,0.6,16,300,0.05333333333333334,25,23,2,14720.0,24.533333333333335,381.7995823307216,21.15712011185888,1.0,4,1,0.0,0.0,0.0,0.0,0.0,0.0,0.0,0.0,0.0,0.0,222544.0,222544.0,0.0,4.0,1.0,6.0,0.0,"12,12,12,12,12,12,12,12,12,12","0:8-10,9-8,8-2,8-6,8-0,9-10;1:2-12;2:0-12;3:0-4;4:1-7,1-11,8-7,6-11,8-0,0-7;5:0-11;6:0-4;7:2-10;8:8-11,8-0,9-8,8-10,8-7,8-2;9:0-14"
19,proposed_c2f_adaptive_pd,8,10,0.8,15,300,0.05,32,25,7,16000.0,26.666666666666668,5478.255101718181,42.49274619615535,1.0,8,0,0.0,0.0,0.0,0.0,0.0,0.0,0.0,0.0,0.0,0.0,172692.0,172692.0,0.0,3.0,1.0,10.0,0.0,"13,13,13,13,13,13,13,13,13,13","0:6-10,0-6,5-6,1-6,6-0,6-13;1:0-13;2:9-3;3:11-8,8-11,4-8,4-11,8-13,11-13;4:7-8,9-8,4-8,14-8,11-8,5-8;5:1-3;6:4-13;7:5-1;8:9-6,1-6,7-6,6-10,0-6,14-6;9:7-8,7-13,9-13"
20,proposed_c2f_adaptive_pd,5,10,0.5,18,300,0.06,27,14,13,8960.0,14.933333333333334,110.85068261711001,6.484104646196552,1.0,7,1,0.0,0.0,0.0,0.0,0.0,0.0,0.0,0.0,0.0,0.0,168804.0,168804.0,0.0,3.0,1.0,11.0,0.0,"0,0,0,0,0,0,0,0,0,0","0:6-10,14-10,6-0,9-0;1:3-0;2:2-0;3:6-10,14-10;4:3-8,3-0,6-0,5-0,7-0;5:12-5;6:13-0;7:1-3,11-3,3-1,7-1,11-4,1-4;8:3-0;9:9-3,5-3,9-0,3-0,5-0"
21,proposed_c2f_adaptive_pd,9,10,0.9,11,300,0.03666666666666667,21,15,6,9600.0,16.0,234.85069069080018,63.086910894228225,1.0,2,1,0.0,0.0,0.0,0.0,0.0,0.0,0.0,0.0,0.0,0.0,138158.0,138158.0,0.0,3.0,1.0,10.0,0.0,"5,5,5,5,5,5,5,5,5,5","0:3-5,12-5;1:9-2,1-2,0-2,8-2,6-2,12-2;2:9-2,9-10,2-10,10-2,1-10,1-2;3:10-13;4:9-2;5:3-5;6:11-5;7:12-5;8:12-5;9:2-13"
22,proposed_c2f_adaptive_pd,6,10,0.6,18,270,0.06666666666666667,10,6,4,3840.0,6.4,37.358341066827734,14.752683475091143,0.9,0,1,0.0,0.0,0.0,0.0,0.0,0.0,0.0,0.0,0.0,0.0,109845.0,109845.0,0.0,4.0,1.0,4.0,0.0,"0,0,0,0,0,0,0,0,0,0",0:1-5;1:1-0;2:1-5;3:5-2;4:1-14;5:5-0;6:3-0;7:1-11;8:3-9;9:14-0
23,proposed_c2f_adaptive_pd,8,10,0.8,11,300,0.03666666666666667,22,15,7,9600.0,16.0,820.6742870919849,141.67687594721056,1.0,6,1,0.0,0.0,0.0,0.0,0.0,0.0,0.0,0.0,0.0,0.0,298829.0,298829.0,0.0,5.0,1.0,7.0,0.0,"11,11,11,11,11,11,11,11,11,11","0:11-6;1:12-5;2:0-7;3:0-7,8-7,2-7,12-7,4-7,10-7;4:12-11;5:2-11,4-11;6:10-7,4-10,2-10,10-11,2-7,10-4;7:0-2;8:4-11,2-11;9:2-11"
24,proposed_c2f_adaptive_pd,6,10,0.6,13,300,0.043333333333333335,44,35,9,22400.0,37.333333333333336,39.334269369955976,7.655098263302179,1.0,7,0,0.0,0.0,0.0,0.0,0.0,0.0,0.0,0.0,0.0,0.0,75174.0,75174.0,0.0,2.0,1.0,12.0,0.0,"12,12,12,12,12,12,12,12,12,12","0:8-1,8-4,8-12,7-1,8-11,14-1;1:5-4,5-12,3-4,0-4,13-4,7-4;2:5-4,5-12;3:0-4;4:8-1,8-4,8-12,8-11,8-6,8-0;5:0-4;6:10-1,10-12,3-12,8-12;7:13-4,12-4,0-4,4-12,6-4,5-4;8:13-4,12-4,4-12,9-4,0-4,6-4;9:5-4,3-4,10-4,0-4,14-4,13-4"
25,proposed_c2f_adaptive_pd,3,10,0.3,17,300,0.056666666666666664,36,30,6,19200.0,32.0,22.576594195129047,1.7195538030681767,1.0,3,1,0.0,0.0,0.0,0.0,0.0,0.0,0.0,0.0,0.0,0.0,97855.0,97855.0,0.0,2.0,1.0,12.0,0.0,"10,10,10,10,10,10,10,10,10,10","0:0-12,0-4,0-10,13-10,8-10,14-10;1:2-10;2:4-12;3:12-1,4-12,4-1,13-12,12-4,10-12;4:6-2,7-2,5-2,11-2,7-1,6-1;5:13-12,0-1,0-4,8-12,13-4,0-2;6:14-4;7:13-12,0-12,13-4,13-1,8-12,0-1;8:7-2;9:10-4,4-10"
26,proposed_c2f_adaptive_pd,9,10,0.9,13,300,0.043333333333333335,33,21,12,13440.0,22.4,1064.4030872108328,45.370217930812565,1.0,1,1,0.0,0.0,0.0,0.0,0.0,0.0,0.0,0.0,0.0,0.0,187572.0,187572.0,0.0,3.0,1.0,8.0,0.0,"2,2,2,2,2,2,2,2,2,2","0:12-2,13-2,6-2,14-2;1:6-12,12-14,1-14,14-12,6-14,12-6;2:1-6;3:13-2;4:5-6;5:4-11;6:1-6,1-2,5-2,11-2,4-2,6-2;7:1-6,6-1,5-1,1-14,1-2,11-1;8:13-2;9:12-14,14-12,6-12,1-14,6-14,12-6"
27,proposed_c2f_adaptive_pd,8,10,0.8,15,300,0.05,36,21,15,13440.0,22.4,84.08869799216066,14.896702990498326,1.0,7,1,0.0,0.0,0.0,0.0,0.0,0.0,0.0,0.0,0.0,0.0,203395.0,203395.0,0.0,4.0,1.0,9.0,0.0,"5,5,5,5,5,5,5,5,5,5","0:0-5;1:9-8,9-13,1-13,8-1,8-12,1-8;2:0-5;3:7-12,7-5,12-5,0-5,8-5,3-5;4:9-1;5:0-14;6:3-13,13-5,3-5,1-5,9-5,0-5;7:7-12,8-12;8:7-12,12-7,8-12,5-12,12-5,13-12;9:8-12,8-14,8-2,8-5,12-5,12-8"
28,proposed_c2f_adaptive_pd,9,10,0.9,19,300,0.06333333333333334,24,10,14,6400.0,10.666666666666668,8768.237510212099,31.971485811554032,0.875,5,0,0.0,0.0,0.0,0.0,0.0,0.0,0.0,0.0,0.0,0.0,189653.0,189653.0,0.0,4.0,1.0,7.0,0.0,"12,12,12,12,12,12,12,12,12,12","0:0-12;1:1-12;2:0-3;3:3-7,7-12,3-12,11-12,0-12,5-12;4:11-12;5:1-4,10-4,10-9,1-9,10-14,5-4;6:0-12;7:11-12;8:1-0,0-12,1-12,5-12,10-12;9:1-5"
29,proposed_c2f_adaptive_pd,9,10,0.9,13,300,0.043333333333333335,35,17,18,10880.0,18.133333333333333,247.864287291246,89.53889943291624,1.0,2,1,0.0,0.0,0.0,0.0,0.0,0.0,0.0,0.0,0.0,0.0,116825.0,116825.0,0.0,2.0,1.0,10.0,0.0,"7,7,7,7,7,7,7,7,7,7","0:3-7;1:3-5;2:4-11,4-0,11-0,4-7,3-0,11-7;3:1-7;4:4-5,11-5,5-11,5-12,5-7,4-7;5:0-7,14-7,13-7,6-7,3-7,12-7;6:11-5;7:4-5,11-5,4-7,3-7,11-7,5-7;8:6-5;9:14-0,3-0,14-13,14-7,13-0,3-7"
30,proposed_c2f_adaptive_pd,7,10,0.7,11,300,0.03666666666666667,35,19,16,12160.0,20.26666666666667,338.5198776736657,15.24703506476996,1.0,2,1,0.0,0.0,0.0,0.0,0.0,0.0,0.0,0.0,0.0,0.0,109297.0,109297.0,0.0,2.0,1.0,12.0,0.0,"4,4,4,4,4,4,4,4,4,4","0:0-3;1:1-0;2:8-14,10-9,7-9,5-14,5-9,8-3;3:5-14,10-14,5-4,12-4,8-4,14-4;4:11-4;5:1-0,1-14,0-4,1-4,12-4,2-4;6:11-4;7:2-13;8:2-0,2-4,0-4,11-4,14-4,12-4;9:7-9,5-9,10-9,4-9,7-6,9-4"
31,proposed_c2f_adaptive_pd,8,10,0.8,14,300,0.04666666666666667,38,13,25,8320.0,13.866666666666667,3241.080710380483,84.86491344981675,0.9736842105263158,2,0,0.0,0.0,0.0,0.0,0.0,0.0,0.0,0.0,0.0,0.0,110516.0,110516.0,0.0,2.0,1.0,11.0,0.0,"13,13,13,13,13,13,13,13,13,13","0:0-13;1:0-13,13-7;2:6-11,6-5,11-6,10-6,14-6,5-6;3:5-13,3-13,11-13,6-13,0-13,14-13;4:0-13,9-13,3-13,5-13,11-13,1-13;5:8-13;6:1-13;7:0-7,0-13,9-13,0-12,9-7,9-12;8:9-13,0-12,0-13,0-7,3-13,1-13;9:3-13,11-13,6-13"
32,proposed_c2f_adaptive_pd,8,10,0.8,15,300,0.05,28,17,11,10880.0,18.133333333333333,163.7617366425863,19.982738906319327,1.0,6,1,0.0,0.0,0.0,0.0,0.0,0.0,0.0,0.0,0.0,0.0,213751.0,213751.0,0.0,4.0,1.0,10.0,0.0,"3,3,3,3,3,3,3,3,3,3","0:2-12;1:9-12;2:1-3,1-12,8-3,6-3,2-3;3:1-3,8-3,6-3,13-3;4:1-12,1-3,8-12,8-3,8-13,1-4;5:8-14,6-14;6:10-11,9-11,0-11,11-14,6-11,14-11;7:2-13;8:1-3;9:2-13"
33,proposed_c2f_adaptive_pd,10,10,1.0,15,300,0.05,40,23,17,14720.0,24.533333333333335,361.1419094627981,78.9014848300298,0.9,0,1,0.0,0.0,0.0,0.0,0.0,0.0,0.0,0.0,0.0,0.0,174517.0,174517.0,0.0,3.0,1.0,11.0,0.0,"2,2,2,2,2,2,2,2,2,2","0:0-14,4-14,7-14,9-14,6-14,0-8;1:13-10;2:1-2,1-8,5-2,10-2,7-2,4-2;3:9-14,9-8,7-14,0-14,7-8,0-8;4:6-2,9-2,4-2,7-2,0-2,3-2;5:12-10,12-13,3-10,13-10,12-2,12-8;6:3-13,3-11,3-2,12-2,13-2,9-2;7:9-14;8:10-2;9:0-14"
34,proposed_c2f_adaptive_pd,9,10,0.9,17,300,0.056666666666666664,28,21,7,13440.0,22.4,281.5816324970191,106.23471019404872,1.0,4,1,0.0,0.0,0.0,0.0,0.0,0.0,0.0,0.0,0.0,0.0,203904.0,203904.0,0.0,3.0,1.0,6.0,0.0,"13,13,13,13,13,13,13,13,13,13","0:9-4,9-11,11-4,4-11,12-4,9-5;1:11-4;2:1-13;3:4-1,1-13,4-13,9-13;4:9-1,9-0,12-0,0-1,9-6,9-14;5:4-1,9-1,1-7,1-13,4-13,9-13;6:0-8;7:0-4;8:12-5;9:12-1"
35,proposed_c2f_adaptive_pd,6,10,0.6,21,300,0.07,33,17,16,10880.0,18.133333333333333,62.30754837265083,7.436015307295764,0.9696969696969697,8,0,0.0,0.0,0.0,0.0,0.0,0.0,0.0,0.0,0.0,0.0,181865.0,181865.0,0.0,3.0,1.0,11.0,0.0,"14,14,14,14,14,14,14,14,14,14","0:1-14,9-14;1:0-4,0-13,0-1,0-10,7-4,0-14;2:9-14;3:13-10,10-13,1-10,4-10,13-14,10-14;4:9-14,12-14,1-14,8-14,4-14,6-14;5:0-4,7-14,0-14;6:4-1;7:6-14;8:8-9,0-9,8-4,8-1,2-9,7-9;9:9-14"
36,proposed_c2f_adaptive_pd,5,10,0.5,17,300,0.056666666666666664,25,18,7,11520.0,19.200000000000003,7845.657991256824,21.678072608685877,1.0,4,1,0.0,0.0,0.0,0.0,0.0,0.0,0.0,0.0,0.0,0.0,373472.0,373472.0,0.0,6.0,1.0,6.0,0.0,"10,10,10,10,10,10,10,10,10,10","0:13-9,9-13,1-9,9-1,9-2,12-9;1:12-0;2:1-4;3:11-9,3-9,11-3,11-10,3-10,9-10;4:13-9,1-9,9-13,9-1,12-9,11-9;5:1-10;6:1-10;7:13-10;8:1-10;9:3-11"
37,proposed_c2f_adaptive_pd,7,10,0.7,12,270,0.044444444444444446,40,29,11,18560.0,30.933333333333334,213.64123462649172,7.6279115752379845,0.85,8,0,0.0,0.0,0.0,0.0,0.0,0.0,0.0,0.0,0.0,0.0,160026.0,160026.0,0.0,3.0,1.0,10.0,0.0,"9,9,9,9,9,9,9,9,9,9","0:1-9;1:4-12,4-1,4-8,4-3,8-12,4-9;2:11-2,14-2,7-2,9-2,14-11,9-11;3:1-9;4:6-3,4-3,3-9,6-9,4-9,12-9;5:1-9;6:1-9;7:4-3,12-3,3-12,4-12,3-2,8-3;8:4-12,4-1,1-12,4-8,8-12,12-1;9:6-2,6-3,3-2,6-9,6-12,3-9"
38,proposed_c2f_adaptive_pd,10,10,1.0,10,300,0.03333333333333333,23,15,8,9600.0,16.0,2994.513288180671,171.71015795599928,1.0,5,1,0.0,0.0,0.0,0.0,0.0,0.0,0.0,0.0,0.0,0.0,313473.0,313473.0,0.0,5.0,1.0,9.0,0.0,"12,12,12,12,12,12,12,12,12,12","0:14-9,9-14;1:1-9;2:6-4,4-3,3-4,4-12,3-12,6-12;3:7-12;4:4-12;5:4-3,3-4,8-3,6-3,8-4,6-4;6:7-12,12-7;7:9-11;8:9-13;9:6-12,4-12"
39,proposed_c2f_adaptive_pd,8,10,0.8,19,300,0.06333333333333334,25,14,11,8960.0,14.933333333333334,1559.451810614209,110.89075268921518,0.96,2,1,0.0,0.0,0.0,0.0,0.0,0.0,0.0,0.0,0.0,0.0,158090.0,158090.0,0.0,3.0,1.0,11.0,0.0,"5,5,5,5,5,5,5,5,5,5","0:9-14,14-5,8-5,9-5;1:3-5;2:0-1,10-1,5-1;3:0-10;4:2-5;5:3-5;6:8-5;7:9-12,12-14,9-7,2-12,14-12,9-14;8:9-12,2-12,12-5,9-5,2-5,7-5;9:13-0"
40,proposed_c2f_adaptive_pd,8,10,0.8,6,270,0.022222222222222223,25,14,11,8960.0,14.933333333333334,1128.6224908066692,30.77561643668261,0.96,1,1,0.0,0.0,0.0,0.0,0.0,0.0,0.0,0.0,0.0,0.0,219697.0,219697.0,0.0,4.0,1.0,8.0,0.0,"4,4,4,4,4,4,4,4,4,4","0:6-11;1:11-13,14-13,5-13,13-11,9-13,13-9;2:0-1;3:5-9,9-4,14-4,5-4,13-4,11-4;4:0-4;5:11-13;6:3-11;7:14-13,14-4,13-4,5-4,9-4,11-4;8:3-6;9:6-11"
41,proposed_c2f_adaptive_pd,7,10,0.7,17,300,0.056666666666666664,24,18,6,11520.0,19.200000000000003,1083.6475164319777,30.855262993186727,1.0,4,1,0.0,0.0,0.0,0.0,0.0,0.0,0.0,0.0,0.0,0.0,222370.0,222370.0,0.0,4.0,1.0,9.0,0.0,"11,11,11,11,11,11,11,11,11,11","0:2-11;1:10-11;2:10-11;3:3-0;4:13-1,3-1,13-4,1-4,3-4,3-13;5:9-4,6-4,1-4,4-12;6:3-11;7:13-0;8:3-1,13-1;9:10-2,2-0,5-2,2-11,5-0,5-11"
42,proposed_c2f_adaptive_pd,10,10,1.0,23,300,0.07666666666666666,30,12,18,7680.0,12.8,1170.5353037195923,206.0704170565313,1.0,6,1,0.0,0.0,0.0,0.0,0.0,0.0,0.0,0.0,0.0,0.0,200070.0,200070.0,0.0,4.0,1.0,10.0,0.0,"10,10,10,10,10,10,10,10,10,10","0:5-11,14-0,11-0,14-11,11-10,5-10;1:0-10;2:4-8,8-10,4-10,6-10,1-10,2-10;3:0-10;4:4-10;5:3-10;6:3-8,3-11,3-1,14-8,14-11,11-3;7:2-10;8:14-10;9:3-8,8-10,3-10,4-10,1-10,6-10"
43,proposed_c2f_adaptive_pd,9,10,0.9,14,300,0.04666666666666667,33,15,18,9600.0,16.0,314.22058145613005,49.53749296201076,1.0,2,1,0.0,0.0,0.0,0.0,0.0,0.0,0.0,0.0,0.0,0.0,107672.0,107672.0,0.0,2.0,1.0,12.0,0.0,"2,2,2,2,2,2,2,2,2,2","0:8-3,8-2,3-2,9-2;1:7-2;2:5-2,10-2,5-4,5-1,10-4,2-4;3:0-6,14-6,6-2,0-2,13-2,14-2;4:5-2;5:5-6;6:14-6,6-2,14-2,13-2,0-2,11-2;7:8-7,8-11,8-3,8-14,8-4,8-2;8:14-2;9:6-12"
44,proposed_c2f_adaptive_pd,9,10,0.9,13,300,0.043333333333333335,25,12,13,7680.0,12.8,7322.266790629187,198.24240480052416,1.0,9,1,0.0,0.0,0.0,0.0,0.0,0.0,0.0,0.0,0.0,0.0,339349.0,339349.0,0.0,6.0,1.0,6.0,0.0,"13,13,13,13,13,13,13,13,13,13","0:2-13;1:0-13,2-13;2:2-11;3:0-13;4:12-13;5:2-13,6-13;6:0-8,2-8,0-3,0-13;7:11-14,14-11,6-14,14-13,11-13,6-13;8:2-13;9:6-0,0-6,6-14,0-14,2-6,0-13"
45,proposed_c2f_adaptive_pd,6,10,0.6,14,300,0.04666666666666667,35,22,13,14080.0,23.46666666666667,171.32789944913364,9.184850391614395,0.8857142857142857,9,0,0.0,0.0,0.0,0.0,0.0,0.0,0.0,0.0,0.0,0.0,158822.0,158822.0,0.0,3.0,1.0,11.0,0.0,"10,10,10,10,10,10,10,10,10,10","0:2-3;1:9-4;2:13-1,13-14,13-4,6-1,14-1,9-4;3:11-10;4:6-1,6-10,6-0,1-10,11-10,14-10;5:10-1,11-1,1-10,11-10,6-10,12-10;6:2-3,2-12,2-4,2-10,3-10,12-10;7:9-1;8:2-3;9:6-1,6-0,13-1,14-1,4-1,6-10"
46,proposed_c2f_adaptive_pd,7,10,0.7,6,300,0.02,31,14,17,8960.0,14.933333333333334,2540.9565538124325,34.37999412533303,0.967741935483871,6,1,0.0,0.0,0.0,0.0,0.0,0.0,0.0,0.0,0.0,0.0,80144.0,80144.0,0.0,2.0,1.0,12.0,0.0,"7,7,7,7,7,7,7,7,7,7","0:3-12,3-7;1:0-5;2:1-9,0-9,13-9,0-7,1-7,13-7;3:2-12;4:14-9,14-11,14-7,9-14,9-7,11-7;5:11-7;6:7-12,12-7,2-7,11-7,7-2,14-12;7:4-6,3-6,6-7,4-7,3-7,0-7;8:6-7;9:9-7"
47,proposed_c2f_adaptive_pd,7,10,0.7,18,270,0.06666666666666667,15,14,1,8960.0,14.933333333333334,59.38545461076711,11.170944816329733,0.9333333333333333,3,1,0.0,0.0,0.0,0.0,0.0,0.0,0.0,0.0,0.0,0.0,156813.0,156813.0,0.0,4.0,1.0,8.0,0.0,"2,2,2,2,2,2,2,2,2,2","0:7-2;1:5-3;2:2-0;3:11-14,5-14,6-14,11-8,5-0,5-4;4:4-7;5:8-4;6:5-6;7:5-3;8:5-3;9:10-3"
48,proposed_c2f_adaptive_pd,8,10,0.8,15,300,0.05,17,12,5,7680.0,12.8,416.57734378970906,65.608983735466,1.0,7,1,0.0,0.0,0.0,0.0,0.0,0.0,0.0,0.0,0.0,0.0,126687.0,126687.0,0.0,3.0,1.0,7.0,0.0,"14,14,14,14,14,14,14,14,14,14","0:0-11;1:1-2;2:0-1;3:0-14,0-2;4:10-0;5:1-14;6:0-11,0-14;7:11-6,4-11,5-11,0-11,11-5,11-14;8:2-14;9:1-8"
49,proposed_c2f_adaptive_pd,5,10,0.5,15,300,0.05,32,16,16,10240.0,17.066666666666666,86.59570709395592,16.23595799650166,0.96875,6,1,0.0,0.0,0.0,0.0,0.0,0.0,0.0,0.0,0.0,0.0,212411.0,212411.0,0.0,3.0,1.0,11.0,0.0,"1,1,1,1,1,1,1,1,1,1","0:0-3;1:6-1,6-11,13-1,8-1;2:11-3;3:8-11,13-6,13-11,13-1,8-6,8-1;4:6-1;5:3-1,6-1;6:2-9,8-9,2-7,8-7,14-2,14-9;7:5-7,5-1,9-1,14-1,2-1,6-1;8:1-4,3-1,5-1,9-1;9:0-11"
50,proposed_c2f_adaptive_pd,5,10,0.5,12,300,0.04,45,29,16,18560.0,30.933333333333334,485.25300820065684,4.00128150615108,1.0,6,0,0.0,0.0,0.0,0.0,0.0,0.0,0.0,0.0,0.0,0.0,95241.0,95241.0,0.0,2.0,1.0,12.0,0.0,"1,1,1,1,1,1,1,1,1,1","0:4-2,4-1,5-1,6-1,2-1,12-1;1:13-14,13-11,11-14,11-2,11-1,3-2;2:12-2,11-2,4-2,1-2,2-1,12-1;3:4-2;4:11-14;5:5-2,6-2,6-14,5-14,3-2,6-11;6:3-2,3-14,6-2,3-1,6-14,10-2;7:7-2;8:13-14,13-1,13-11,13-2,10-1,6-1;9:13-14,14-1,10-14,13-1,10-1,7-1"
51,proposed_c2f_adaptive_pd,8,10,0.8,11,300,0.03666666666666667,31,14,17,8960.0,14.933333333333334,324.85815604442854,12.058557741962918,1.0,8,0,0.0,0.0,0.0,0.0,0.0,0.0,0.0,0.0,0.0,0.0,202535.0,202535.0,0.0,4.0,1.0,10.0,0.0,"0,0,0,0,0,0,0,0,0,0","0:3-0,1-0;1:13-0;2:5-0;3:1-3;4:4-5;5:3-2,2-0,3-0,1-0,7-0,13-0;6:12-9,12-0,9-0,3-0,5-0,7-0;7:1-3,1-2,3-2,3-0,1-0,2-0;8:13-4,13-2,13-7,10-7,13-5,10-4;9:9-12"
52,proposed_c2f_adaptive_pd,6,10,0.6,11,270,0.040740740740740744,26,12,14,7680.0,12.8,457.303016553081,53.93995034232374,0.9615384615384616,3,1,0.0,0.0,0.0,0.0,0.0,0.0,0.0,0.0,0.0,0.0,161184.0,161184.0,0.0,3.0,1.0,11.0,0.0,"5,5,5,5,5,5,5,5,5,5","0:2-4;1:8-5;2:0-10;3:12-2,3-2,3-4,12-0,12-6,12-11;4:0-4,2-5;5:13-6,13-5,6-5,14-5,8-5,0-5;6:14-5;7:11-5;8:4-5;9:4-11,11-4,11-5,4-5,2-5,9-5"
53,proposed_c2f_adaptive_pd,9,10,0.9,14,300,0.04666666666666667,26,10,16,6400.0,10.666666666666668,3336.66278598039,511.3107141098135,1.0,5,1,0.0,0.0,0.0,0.0,0.0,0.0,0.0,0.0,0.0,0.0,165313.0,165313.0,0.0,4.0,1.0,10.0,0.0,"1,1,1,1,1,1,1,1,1,1","0:0-1;1:5-1;2:11-10;3:5-1;4:13-1;5:11-5,11-10,3-10,11-0,11-14,11-1;6:8-6,8-1,6-1,7-1,13-1,12-1;7:7-13,7-6,7-1,12-1,4-1,6-1;8:0-1;9:11-10,3-1"
54,proposed_c2f_adaptive_pd,9,10,0.9,11,300,0.03666666666666667,44,30,14,19200.0,32.0,350.56291879662723,39.45628467023134,1.0,8,1,0.0,0.0,0.0,0.0,0.0,0.0,0.0,0.0,0.0,0.0,170566.0,170566.0,0.0,2.0,1.0,12.0,0.0,"1,1,1,1,1,1,1,1,1,1","0:14-1,2-1,2-14,1-14,10-1;1:4-3,4-8,4-12,4-9,4-11,4-1;2:13-1,5-1,9-1,3-1,8-1,2-1;3:4-3,4-9,4-11,3-9,3-11,5-3;4:6-14,14-1;5:5-13,13-11,13-1,5-1;6:14-1;7:0-8,4-8,0-9,4-12,0-4,4-9;8:4-9,4-8,0-9,8-9,4-11,4-3;9:2-14,10-14"
55,proposed_c2f_adaptive_pd,8,10,0.8,11,270,0.040740740740740744,11,7,4,4480.0,7.466666666666667,85.48059274654064,54.92390940919083,0.9090909090909091,0,0,0.0,0.0,0.0,0.0,0.0,0.0,0.0,0.0,0.0,0.0,134429.0,134429.0,0.0,4.0,1.0,3.0,0.0,"4,4,4,4,4,4,4,4,4,4","0:3-5;1:3-10;2:2-9;3:4-7;4:3-5;5:3-4;6:3-4;7:2-4;8:3-5;9:3-4,3-5"
56,proposed_c2f_adaptive_pd,7,10,0.7,14,300,0.04666666666666667,26,16,10,10240.0,17.066666666666666,724.3179015814684,7.820164712792921,1.0,4,1,0.0,0.0,0.0,0.0,0.0,0.0,0.0,0.0,0.0,0.0,144650.0,144650.0,0.0,3.0,1.0,8.0,0.0,"2,2,2,2,2,2,2,2,2,2","0:3-2,1-2;1:9-4,5-4,0-4,13-4,9-2,4-2;2:0-3,13-0,13-3,13-9,14-0,13-2;3:14-2;4:13-9,13-0,0-9,9-0,13-4,9-4;5:3-8;6:3-2;7:13-2;8:1-2;9:1-2"
57,proposed_c2f_adaptive_pd,9,10,0.9,14,300,0.04666666666666667,15,9,6,5760.0,9.600000000000001,866.7822744174255,57.780170525675715,1.0,3,1,0.0,0.0,0.0,0.0,0.0,0.0,0.0,0.0,0.0,0.0,133617.0,133617.0,0.0,3.0,1.0,6.0,0.0,"5,5,5,5,5,5,5,5,5,5","0:2-0;1:2-3;2:10-5;3:7-6,6-7,2-6,0-6,6-9,6-0;4:6-5;5:0-5;6:1-5;7:0-2;8:0-5;9:0-5"
58,proposed_c2f_adaptive_pd,10,10,1.0,9,300,0.03,30,16,14,10240.0,17.066666666666666,662.42244492695,89.46042477173967,0.9666666666666667,8,1,0.0,0.0,0.0,0.0,0.0,0.0,0.0,0.0,0.0,0.0,380246.0,380246.0,0.0,6.0,1.0,6.0,0.0,"13,13,13,13,13,13,13,13,13,13","0:6-13;1:1-7;2:6-1,14-1,1-13,6-13,14-13,0-13;3:1-13;4:10-2,10-7,10-13,10-11,0-13,0-2;5:0-13;6:14-13;7:0-5;8:10-8,0-8,0-5,10-5,10-7,0-4;9:3-6,6-3,3-13,14-13,6-13,1-13"
59,proposed_c2f_adaptive_pd,9,10,0.9,11,300,0.03666666666666667,23,18,5,11520.0,19.200000000000003,448.9163087814388,109.88668880014738,1.0,3,1,0.0,0.0,0.0,0.0,0.0,0.0,0.0,0.0,0.0,0.0,152911.0,152911.0,0.0,3.0,1.0,6.0,0.0,"3,3,3,3,3,3,3,3,3,3","0:10-3;1:1-10,10-1,1-9,1-0,10-9,6-1;2:12-3;3:1-9,10-9,9-10,9-1,1-10,10-1;4:1-2;5:6-3;6:12-7;7:1-3;8:9-0,0-9,10-0,0-3;9:0-7"
60,proposed_c2f_adaptive_pd,6,10,0.6,21,300,0.07,52,30,22,19200.0,32.0,462.89170356653347,6.931891646960935,0.8269230769230769,6,0,0.0,0.0,0.0,0.0,0.0,0.0,0.0,0.0,0.0,0.0,162237.0,162237.0,0.0,2.0,1.0,12.0,0.0,"3,3,3,3,3,3,3,3,3,3","0:1-7,4-7,7-4,7-0,7-11,2-7;1:1-7,7-3,1-3;2:10-3,6-3,8-3,12-3,12-10,2-3;3:9-0,9-3,0-3,9-5,14-3,11-3;4:1-4,7-4,4-3,1-3,7-3,11-3;5:2-10,12-10,6-10,10-3,10-7,12-3;6:1-7,2-7,7-3,1-3,2-3,12-7;7:2-10,1-10,12-10,2-7,6-10,2-3;8:4-11;9:1-7,2-7,7-4,7-11,4-7,7-3"
61,proposed_c2f_adaptive_pd,8,10,0.8,12,300,0.04,40,22,18,14080.0,23.46666666666667,288.5484779739347,25.135179060586882,1.0,1,1,0.0,0.0,0.0,0.0,0.0,0.0,0.0,0.0,0.0,0.0,120688.0,120688.0,0.0,2.0,1.0,12.0,0.0,"4,4,4,4,4,4,4,4,4,4","0:12-13;1:5-6,5-4,1-6,5-1,10-6,4-6;2:5-6,5-4,10-6,4-6,1-6,0-6;3:13-4;4:12-13,13-4,12-4,14-4,3-4,9-4;5:10-3,3-10,9-10,0-10,10-4,0-4;6:7-4;7:7-4;8:7-13,13-7,8-13,14-13,8-7,12-13;9:12-4,9-4,13-4,1-4,14-4,0-4"
62,proposed_c2f_adaptive_pd,9,10,0.9,11,300,0.03666666666666667,30,21,9,13440.0,22.4,1623.3022350981876,35.51029746043319,0.9333333333333333,1,1,0.0,0.0,0.0,0.0,0.0,0.0,0.0,0.0,0.0,0.0,118938.0,118938.0,0.0,2.0,1.0,10.0,0.0,"4,4,4,4,4,4,4,4,4,4","0:10-4;1:7-8,7-11,7-13,2-8,6-7,7-4;2:0-10,10-5,10-4,0-4,5-4,14-4;3:10-4;4:6-7;5:5-4;6:0-5,0-10,10-5,5-10,0-1,0-3;7:9-5;8:3-4;9:9-5,12-5,6-5,9-6,0-5,5-6"
63,proposed_c2f_adaptive_pd,7,10,0.7,18,300,0.06,30,15,15,9600.0,16.0,585.4637110212843,11.866814502179022,1.0,9,0,0.0,0.0,0.0,0.0,0.0,0.0,0.0,0.0,0.0,0.0,214704.0,214704.0,0.0,4.0,1.0,8.0,0.0,"10,10,10,10,10,10,10,10,10,10","0:2-10;1:1-10;2:5-10;3:8-10;4:8-10;5:14-13,14-5,8-14,13-14,14-8,8-13;6:8-10;7:12-2,2-10,8-10,14-10,1-10,9-10;8:8-14,14-8,14-10,8-10,13-10,5-10;9:8-14,14-8,14-13,8-13,14-5,8-5"
64,proposed_c2f_adaptive_pd,7,10,0.7,8,300,0.02666666666666667,22,16,6,10240.0,17.066666666666666,162.90419654815884,55.63798940113331,1.0,4,1,0.0,0.0,0.0,0.0,0.0,0.0,0.0,0.0,0.0,0.0,148457.0,148457.0,0.0,3.0,1.0,10.0,0.0,"9,9,9,9,9,9,9,9,9,9","0:1-14,6-14,1-9;1:8-9;2:10-2,0-2,9-2,7-2,13-2,0-9;3:1-11;4:1-14,11-14,1-11,8-14,14-11,1-9;5:1-14;6:0-9;7:0-5;8:1-8;9:8-9"
65,proposed_c2f_adaptive_pd,7,10,0.7,10,300,0.03333333333333333,22,14,8,8960.0,14.933333333333334,262.699003849678,32.46787724368258,1.0,5,1,0.0,0.0,0.0,0.0,0.0,0.0,0.0,0.0,0.0,0.0,131766.0,131766.0,0.0,3.0,1.0,7.0,0.0,"5,5,5,5,5,5,5,5,5,5","0:3-5,10-5,11-5;1:3-5;2:3-10;3:3-10;4:0-5;5:3-10,10-5,10-0,3-8,2-10,10-13;6:2-4;7:9-0,4-0,9-13,9-5,11-9,0-9;8:0-6;9:0-5"
66,proposed_c2f_adaptive_pd,9,10,0.9,19,300,0.06333333333333334,21,18,3,11520.0,19.200000000000003,12050.750180872501,186.04544285138576,1.0,9,1,0.0,0.0,0.0,0.0,0.0,0.0,0.0,0.0,0.0,0.0,138341.0,138341.0,0.0,3.0,1.0,9.0,0.0,"5,5,5,5,5,5,5,5,5,5","0:5-2;1:0-5;2:1-9;3:14-11,1-11,3-11,11-14,13-11,6-11;4:10-5;5:14-11,10-14;6:14-5;7:3-10;8:1-9;9:13-14,6-14,13-0,6-0,13-11,13-10"
67,proposed_c2f_adaptive_pd,7,10,0.7,15,300,0.05,50,28,22,17920.0,29.866666666666667,240.38055342818694,15.924359475605758,0.94,0,0,0.0,0.0,0.0,0.0,0.0,0.0,0.0,0.0,0.0,0.0,195046.0,195046.0,0.0,3.0,1.0,10.0,0.0,"0,0,0,0,0,0,0,0,0,0","0:3-11,3-12,3-0,3-1,10-12,10-11;1:11-0;2:13-4,5-4,13-0,5-0,7-0,14-0;3:3-12,3-1,3-11,3-0,10-0,13-0;4:12-0;5:13-4,5-4,13-2,13-9,13-0,5-0;6:12-11,8-11,11-0,12-0,8-0,14-0;7:12-11,10-11,11-12,1-11,14-11,10-12;8:8-11,11-0,8-0,12-0,14-0,1-0;9:3-9,3-5,3-0,3-12,3-2,3-11"
68,proposed_c2f_adaptive_pd,3,10,0.3,17,300,0.056666666666666664,60,10,50,6400.0,10.666666666666668,0.28772980076065763,0.000963579761053019,0.9833333333333333,1,0,0.0,0.0,0.0,0.0,0.0,0.0,0.0,0.0,0.0,0.0,35199.0,35199.0,0.0,2.0,1.0,12.0,0.0,"9,9,9,9,9,9,9,9,9,9","0:8-6,8-9,5-9,11-9,0-9,7-9;1:3-9,14-9,12-9,11-9,2-9,8-9;2:14-9,11-9,12-9,3-9,8-9,5-9;3:8-6,8-9,5-9,11-9,14-9,2-9;4:8-9,11-9,5-9,14-9,0-9,7-9;5:7-6,7-9,2-6,2-9,1-9,1-6;6:8-9,8-6,5-9,11-9,0-9,7-9;7:8-9,11-9,5-9,14-9,0-9,7-9;8:5-6,5-9,8-9,11-9,0-9,7-9;9:9-6,7-6,6-9,7-9,0-6,0-9"
69,proposed_c2f_adaptive_pd,8,10,0.8,15,300,0.05,41,29,12,18560.0,30.933333333333334,554.2599150468184,207.86370587520491,1.0,9,0,0.0,0.0,0.0,0.0,0.0,0.0,0.0,0.0,0.0,0.0,184412.0,184412.0,0.0,3.0,1.0,10.0,0.0,"4,4,4,4,4,4,4,4,4,4","0:13-5,6-5,1-5,5-8,13-12,0-5;1:1-8,1-4,13-4,6-4,5-4,2-4;2:9-4;3:9-4,10-4;4:5-12,6-12,1-12,5-4,12-4,1-4;5:2-0;6:12-4;7:0-11,10-11,9-11,11-10,11-7,11-9;8:2-0,0-11,6-11,2-10,2-11,13-11;9:0-11,2-11,10-11,0-10,0-7,2-10"
70,proposed_c2f_adaptive_pd,7,10,0.7,17,300,0.056666666666666664,22,12,10,7680.0,12.8,200.54988525416758,6.269383487553631,1.0,1,1,0.0,0.0,0.0,0.0,0.0,0.0,0.0,0.0,0.0,0.0,171119.0,171119.0,0.0,3.0,1.0,7.0,0.0,"10,10,10,10,10,10,10,10,10,10","0:1-2;1:3-8,8-3,2-8,8-7,1-8,12-8;2:1-10;3:0-10,1-10,7-10;4:1-8;5:1-10;6:2-7,8-7,1-7,7-10,2-10,8-10;7:12-10;8:0-7;9:1-10"
71,proposed_c2f_adaptive_pd,8,10,0.8,9,270,0.03333333333333333,27,11,16,7040.0,11.733333333333334,155.04848856351026,51.3529693848281,0.7777777777777778,6,1,0.0,0.0,0.0,0.0,0.0,0.0,0.0,0.0,0.0,0.0,204101.0,204101.0,0.0,4.0,1.0,9.0,0.0,"12,12,12,12,12,12,12,12,12,12","0:10-12,11-12;1:4-9,4-12,1-12,11-12,10-12,14-12;2:2-10,2-12;3:8-12;4:11-12;5:14-8,14-3,14-6,14-1,1-8,14-12;6:14-1,4-1,14-8,14-6,1-12,14-12;7:3-12;8:8-12;9:0-12"
72,proposed_c2f_adaptive_pd,8,10,0.8,15,300,0.05,50,29,21,18560.0,30.933333333333334,467.17772811962885,10.7934034682754,1.0,4,1,0.0,0.0,0.0,0.0,0.0,0.0,0.0,0.0,0.0,0.0,172242.0,172242.0,0.0,3.0,1.0,11.0,0.0,"3,3,3,3,3,3,3,3,3,3","0:7-3;1:1-3;2:2-13,2-10,2-6,2-3,9-3,6-3;3:8-6,2-3,2-6,11-2,2-13,8-1;4:3-10,9-10,1-10,6-10,2-10,10-3;5:6-10,5-10,2-10,6-3,5-3,12-10;6:9-13,1-13,2-13,1-3,9-3,3-13;7:2-10,2-6,6-2,11-3,6-3,9-3;8:11-10,12-10,11-3,5-10,12-3,12-13;9:9-13,9-3,2-3,6-3,7-3,1-3"
73,proposed_c2f_adaptive_pd,8,10,0.8,19,300,0.06333333333333334,60,31,29,19840.0,33.06666666666667,138.95782450746668,13.19999514282969,0.9833333333333333,3,0,0.0,0.0,0.0,0.0,0.0,0.0,0.0,0.0,0.0,0.0,135489.0,135489.0,0.0,2.0,1.0,12.0,0.0,"5,5,5,5,5,5,5,5,5,5","0:6-1,6-3,6-5,0-1,0-5,0-3;1:14-5,14-10,8-5,12-5,4-5,5-10;2:8-14,8-12,8-5,14-5,12-5,11-5;3:2-3,2-1,2-5,13-5,9-5,11-5;4:6-3,9-3,6-8,6-12,9-1,6-5;5:2-3,9-3,13-3,11-3,4-3,2-1;6:2-8,2-5,13-5,9-5,11-5,4-5;7:2-3,4-3,13-3,2-5,4-8,4-5;8:9-1,9-8,11-1,9-3,9-5,11-5;9:12-5,5-10,1-5,0-5,14-5,8-5"
74,proposed_c2f_adaptive_pd,7,10,0.7,12,300,0.04,48,24,24,15360.0,25.6,111.11807689115737,36.12149111199237,0.9375,6,1,0.0,0.0,0.0,0.0,0.0,0.0,0.0,0.0,0.0,0.0,267040.0,267040.0,0.0,4.0,1.0,10.0,0.0,"0,0,0,0,0,0,0,0,0,0","0:13-11,13-7,13-4,13-8,13-0,13-9;1:5-0,10-0,2-0,5-10,9-0,7-0;2:7-0;3:3-9,3-7,3-5,13-9,3-10,3-0;4:11-8,11-0,4-0,7-0,13-0,3-0;5:6-9,7-9,6-0,9-0;6:6-9,3-9,6-7,9-5,6-5,3-5;7:13-0;8:13-7,13-9,13-0,3-0,7-0,6-0;9:4-8,4-7,4-0,11-0,13-0,7-0"
75,proposed_c2f_adaptive_pd,5,10,0.5,18,270,0.06666666666666667,21,9,12,5760.0,9.600000000000001,82.71947944360095,8.447251134444976,0.9523809523809523,3,1,0.0,0.0,0.0,0.0,0.0,0.0,0.0,0.0,0.0,0.0,120020.0,120020.0,0.0,3.0,1.0,10.0,0.0,"10,10,10,10,10,10,10,10,10,10","0:4-10;1:5-2,2-5,5-10,2-10,9-10,7-10;2:0-12;3:0-2,9-2,11-2,10-2,0-11,2-10;4:7-5;5:4-10;6:0-10,8-10;7:2-10;8:3-10;9:4-10"
76,proposed_c2f_adaptive_pd,9,10,0.9,11,300,0.03666666666666667,43,13,30,8320.0,13.866666666666667,3535.7049251645817,46.61838834854165,1.0,5,0,0.0,0.0,0.0,0.0,0.0,0.0,0.0,0.0,0.0,0.0,216413.0,216413.0,0.0,3.0,1.0,11.0,0.0,"14,14,14,14,14,14,14,14,14,14","0:8-14,8-12,1-8,2-8,1-14,2-14;1:11-14;2:0-14,5-14,4-14;3:1-8,1-14,5-14,8-14,2-14,4-14;4:5-8,1-8,8-14,5-14,1-14,2-14;5:3-9,4-9,1-9,2-9,11-14,13-14;6:5-8,1-8,8-14,5-14,1-14,2-14;7:0-14,10-14;8:11-14;9:1-8,1-14,2-14,4-14,0-14,6-14"
77,proposed_c2f_adaptive_pd,7,10,0.7,9,270,0.03333333333333333,21,15,6,9600.0,16.0,83.1254459338245,12.828790047022721,0.9523809523809523,9,1,0.0,0.0,0.0,0.0,0.0,0.0,0.0,0.0,0.0,0.0,124570.0,124570.0,0.0,3.0,1.0,9.0,0.0,"5,5,5,5,5,5,5,5,5,5","0:0-4,12-4;1:0-4;2:3-8,11-8,7-8,4-8,2-8,0-8;3:11-5;4:4-5;5:0-5;6:0-5;7:1-5;8:2-5;9:3-8,11-8,4-8,7-8,2-8,5-8"
78,proposed_c2f_adaptive_pd,9,10,0.9,11,300,0.03666666666666667,35,26,9,16640.0,27.733333333333334,430.0993169583477,99.5273025583504,0.8571428571428571,5,1,0.0,0.0,0.0,0.0,0.0,0.0,0.0,0.0,0.0,0.0,263106.0,263106.0,0.0,4.0,1.0,9.0,0.0,"9,9,9,9,9,9,9,9,9,9","0:13-9;1:1-9;2:14-4;3:13-8,8-4,8-9,13-9,14-9,0-9;4:8-14,14-4,0-14,14-2,0-4,14-11;5:12-6,6-12,6-2,6-7,6-9,6-11;6:1-9;7:0-3,10-3,1-3,3-6,3-1,6-3;8:10-6,12-6,6-12,1-6,3-6,6-3;9:8-9"
79,proposed_c2f_adaptive_pd,7,10,0.7,15,300,0.05,22,16,6,10240.0,17.066666666666666,181.39801687896173,44.161726828524,1.0,6,0,0.0,0.0,0.0,0.0,0.0,0.0,0.0,0.0,0.0,0.0,198308.0,198308.0,0.0,3.0,1.0,7.0,0.0,"0,0,0,0,0,0,0,0,0,0","0:14-0;1:6-0;2:14-5;3:8-14;4:4-10;5:0-2;6:14-10,8-14,14-5,1-10,8-5,10-14;7:4-6,6-10,6-4,6-12,4-0,6-0;8:4-0,4-10;9:4-10,4-0"
80,proposed_c2f_adaptive_pd,7,10,0.7,8,300,0.02666666666666667,16,7,9,4480.0,7.466666666666667,399.8821405934537,282.9854309828637,1.0,1,1,0.0,0.0,0.0,0.0,0.0,0.0,0.0,0.0,0.0,0.0,114019.0,114019.0,0.0,3.0,1.0,8.0,0.0,"5,5,5,5,5,5,5,5,5,5","0:9-5;1:1-11,11-1,1-0,12-11,11-0,8-11;2:4-3;3:9-5;4:1-5;5:12-5;6:0-5;7:12-5;8:12-5;9:14-5,12-5"
81,proposed_c2f_adaptive_pd,10,10,1.0,15,300,0.05,18,15,3,9600.0,16.0,492.8649105627359,309.89507950918596,1.0,5,1,0.0,0.0,0.0,0.0,0.0,0.0,0.0,0.0,0.0,0.0,262827.0,262827.0,0.0,5.0,1.0,6.0,0.0,"0,0,0,0,0,0,0,0,0,0","0:1-5;1:0-13;2:5-6;3:1-12;4:10-0,0-10;5:10-3,1-3,3-10,3-9,3-11,8-3;6:8-0,5-14;7:10-3,1-10;8:5-0;9:5-13"
82,proposed_c2f_adaptive_pd,8,10,0.8,18,300,0.06,31,12,19,7680.0,12.8,93.41302905148666,24.808971959624337,0.8709677419354839,4,0,0.0,0.0,0.0,0.0,0.0,0.0,0.0,0.0,0.0,0.0,104737.0,104737.0,0.0,2.0,1.0,12.0,0.0,"3,3,3,3,3,3,3,3,3,3","0:5-3,10-3,3-10,3-5,0-3,9-3;1:0-3,10-3;2:1-3;3:8-9,8-3,1-3,6-3,0-3,10-3;4:12-9,12-8,2-8,2-9,12-11,12-3;5:0-3;6:6-9;7:10-3;8:7-8,14-8,8-3,7-3,14-3,12-3;9:8-9"
83,proposed_c2f_adaptive_pd,8,10,0.8,19,270,0.07037037037037037,34,19,15,12160.0,20.26666666666667,1041.6257685107526,116.66731663775062,0.9411764705882353,0,0,0.0,0.0,0.0,0.0,0.0,0.0,0.0,0.0,0.0,0.0,192602.0,192602.0,0.0,3.0,1.0,10.0,0.0,"8,8,8,8,8,8,8,8,8,8","0:3-0,3-5,3-2,3-6,3-8,3-7;1:14-8;2:0-8,14-8;3:1-8;4:6-7,7-5,7-6,5-7,5-8,6-8;5:13-9,13-8,1-8,14-8,0-8,2-8;6:3-14,1-14,3-13,14-13,13-14,1-13;7:8-11,14-8,0-8,2-8;8:0-2;9:0-2"
84,proposed_c2f_adaptive_pd,8,10,0.8,11,300,0.03666666666666667,46,31,15,19840.0,33.06666666666667,53644.09835475937,31.91914308496623,1.0,6,0,0.0,0.0,0.0,0.0,0.0,0.0,0.0,0.0,0.0,0.0,117627.0,117627.0,0.0,2.0,1.0,12.0,0.0,"4,4,4,4,4,4,4,4,4,4","0:7-4;1:0-5,0-3,5-3,0-4,0-1,2-3;2:12-4;3:11-1,10-1,1-11,12-11,10-11,8-1;4:13-3,7-3,13-4,7-4,12-4,14-4;5:12-4,1-4;6:2-3,2-4,0-3,2-5,0-5,3-4;7:14-11,11-14,8-11,11-8,12-11,11-4;8:11-1,12-1,1-11,11-4,1-4,12-4;9:5-3,0-3,13-3,2-3,0-5,3-5"
85,proposed_c2f_adaptive_pd,7,10,0.7,9,270,0.03333333333333333,31,30,1,19200.0,32.0,469.82773717465545,9.927574472577435,0.967741935483871,9,1,0.0,0.0,0.0,0.0,0.0,0.0,0.0,0.0,0.0,0.0,73525.0,73525.0,0.0,2.0,1.0,12.0,0.0,"1,1,1,1,1,1,1,1,1,1","0:5-12,9-12;1:4-2,13-2,4-13,2-13,5-2,9-2;2:2-13;3:2-13;4:3-11;5:3-2;6:5-13,5-12,6-12,5-2,6-2,9-13;7:5-12,13-12,5-13,6-12,6-13,9-12;8:4-2;9:0-1,1-0,11-0,3-0,10-0,12-0"
86,proposed_c2f_adaptive_pd,9,10,0.9,14,300,0.04666666666666667,35,21,14,13440.0,22.4,23684.60099097275,548.6188112945563,1.0,7,1,0.0,0.0,0.0,0.0,0.0,0.0,0.0,0.0,0.0,0.0,251065.0,251065.0,0.0,4.0,1.0,10.0,0.0,"6,6,6,6,6,6,6,6,6,6","0:0-1,14-1,14-6,0-6,8-6,5-6;1:8-6;2:2-13;3:8-5,5-8,4-5,4-8,9-5,5-6;4:12-2,12-13,4-2,13-2,12-7,12-8;5:14-6;6:4-8;7:0-14,14-0,14-1,0-1,14-6,0-2;8:9-8,9-6,13-6,12-6,7-6,8-6;9:14-6"
87,proposed_c2f_adaptive_pd,7,10,0.7,8,240,0.03333333333333333,26,14,12,8960.0,14.933333333333334,4227.704055807234,17.731534273100948,0.7307692307692307,3,0,0.0,0.0,0.0,0.0,0.0,0.0,0.0,0.0,0.0,0.0,257456.0,257456.0,0.0,5.0,1.0,8.0,0.0,"6,6,6,6,6,6,6,6,6,6","0:8-5,14-5,8-6,5-6,7-6,14-6;1:8-5;2:13-9;3:14-0,7-0,8-3,0-3,14-3,14-6;4:1-9;5:1-2;6:9-2;7:0-6,7-6;8:0-6;9:14-0,0-6,8-6,14-6,0-3,7-6"
88,proposed_c2f_adaptive_pd,5,10,0.5,13,270,0.04814814814814815,26,9,17,5760.0,9.600000000000001,198.28903596742458,10.440560250637644,0.9615384615384616,1,1,0.0,0.0,0.0,0.0,0.0,0.0,0.0,0.0,0.0,0.0,165592.0,165592.0,0.0,3.0,1.0,9.0,0.0,"6,6,6,6,6,6,6,6,6,6","0:2-6;1:8-14,14-11,9-14,0-14,11-14,14-9;2:9-7,8-6;3:8-9,9-6,8-6,3-6,0-6,14-6;4:3-6;5:7-2,7-6,9-6,11-6,8-6,1-6;6:7-6;7:11-6;8:1-6;9:2-6"
89,proposed_c2f_adaptive_pd,8,10,0.8,7,300,0.023333333333333334,28,20,8,12800.0,21.333333333333336,108.07485292564414,40.372701884258404,1.0,0,1,0.0,0.0,0.0,0.0,0.0,0.0,0.0,0.0,0.0,0.0,126437.0,126437.0,0.0,3.0,1.0,9.0,0.0,"8,8,8,8,8,8,8,8,8,8","0:4-9,4-6,1-9,9-4,9-11,5-9;1:1-14;2:1-7,7-14,7-13,1-14,7-8,7-4;3:4-9,9-4,4-6,14-9,1-9,4-14;4:3-8;5:7-8;6:5-13;7:2-8;8:2-8,2-0,3-8,13-8;9:9-8"
90,proposed_c2f_adaptive_pd,8,10,0.8,16,300,0.05333333333333334,30,21,9,13440.0,22.4,1780.7303304007407,22.08846521229912,1.0,4,1,0.0,0.0,0.0,0.0,0.0,0.0,0.0,0.0,0.0,0.0,211459.0,211459.0,0.0,4.0,1.0,9.0,0.0,"11,11,11,11,11,11,11,11,11,11","0:13-11;1:1-5;2:1-11;3:0-11;4:0-8,12-8,13-8,8-11,8-6,12-11;5:9-10,9-5,9-7,7-10,7-5,9-11;6:0-8,13-8,12-8,8-11,1-8,13-11;7:2-11;8:13-8,2-8,7-8,1-8,4-8,0-8;9:1-8"
91,proposed_c2f_adaptive_pd,7,10,0.7,14,300,0.04666666666666667,45,30,15,19200.0,32.0,11577.58827067001,110.27129698119487,1.0,7,0,0.0,0.0,0.0,0.0,0.0,0.0,0.0,0.0,0.0,0.0,229581.0,229581.0,0.0,3.0,1.0,8.0,0.0,"4,4,4,4,4,4,4,4,4,4","0:8-14,3-14,7-14,14-8,11-14,14-3;1:6-3,3-6,3-4,6-4,7-4,8-4;2:0-4;3:8-14,3-14,8-3,11-14,14-8,6-14;4:11-14,13-14,14-4,11-4,13-4,8-4;5:6-3;6:13-0,11-0,0-4,0-14,0-13,7-0;7:8-14,8-3,8-1,3-14,8-6,8-4;8:13-0,13-14,13-4,11-4,0-4,8-4;9:0-11"
92,proposed_c2f_adaptive_pd,6,10,0.6,8,300,0.02666666666666667,28,18,10,11520.0,19.200000000000003,217.5236963155046,25.7020055541132,0.9285714285714286,3,1,0.0,0.0,0.0,0.0,0.0,0.0,0.0,0.0,0.0,0.0,84885.0,84885.0,0.0,2.0,1.0,10.0,0.0,"10,10,10,10,10,10,10,10,10,10","0:11-1,11-10,12-10,1-10,2-10,5-10;1:2-3;2:5-8,8-6,3-8,5-9,8-4,8-3;3:9-14,4-9,14-9,3-9,9-10,9-4;4:11-6;5:1-12;6:2-8;7:9-10,3-10,14-10,4-10;8:2-6;9:1-12"
93,proposed_c2f_adaptive_pd,8,10,0.8,20,300,0.06666666666666667,36,17,19,10880.0,18.133333333333333,371.79621307061103,123.10509484432407,1.0,2,1,0.0,0.0,0.0,0.0,0.0,0.0,0.0,0.0,0.0,0.0,111658.0,111658.0,0.0,2.0,1.0,12.0,0.0,"0,0,0,0,0,0,0,0,0,0","0:12-0;1:6-3;2:10-2,10-14,8-14,8-0,1-14,13-2;3:1-5,1-0,11-0,12-0,7-0,5-0;4:1-5;5:3-0,6-0,5-0,13-0,7-0,14-0;6:12-5;7:10-14,10-2,10-0,14-10,14-0,13-0;8:10-14,13-10,10-1,1-10,10-0,13-0;9:0-3,5-0"
94,proposed_c2f_adaptive_pd,9,10,0.9,11,300,0.03666666666666667,11,8,3,5120.0,8.533333333333333,1249.5410826458376,63.837045795893225,1.0,1,1,0.0,0.0,0.0,0.0,0.0,0.0,0.0,0.0,0.0,0.0,86959.0,86959.0,0.0,3.0,1.0,5.0,0.0,"1,1,1,1,1,1,1,1,1,1","0:0-1;1:13-4,6-13;2:6-9;3:3-4;4:3-1;5:3-7;6:4-2;7:3-2;8:4-1;9:0-11"
95,proposed_c2f_adaptive_pd,6,10,0.6,18,240,0.075,15,12,3,7680.0,12.8,69.61247241072508,19.383691290123913,0.8666666666666667,5,1,0.0,0.0,0.0,0.0,0.0,0.0,0.0,0.0,0.0,0.0,239469.0,239469.0,0.0,5.0,1.0,7.0,0.0,"3,3,3,3,3,3,3,3,3,3","0:5-8;1:4-3;2:1-0;3:5-3;4:5-12;5:7-6,6-8,5-6,14-6,7-8,6-7;6:11-0;7:6-10;8:5-3;9:1-2"
96,proposed_c2f_adaptive_pd,9,10,0.9,22,300,0.07333333333333333,34,23,11,14720.0,24.533333333333335,77.80857018225664,41.546210747921776,1.0,5,1,0.0,0.0,0.0,0.0,0.0,0.0,0.0,0.0,0.0,0.0,167000.0,167000.0,0.0,3.0,1.0,11.0,0.0,"2,2,2,2,2,2,2,2,2,2","0:12-6,6-12,8-6,0-6,6-11,11-2;1:0-2;2:2-9;3:1-6,8-6,6-2,11-2;4:5-13,5-12,0-13,10-12,5-9,0-12;5:10-4,10-13,3-4,3-13,5-4,10-9;6:8-6,6-11,6-2,8-2,14-2,11-2;7:1-2;8:12-13,12-2;9:1-2"
97,proposed_c2f_adaptive_pd,10,10,1.0,19,300,0.06333333333333334,13,8,5,5120.0,8.533333333333333,24.175390002648957,17.306062455197978,1.0,9,1,0.0,0.0,0.0,0.0,0.0,0.0,0.0,0.0,0.0,0.0,245701.0,245701.0,0.0,5.0,1.0,7.0,0.0,"12,12,12,12,12,12,12,12,12,12","0:5-12;1:14-9;2:5-12,1-12;3:14-3,5-12;4:0-4;5:12-7;6:1-6;7:4-3;8:5-12;9:2-0,1-0"
98,proposed_c2f_adaptive_pd,8,10,0.8,13,300,0.043333333333333335,33,14,19,8960.0,14.933333333333334,529.5149554397628,19.90382773642548,0.9696969696969697,4,1,0.0,0.0,0.0,0.0,0.0,0.0,0.0,0.0,0.0,0.0,101136.0,101136.0,0.0,2.0,1.0,12.0,0.0,"10,10,10,10,10,10,10,10,10,10","0:8-9;1:12-10;2:1-14,14-4,1-4,1-10,14-12,14-10;3:4-10,3-4,3-10,14-10;4:6-14,5-14,2-14,1-10,14-10,2-10;5:8-0;6:13-9,13-10,12-10,8-10,14-10,5-10;7:4-10,11-10,10-4,3-10,12-10,14-10;8:6-9;9:5-9"
99,proposed_c2f_adaptive_pd,6,10,0.6,18,300,0.06,40,26,14,16640.0,27.733333333333334,488.94478405007857,5.227293966607165,1.0,7,0,0.0,0.0,0.0,0.0,0.0,0.0,0.0,0.0,0.0,0.0,129944.0,129944.0,0.0,2.0,1.0,12.0,0.0,"3,3,3,3,3,3,3,3,3,3","0:7-3;1:6-4,6-3,1-3,4-3,11-3,0-3;2:6-1,6-4,6-9,6-12,6-3,6-0;3:7-3;4:13-3;5:5-3;6:1-0,1-12,6-12,1-3,0-3,11-3;7:1-12,0-12,12-0,11-12,11-0,1-9;8:6-0,6-7,6-1,6-12,6-13,6-9;9:10-7,14-7,5-7,13-7,8-7,7-3"
100,proposed_c2f_adaptive_pd,8,10,0.8,15,300,0.05,32,12,20,7680.0,12.8,11714.611173647101,23.240573046939595,1.0,4,1,0.0,0.0,0.0,0.0,0.0,0.0,0.0,0.0,0.0,0.0,206012.0,206012.0,0.0,3.0,1.0,11.0,0.0,"13,13,13,13,13,13,13,13,13,13","0:6-1;1:0-13,7-13,10-13,5-13,4-13,11-13;2:11-13,5-13,0-13;3:2-13,13-2,14-2,12-2,6-2,2-9;4:4-11,4-13,4-3,10-3,10-13,4-7;5:2-13;6:12-13;7:2-13;8:2-13,13-2,12-13,6-13,0-13,11-13;9:0-3"
101,proposed_c2f_adaptive_pd,6,10,0.6,16,300,0.05333333333333334,21,13,8,8320.0,13.866666666666667,753.3897983252657,4.517657551580837,1.0,5,0,0.0,0.0,0.0,0.0,0.0,0.0,0.0,0.0,0.0,0.0,121633.0,121633.0,0.0,3.0,1.0,10.0,0.0,"11,11,11,11,11,11,11,11,11,11","0:4-3,4-11,6-11,12-11,3-11;1:10-3,1-0;2:9-8;3:5-3;4:5-3;5:1-0,1-8,1-9,1-3,5-0,1-7;6:14-11;7:4-3;8:4-11;9:0-11,5-11"
102,proposed_c2f_adaptive_pd,7,10,0.7,12,300,0.04,10,7,3,4480.0,7.466666666666667,600.272248608472,23.760242252471027,1.0,7,0,0.0,0.0,0.0,0.0,0.0,0.0,0.0,0.0,0.0,0.0,150033.0,150033.0,0.0,5.0,1.0,3.0,0.0,"13,13,13,13,13,13,13,13,13,13",0:1-6;1:6-13;2:1-9;3:1-9;4:2-13;5:1-3;6:1-3;7:6-2;8:1-6;9:2-13
103,proposed_c2f_adaptive_pd,7,10,0.7,10,270,0.037037037037037035,26,18,8,11520.0,19.200000000000003,121.34276515837894,64.89070483167976,0.9615384615384616,4,1,0.0,0.0,0.0,0.0,0.0,0.0,0.0,0.0,0.0,0.0,239336.0,239336.0,0.0,4.0,1.0,9.0,0.0,"9,9,9,9,9,9,9,9,9,9","0:4-14;1:0-9;2:3-10,3-13,13-10,3-6,3-14,3-7;3:0-1;4:0-10,12-10,13-10,10-1,3-10,6-10;5:0-9;6:14-4,4-14,4-9,14-9,6-9,12-9;7:7-9,0-9;8:4-14;9:14-4"
104,proposed_c2f_adaptive_pd,5,10,0.5,19,300,0.06333333333333334,11,6,5,3840.0,6.4,18.88765184533716,5.173205634977337,1.0,6,1,0.0,0.0,0.0,0.0,0.0,0.0,0.0,0.0,0.0,0.0,121996.0,121996.0,0.0,3.0,1.0,6.0,0.0,"0,0,0,0,0,0,0,0,0,0","0:10-5;1:10-0,1-0;2:0-8;3:1-4;4:7-0;5:5-8;6:5-8;7:10-0;8:9-7;9:7-0"
105,proposed_c2f_adaptive_pd,8,10,0.8,15,300,0.05,50,25,25,16000.0,26.666666666666668,10046.890043331969,58.624326212361,1.0,7,1,0.0,0.0,0.0,0.0,0.0,0.0,0.0,0.0,0.0,0.0,241507.0,241507.0,0.0,3.0,1.0,9.0,0.0,"9,9,9,9,9,9,9,9,9,9","0:5-14,14-9,6-9,5-9,2-9,12-9;1:5-14,6-14,2-14,12-14,4-14,14-0;2:6-14,14-9,6-9,5-9,12-9,1-9;3:4-3,3-4,4-9,3-9,14-9,2-9;4:5-14,14-9,5-9,6-9,4-9,2-9;5:5-14,14-9,5-9,6-9,4-9,2-9;6:5-14;7:6-1,12-1,6-12,5-12,1-12,6-7;8:1-9;9:2-14,4-14,2-4,8-14,14-4,14-2"
106,proposed_c2f_adaptive_pd,8,10,0.8,17,270,0.06296296296296296,30,10,20,6400.0,10.666666666666668,284.29865616200993,22.884245668396012,0.9666666666666667,8,1,0.0,0.0,0.0,0.0,0.0,0.0,0.0,0.0,0.0,0.0,190767.0,190767.0,0.0,3.0,1.0,10.0,0.0,"13,13,13,13,13,13,13,13,13,13","0:4-13;1:4-13;2:8-13;3:9-13;4:0-9,0-13,9-13,6-13,8-13,10-13;5:4-11,11-13,4-13,3-13,14-13,1-13;6:1-10,1-13,8-13,10-13,4-13,6-13;7:14-13;8:11-14,3-14,11-3,4-3,3-11,14-11;9:0-6"
107,proposed_c2f_adaptive_pd,8,10,0.8,15,300,0.05,14,9,5,5760.0,9.600000000000001,141.80507005350069,34.27373799561779,1.0,7,1,0.0,0.0,0.0,0.0,0.0,0.0,0.0,0.0,0.0,0.0,196215.0,196215.0,0.0,4.0,1.0,7.0,0.0,"0,0,0,0,0,0,0,0,0,0","0:3-11;1:13-0;2:0-2;3:5-2;4:4-11;5:8-13;6:13-0;7:4-11,11-4,3-11,11-0,13-11;8:4-0;9:3-0"
108,proposed_c2f_adaptive_pd,6,10,0.6,16,270,0.05925925925925926,13,4,9,2560.0,4.266666666666667,194.3623396545361,13.108270969174685,0.9230769230769231,9,1,0.0,0.0,0.0,0.0,0.0,0.0,0.0,0.0,0.0,0.0,99711.0,99711.0,0.0,3.0,1.0,6.0,0.0,"12,12,12,12,12,12,12,12,12,12","0:0-12,3-12,10-12;1:0-5;2:13-12;3:13-12;4:9-12;5:1-3;6:13-12;7:10-12;8:9-12;9:3-10,10-2"
109,proposed_c2f_adaptive_pd,8,10,0.8,8,300,0.02666666666666667,38,25,13,16000.0,26.666666666666668,203.02202887743255,54.208283563127765,1.0,4,1,0.0,0.0,0.0,0.0,0.0,0.0,0.0,0.0,0.0,0.0,199789.0,199789.0,0.0,3.0,1.0,11.0,0.0,"5,5,5,5,5,5,5,5,5,5","0:2-1,2-9,10-9,11-9,2-0,10-0;1:9-13,9-5;2:1-6,6-5,1-5,9-5,14-5,8-5;3:0-5;4:2-0,10-0,11-0,4-0,14-0,2-3;5:2-1,2-9,2-0,10-1,10-9,11-9;6:13-12;7:6-13,6-12,6-5,1-5,9-5,13-5;8:2-0,2-5,10-5;9:1-9"
110,proposed_c2f_adaptive_pd,9,10,0.9,13,300,0.043333333333333335,28,15,13,9600.0,16.0,334.7398350866968,14.941124149935021,1.0,0,1,0.0,0.0,0.0,0.0,0.0,0.0,0.0,0.0,0.0,0.0,119139.0,119139.0,0.0,2.0,1.0,11.0,0.0,"1,1,1,1,1,1,1,1,1,1","0:12-6,1-6,0-1,12-1,14-1,1-12;1:13-12,14-12,5-12,12-5,10-12,13-5;2:0-1;3:13-1;4:12-1;5:8-1;6:3-1,4-1;7:14-12,12-6,12-1,0-12,12-0,1-12;8:9-1;9:0-9,0-1,9-1"
111,proposed_c2f_adaptive_pd,8,10,0.8,9,300,0.03,20,10,10,6400.0,10.666666666666668,821.6550359761446,22.4479791547653,1.0,2,1,0.0,0.0,0.0,0.0,0.0,0.0,0.0,0.0,0.0,0.0,218261.0,218261.0,0.0,4.0,1.0,7.0,0.0,"8,8,8,8,8,8,8,8,8,8","0:2-5,5-8,2-8,6-8,4-8,12-8;1:4-13;2:2-0,2-5,5-2,12-5,12-0,6-0;3:2-8;4:2-0;5:10-8;6:10-8;7:12-8;8:13-8;9:2-0"
112,proposed_c2f_adaptive_pd,10,10,1.0,16,300,0.05333333333333334,35,16,19,10240.0,17.066666666666666,502.0999015668781,158.80124469683645,1.0,6,1,0.0,0.0,0.0,0.0,0.0,0.0,0.0,0.0,0.0,0.0,179960.0,179960.0,0.0,3.0,1.0,8.0,0.0,"9,9,9,9,9,9,9,9,9,9","0:4-9;1:4-10;2:4-9;3:13-9,5-9,8-9,12-9,14-9,11-9;4:4-2,11-4,4-10,11-10,3-4,3-2;5:5-9;6:11-2,4-2,3-2,11-4,11-9,3-4;7:5-12,12-5,5-9,12-9,14-9,8-9;8:4-2;9:3-12,11-9,12-9,3-9,5-9,14-9"
113,proposed_c2f_adaptive_pd,6,10,0.6,12,300,0.04,35,21,14,13440.0,22.4,6096.574285150911,69.56423941222509,0.9428571428571428,9,1,0.0,0.0,0.0,0.0,0.0,0.0,0.0,0.0,0.0,0.0,96256.0,96256.0,0.0,2.0,1.0,12.0,0.0,"12,12,12,12,12,12,12,12,12,12","0:5-12;1:7-0,4-0,7-8,3-0,4-8,14-0;2:5-12;3:3-13;4:5-12,9-12,5-9,12-9,5-0,10-12;5:6-10,6-12,6-8,6-9,14-12,6-13;6:2-10,2-12,6-12,14-12,10-12,7-12;7:2-12;8:5-12;9:4-0,11-0,3-0,7-0,13-0,11-8"
114,proposed_c2f_adaptive_pd,8,10,0.8,15,300,0.05,33,20,13,12800.0,21.333333333333336,191.06192994770942,7.297922639380266,0.9393939393939394,7,1,0.0,0.0,0.0,0.0,0.0,0.0,0.0,0.0,0.0,0.0,323408.0,323408.0,0.0,5.0,1.0,9.0,0.0,"8,8,8,8,8,8,8,8,8,8","0:11-2,4-8;1:3-8;2:6-7,6-8;3:3-8,4-8;4:13-6,6-8,13-8,12-8,9-8,4-8;5:9-8;6:10-5,5-10,13-5,13-10,6-10,9-5;7:10-2,10-7,5-7,5-2,10-14,10-8;8:9-3,4-9,9-11,4-3,11-9,11-3;9:6-8"
115,proposed_c2f_adaptive_pd,7,10,0.7,13,300,0.043333333333333335,41,29,12,18560.0,30.933333333333334,503.6667523598333,35.70310517739601,1.0,9,0,0.0,0.0,0.0,0.0,0.0,0.0,0.0,0.0,0.0,0.0,144150.0,144150.0,0.0,3.0,1.0,11.0,0.0,"8,8,8,8,8,8,8,8,8,8","0:2-8;1:2-8;2:2-0,14-0,12-0,0-2,0-14,0-12;3:3-9;4:13-10,13-1,13-8,13-11,13-12,7-1;5:6-9,6-2,6-8,6-1,9-8,5-8;6:4-10,4-1,3-1,3-10,5-1,5-9;7:6-9,6-8,9-8,2-8,3-8,5-8;8:4-9,4-2,4-1,4-8,5-1,5-10;9:13-3,7-3"
116,proposed_c2f_adaptive_pd,7,10,0.7,16,300,0.05333333333333334,20,10,10,6400.0,10.666666666666668,3443.2962077870593,23.301317415823267,0.85,3,1,0.0,0.0,0.0,0.0,0.0,0.0,0.0,0.0,0.0,0.0,210544.0,210544.0,0.0,4.0,1.0,6.0,0.0,"1,1,1,1,1,1,1,1,1,1","0:4-1;1:5-1;2:10-1;3:0-13,12-13,0-14,0-1,0-10,12-14;4:0-10;5:12-8;6:6-1;7:6-4,4-6,6-1,4-1,5-1,12-1;8:10-1;9:5-10"
117,proposed_c2f_adaptive_pd,6,10,0.6,11,300,0.03666666666666667,35,31,4,19840.0,33.06666666666667,37863.45269362438,33.16322966132178,0.8,2,1,0.0,0.0,0.0,0.0,0.0,0.0,0.0,0.0,0.0,0.0,202356.0,202356.0,0.0,3.0,1.0,10.0,0.0,"2,2,2,2,2,2,2,2,2,2","0:1-11,11-1;1:13-11,11-13,4-13,13-0,0-13,13-1;2:13-11,11-13,13-1,1-11,1-13,11-1;3:14-7;4:14-0,0-9,5-0,9-0,0-7;5:1-11,11-1,1-2,2-1,13-1,4-1;6:11-2;7:14-0,14-9,0-9,14-7,9-0,5-0;8:13-2;9:3-2"
118,proposed_c2f_adaptive_pd,9,10,0.9,11,300,0.03666666666666667,38,23,15,14720.0,24.533333333333335,271.8239876190088,42.67461067210808,1.0,1,1,0.0,0.0,0.0,0.0,0.0,0.0,0.0,0.0,0.0,0.0,184627.0,184627.0,0.0,3.0,1.0,11.0,0.0,"1,1,1,1,1,1,1,1,1,1","0:10-8,8-10,8-1,14-8,1-8,10-1;1:6-8,13-6,5-6,6-13,8-6,6-5;2:4-1;3:10-1,12-1;4:12-1;5:3-2,0-2,4-2,14-2,1-2,5-2;6:14-1,14-10,10-1,8-1,12-1,5-1;7:5-1,14-1,6-1;8:5-6;9:6-8,14-8,10-8,5-8,8-1,8-6"
119,proposed_c2f_adaptive_pd,9,10,0.9,12,300,0.04,17,10,7,6400.0,10.666666666666668,1952.4027082673797,213.6871437475814,1.0,6,1,0.0,0.0,0.0,0.0,0.0,0.0,0.0,0.0,0.0,0.0,139853.0,139853.0,0.0,3.0,1.0,9.0,0.0,"8,8,8,8,8,8,8,8,8,8","0:10-9;1:1-8;2:4-8;3:4-12,4-13,4-11;4:1-8;5:7-8;6:10-2,0-9,1-2,1-9;7:9-8,10-8,5-8;8:8-6;9:13-12"
120,proposed_c2f_adaptive_pd,9,10,0.9,12,300,0.04,24,12,12,7680.0,12.8,188.88817066047048,98.66913986617016,1.0,4,1,0.0,0.0,0.0,0.0,0.0,0.0,0.0,0.0,0.0,0.0,380006.0,380006.0,0.0,6.0,1.0,6.0,0.0,"4,4,4,4,4,4,4,4,4,4","0:4-5,3-4;1:9-2,9-4;2:3-4;3:9-2,13-4;4:9-2,14-2,2-8,2-4,2-9,9-4;5:2-4;6:9-4;7:3-4,3-6;8:9-2,14-2,9-14,2-14,9-4,14-4;9:13-4"
121,proposed_c2f_adaptive_pd,6,10,0.6,24,300,0.08,31,15,16,9600.0,16.0,37.76003960448708,8.836221667207738,1.0,6,1,0.0,0.0,0.0,0.0,0.0,0.0,0.0,0.0,0.0,0.0,159679.0,159679.0,0.0,3.0,1.0,11.0,0.0,"3,3,3,3,3,3,3,3,3,3","0:9-3;1:0-9;2:7-3,7-6,7-9,7-2,7-5,13-3;3:6-3;4:11-3;5:4-3,7-3,9-3,0-3,11-3,13-3;6:3-9,0-9,9-3,6-9,13-9,11-9;7:7-9;8:6-3,9-3;9:8-2,2-5,8-5,2-3,8-3,10-2"
122,proposed_c2f_adaptive_pd,7,10,0.7,9,300,0.03,15,11,4,7040.0,11.733333333333334,128.3697326905263,40.303006104322336,0.8666666666666667,4,1,0.0,0.0,0.0,0.0,0.0,0.0,0.0,0.0,0.0,0.0,127359.0,127359.0,0.0,3.0,1.0,7.0,0.0,"2,2,2,2,2,2,2,2,2,2","0:13-14;1:14-2;2:7-10;3:14-2;4:12-10,11-12,12-6,12-4,3-12,12-2;5:7-10;6:7-0;7:0-3;8:3-1;9:0-2"
123,proposed_c2f_adaptive_pd,10,10,1.0,12,300,0.04,36,29,7,18560.0,30.933333333333334,428.32172044653635,82.62005970180829,1.0,3,1,0.0,0.0,0.0,0.0,0.0,0.0,0.0,0.0,0.0,0.0,188788.0,188788.0,0.0,3.0,1.0,10.0,0.0,"14,14,14,14,14,14,14,14,14,14","0:10-9,5-9,9-12,7-9,9-7,9-14;1:0-14;2:1-14;3:12-2,2-12,10-2,9-2,7-2,10-12;4:2-14;5:12-2,2-12,9-12,10-12,12-14,7-12;6:1-14,0-14;7:5-11,5-1,3-11,8-11,1-11,0-11;8:10-7;9:12-2,9-2,2-12,9-12,10-2,10-12"
124,proposed_c2f_adaptive_pd,9,10,0.9,16,300,0.05333333333333334,33,23,10,14720.0,24.533333333333335,292.2999878019409,14.378784644193924,1.0,1,1,0.0,0.0,0.0,0.0,0.0,0.0,0.0,0.0,0.0,0.0,154813.0,154813.0,0.0,3.0,1.0,10.0,0.0,"10,10,10,10,10,10,10,10,10,10","0:12-3,3-12,6-3,3-6,11-3,7-3;1:12-5,0-5,3-5,6-5,5-12,5-9;2:6-10;3:7-6,7-10,11-10,14-10,12-10;4:7-4,7-14,7-10,11-10;5:0-13;6:0-10;7:4-14;8:11-14,11-13,11-3,11-6,7-14,11-12;9:7-10,1-10"
125,proposed_c2f_adaptive_pd,9,10,0.9,9,300,0.03,18,13,5,8320.0,13.866666666666667,5090.604017842566,248.78325610872318,0.9444444444444444,2,1,0.0,0.0,0.0,0.0,0.0,0.0,0.0,0.0,0.0,0.0,240704.0,240704.0,0.0,5.0,1.0,7.0,0.0,"1,1,1,1,1,1,1,1,1,1","0:9-1,0-1;1:0-4;2:11-14,11-13,11-3,3-14,14-13,14-3;3:13-10;4:0-10;5:0-1;6:14-13,14-1;7:11-3;8:0-7;9:2-10,9-1"
126,proposed_c2f_adaptive_pd,9,10,0.9,16,300,0.05333333333333334,20,12,8,7680.0,12.8,48.738115696948825,44.7922333231069,1.0,3,1,0.0,0.0,0.0,0.0,0.0,0.0,0.0,0.0,0.0,0.0,223810.0,223810.0,0.0,5.0,1.0,5.0,0.0,"10,10,10,10,10,10,10,10,10,10","0:1-10;1:13-10;2:10-0;3:13-14,1-14,14-13,14-1,2-14,14-2;4:13-10;5:1-10;6:2-10;7:1-10;8:1-14,13-14,14-1,14-13,14-10;9:2-10,2-7"
127,proposed_c2f_adaptive_pd,7,10,0.7,17,270,0.06296296296296296,29,21,8,13440.0,22.4,17855.957590539874,29.153749562564983,0.8620689655172413,2,1,0.0,0.0,0.0,0.0,0.0,0.0,0.0,0.0,0.0,0.0,154135.0,154135.0,0.0,3.0,1.0,10.0,0.0,"11,11,11,11,11,11,11,11,11,11","0:9-8;1:4-11;2:3-12,6-12,3-7,3-4,1-12,6-7;3:3-4;4:3-12,6-12,4-12,12-4,12-7,2-12;5:7-11;6:2-11,4-11,7-11,13-11,1-11;7:11-8;8:2-7;9:9-10,9-1,1-10,1-9,6-10,1-11"
128,proposed_c2f_adaptive_pd,9,10,0.9,15,300,0.05,11,5,6,3200.0,5.333333333333334,192.46763039898505,62.214726103808395,1.0,0,1,0.0,0.0,0.0,0.0,0.0,0.0,0.0,0.0,0.0,0.0,92983.0,92983.0,0.0,3.0,1.0,5.0,0.0,"2,2,2,2,2,2,2,2,2,2","0:9-12;1:12-2;2:1-2;3:9-0;4:1-0;5:1-2;6:2-4;7:8-2,8-9;8:12-2;9:8-2"
129,proposed_c2f_adaptive_pd,6,10,0.6,11,270,0.040740740740740744,27,22,5,14080.0,23.46666666666667,1412.1991443757895,20.253082420456863,0.7777777777777778,6,0,0.0,0.0,0.0,0.0,0.0,0.0,0.0,0.0,0.0,0.0,211241.0,211241.0,0.0,4.0,1.0,10.0,0.0,"0,0,0,0,0,0,0,0,0,0","0:6-3,8-3,6-5,2-3,6-0,9-3;1:6-3,3-0;2:9-14,9-3,2-14,2-3,9-5,9-13;3:3-0;4:6-3;5:13-1,13-14,1-13,14-13,1-14,14-1;6:6-13,8-13;7:10-0;8:11-0;9:6-3"
130,proposed_c2f_adaptive_pd,7,10,0.7,18,270,0.06666666666666667,14,8,6,5120.0,8.533333333333333,111.22848029351954,11.421157348350276,0.9285714285714286,8,0,0.0,0.0,0.0,0.0,0.0,0.0,0.0,0.0,0.0,0.0,208565.0,208565.0,0.0,4.0,1.0,6.0,0.0,"5,5,5,5,5,5,5,5,5,5","0:12-14,3-14;1:6-9;2:8-5;3:13-7,6-5;4:13-5;5:6-9;6:3-6;7:13-5;8:6-9,13-9,13-5;9:7-5"
131,proposed_c2f_adaptive_pd,8,10,0.8,20,300,0.06666666666666667,30,17,13,10880.0,18.133333333333333,170.0713162792643,41.51347836575967,1.0,7,1,0.0,0.0,0.0,0.0,0.0,0.0,0.0,0.0,0.0,0.0,160417.0,160417.0,0.0,3.0,1.0,9.0,0.0,"2,2,2,2,2,2,2,2,2,2","0:9-6;1:14-9,1-9,9-2,14-2,13-2,5-2;2:13-2;3:6-8;4:9-6,1-6,1-9,13-6,9-2,1-2;5:14-2;6:0-2;7:3-2,0-2,3-0,0-3,2-0,2-3;8:5-3,5-9,5-0,5-2,14-5,9-5;9:0-2"
132,proposed_c2f_adaptive_pd,6,10,0.6,9,300,0.03,25,12,13,7680.0,12.8,119.61497242025344,17.296402130268145,0.96,9,1,0.0,0.0,0.0,0.0,0.0,0.0,0.0,0.0,0.0,0.0,143852.0,143852.0,0.0,3.0,1.0,9.0,0.0,"2,2,2,2,2,2,2,2,2,2","0:10-11;1:0-2;2:12-7,7-1,7-2,12-2,6-2,3-2;3:1-7;4:1-2;5:0-2;6:5-14,14-10,14-5,14-2,5-2,0-2;7:1-2;8:1-2;9:6-7,6-10,12-7,6-12,6-2,6-1"
133,proposed_c2f_adaptive_pd,8,10,0.8,16,270,0.05925925925925926,31,20,11,12800.0,21.333333333333336,3648.4370160194644,61.76962837717703,0.967741935483871,8,1,0.0,0.0,0.0,0.0,0.0,0.0,0.0,0.0,0.0,0.0,123882.0,123882.0,0.0,2.0,1.0,11.0,0.0,"11,11,11,11,11,11,11,11,11,11","0:8-6,8-9,9-6,8-7,8-12,7-6;1:14-11;2:2-11,9-11;3:4-7;4:9-11;5:4-7;6:0-13,0-11,5-11,13-11,2-11,4-11;7:4-7,4-9,4-6,5-7,0-7,4-2;8:14-1,10-1,3-1,14-11,10-11,3-2;9:8-9"
134,proposed_c2f_adaptive_pd,9,10,0.9,8,300,0.02666666666666667,27,20,7,12800.0,21.333333333333336,415.3956125968096,213.796894660252,0.9629629629629629,9,1,0.0,0.0,0.0,0.0,0.0,0.0,0.0,0.0,0.0,0.0,162729.0,162729.0,0.0,3.0,1.0,9.0,0.0,"2,2,2,2,2,2,2,2,2,2","0:0-2;1:6-2;2:1-2;3:12-8,8-11,11-8,12-11,8-0,8-7;4:1-11,11-1,4-11,11-6,2-11,11-2;5:4-2,1-4;6:14-2;7:14-6,14-2;8:1-4;9:12-0,12-8,12-4,12-11,12-7,12-9"
135,proposed_c2f_adaptive_pd,9,10,0.9,15,300,0.05,30,17,13,10880.0,18.133333333333333,5757.573500551771,123.05331209588783,1.0,1,1,0.0,0.0,0.0,0.0,0.0,0.0,0.0,0.0,0.0,0.0,265122.0,265122.0,0.0,4.0,1.0,8.0,0.0,"10,10,10,10,10,10,10,10,10,10","0:4-10,0-10,11-10;1:5-8,9-8,9-13,9-3,5-10,5-7;2:14-8,14-10,8-10;3:0-12;4:14-3,4-3,3-14,3-4,14-4,3-8;5:4-14;6:14-3,14-10,3-10,4-10,8-10,9-10;7:4-10;8:0-2;9:9-5,5-10"
136,proposed_c2f_adaptive_pd,8,10,0.8,14,300,0.04666666666666667,26,15,11,9600.0,16.0,502.18324254247193,69.88128354446675,1.0,3,1,0.0,0.0,0.0,0.0,0.0,0.0,0.0,0.0,0.0,0.0,213353.0,213353.0,0.0,4.0,1.0,8.0,0.0,"7,7,7,7,7,7,7,7,7,7","0:14-7,11-7;1:14-7;2:2-7;3:2-7,3-7,2-8,3-2,7-2,2-12;4:5-11;5:2-7;6:11-7;7:10-5,6-5,5-9,11-5,5-7,11-7;8:6-9;9:10-9,6-9,11-9,10-5,10-0,10-7"
137,proposed_c2f_adaptive_pd,7,10,0.7,12,300,0.04,11,6,5,3840.0,6.4,31132.209361476496,11.207727505468423,1.0,4,1,0.0,0.0,0.0,0.0,0.0,0.0,0.0,0.0,0.0,0.0,134908.0,134908.0,0.0,5.0,1.0,3.0,0.0,"0,0,0,0,0,0,0,0,0,0","0:4-0;1:0-6;2:0-3;3:4-0;4:0-14;5:0-11;6:4-0,2-4;7:0-7;8:4-0;9:2-0"
138,proposed_c2f_adaptive_pd,6,10,0.6,16,300,0.05333333333333334,27,18,9,11520.0,19.200000000000003,78.54860030806616,36.00715917819062,0.9629629629629629,4,1,0.0,0.0,0.0,0.0,0.0,0.0,0.0,0.0,0.0,0.0,179218.0,179218.0,0.0,3.0,1.0,10.0,0.0,"3,3,3,3,3,3,3,3,3,3","0:7-5;1:13-12,14-12;2:9-10;3:11-3;4:11-5,8-5,13-5,1-5,9-5,4-5;5:11-5,11-3,11-0,5-3,11-6,8-3;6:1-3;7:10-5,11-5,8-5,13-5,5-3,11-3;8:11-5;9:11-3,7-3"
139,proposed_c2f_adaptive_pd,9,10,0.9,14,300,0.04666666666666667,30,19,11,12160.0,20.26666666666667,483.18226825412813,38.83806125292656,0.9,8,1,0.0,0.0,0.0,0.0,0.0,0.0,0.0,0.0,0.0,0.0,161757.0,161757.0,0.0,3.0,1.0,9.0,0.0,"2,2,2,2,2,2,2,2,2,2","0:6-2;1:14-12,14-10,14-8,14-2,3-2,12-2;2:3-10;3:14-8,12-8,8-6,8-12,6-8,8-2;4:14-2;5:7-2;6:11-5;7:3-12,3-10,3-8,3-2,12-2,14-2;8:7-10,10-7,7-2,1-7,7-0,3-7;9:1-10"
140,proposed_c2f_adaptive_pd,5,10,0.5,15,300,0.05,34,20,14,12800.0,21.333333333333336,35.0311465641694,4.625992912873244,1.0,6,1,0.0,0.0,0.0,0.0,0.0,0.0,0.0,0.0,0.0,0.0,122306.0,122306.0,0.0,2.0,1.0,12.0,0.0,"2,2,2,2,2,2,2,2,2,2","0:1-6;1:0-2;2:12-6,5-6,12-2,5-2;3:4-2,1-2,12-2,5-2,0-2,6-2;4:0-2;5:14-13,11-2;6:14-13,9-14,9-13,0-14,0-13,12-14;7:9-13,9-14,9-2,14-13,9-10,11-13;8:6-8;9:8-10,6-10,10-2,8-2,10-8,3-10"
141,proposed_c2f_adaptive_pd,7,10,0.7,16,300,0.05333333333333334,25,16,9,10240.0,17.066666666666666,1536.2456349627384,28.283223414091175,0.88,2,1,0.0,0.0,0.0,0.0,0.0,0.0,0.0,0.0,0.0,0.0,175470.0,175470.0,0.0,3.0,1.0,8.0,0.0,"0,0,0,0,0,0,0,0,0,0","0:12-8;1:3-2;2:14-5,5-14,5-9,5-13,5-0,0-5;3:5-0;4:12-6,7-6,6-0,12-0,7-0,3-0;5:13-6;6:12-0;7:5-0;8:12-6,7-6,3-6,12-7,7-12,6-12;9:5-0"
142,proposed_c2f_adaptive_pd,9,10,0.9,12,300,0.04,25,16,9,10240.0,17.066666666666666,1904.89433327482,152.83482217959244,1.0,0,1,0.0,0.0,0.0,0.0,0.0,0.0,0.0,0.0,0.0,0.0,177209.0,177209.0,0.0,3.0,1.0,9.0,0.0,"8,8,8,8,8,8,8,8,8,8","0:6-2,5-2,5-7,4-2,6-7,2-7;1:5-2,6-2,4-2,10-2,2-8,5-8;2:4-8;3:14-8;4:14-8,8-14;5:3-8;6:5-8;7:8-11;8:7-14,14-7,7-8;9:6-2,4-2,2-8"
143,proposed_c2f_adaptive_pd,8,10,0.8,11,300,0.03666666666666667,18,16,2,10240.0,17.066666666666666,1153.9148081007938,54.432948649755076,0.9444444444444444,6,1,0.0,0.0,0.0,0.0,0.0,0.0,0.0,0.0,0.0,0.0,218766.0,218766.0,0.0,4.0,1.0,8.0,0.0,"3,3,3,3,3,3,3,3,3,3","0:0-2;1:14-9,10-9;2:11-7;3:3-7;4:10-3,0-3;5:0-9;6:1-2,1-11,12-2,2-1,12-11,2-11;7:0-10,10-0;8:3-5;9:1-2"
144,proposed_c2f_adaptive_pd,9,10,0.9,14,300,0.04666666666666667,50,26,24,16640.0,27.733333333333334,305.20177571309137,26.244077077772396,0.96,5,1,0.0,0.0,0.0,0.0,0.0,0.0,0.0,0.0,0.0,0.0,183906.0,183906.0,0.0,3.0,1.0,10.0,0.0,"13,13,13,13,13,13,13,13,13,13","0:2-5,2-4,2-0,2-13,2-8,5-4;1:3-13,9-13,12-13,11-13,7-13,6-13;2:5-13;3:7-0,7-5,7-4,7-1,7-13,7-14;4:9-6,9-13,3-13,6-13,11-13,12-13;5:8-13,13-8,13-1,13-4,5-13,13-5;6:7-0,7-4,7-13,7-5,12-13,2-13;7:5-13;8:3-0,12-0,3-13,12-13,7-13,11-13;9:7-5,7-4,12-0,7-0,7-1,7-14"
145,proposed_c2f_adaptive_pd,9,10,0.9,14,300,0.04666666666666667,35,23,12,14720.0,24.533333333333335,1222.3592665331446,35.44361804261508,1.0,3,1,0.0,0.0,0.0,0.0,0.0,0.0,0.0,0.0,0.0,0.0,189059.0,189059.0,0.0,4.0,1.0,8.0,0.0,"12,12,12,12,12,12,12,12,12,12","0:1-6;1:6-14,3-14,13-14,3-6,5-14,6-13;2:10-14,14-10,14-12,7-12,10-12,13-12;3:3-14,3-6,3-13,3-10,6-14,3-5;4:5-12;5:3-6,6-12,1-12,3-12,5-12,13-12;6:1-6,3-6,6-8,6-4,6-13,5-6;7:7-10;8:5-12;9:5-12"
146,proposed_c2f_adaptive_pd,6,10,0.6,19,300,0.06333333333333334,20,14,6,8960.0,14.933333333333334,268.8059179349045,26.8743343619142,1.0,7,1,0.0,0.0,0.0,0.0,0.0,0.0,0.0,0.0,0.0,0.0,202102.0,202102.0,0.0,4.0,1.0,5.0,0.0,"5,5,5,5,5,5,5,5,5,5","0:5-14;1:0-6;2:13-3,13-8,9-3,13-5,9-5,3-5;3:3-5;4:3-8;5:0-5;6:9-3;7:9-11,13-3,9-3,9-7,9-2,13-9;8:3-5;9:3-7"
147,proposed_c2f_adaptive_pd,9,10,0.9,21,300,0.07,31,15,16,9600.0,16.0,300.51132182605454,10.019794886349672,1.0,2,1,0.0,0.0,0.0,0.0,0.0,0.0,0.0,0.0,0.0,0.0,140031.0,140031.0,0.0,3.0,1.0,11.0,0.0,"10,10,10,10,10,10,10,10,10,10","0:13-3,4-3,8-3,13-4,5-4,5-3;1:12-14,14-10;2:14-9,6-9,11-9,12-10,12-14,14-12;3:13-4;4:12-10;5:1-3,3-10,1-10,4-10,8-10,5-10;6:14-10;7:7-10;8:6-12,6-10,12-10,4-10,8-10,5-10;9:1-10"
148,proposed_c2f_adaptive_pd,9,10,0.9,16,300,0.05333333333333334,20,13,7,8320.0,13.866666666666667,386.50610338727626,60.777491224049285,1.0,6,1,0.0,0.0,0.0,0.0,0.0,0.0,0.0,0.0,0.0,0.0,135586.0,135586.0,0.0,3.0,1.0,8.0,0.0,"13,13,13,13,13,13,13,13,13,13","0:0-3;1:7-13;2:1-6,1-3,1-13,6-13,11-13,8-13;3:11-3;4:1-6;5:8-13;6:8-6,8-10,5-10,10-6,8-3,1-6;7:1-3;8:7-13;9:11-6"
149,proposed_c2f_adaptive_pd,7,10,0.7,12,270,0.044444444444444446,18,11,7,7040.0,11.733333333333334,6493.857174814647,22.957395669405408,0.7777777777777778,6,1,0.0,0.0,0.0,0.0,0.0,0.0,0.0,0.0,0.0,0.0,246122.0,246122.0,0.0,5.0,1.0,8.0,0.0,"13,13,13,13,13,13,13,13,13,13","0:4-13;1:1-9;2:4-13;3:4-13;4:11-13,3-13;5:6-9;6:6-9,11-9,1-9,8-9,3-9,7-9;7:1-9;8:8-13;9:7-5,5-7,7-13"
150,proposed_c2f_adaptive_pd,7,10,0.7,14,300,0.04666666666666667,50,34,16,21760.0,36.266666666666666,1672.2864972344826,74.50844728010257,1.0,0,1,0.0,0.0,0.0,0.0,0.0,0.0,0.0,0.0,0.0,0.0,169098.0,169098.0,0.0,3.0,1.0,11.0,0.0,"13,13,13,13,13,13,13,13,13,13","0:2-1,5-1,13-1,1-13,1-5,2-13;1:10-4,10-0,10-14,10-1,10-7,10-13;2:10-4,10-14,10-13,6-13,14-13,0-13;3:10-14,10-7,10-13,14-13,4-13,0-13;4:6-14,6-0,6-7,6-4,6-13,6-11;5:7-14;6:9-4,10-4,9-0,2-4,4-0,0-4;7:9-5,9-4,9-13,9-0,10-13,5-13;8:2-13;9:6-4,6-14,6-0,10-4,10-0,10-14"
151,proposed_c2f_adaptive_pd,8,10,0.8,20,300,0.06666666666666667,31,20,11,12800.0,21.333333333333336,83.03669720860438,10.006450229077965,1.0,6,1,0.0,0.0,0.0,0.0,0.0,0.0,0.0,0.0,0.0,0.0,155313.0,155313.0,0.0,3.0,1.0,10.0,0.0,"13,13,13,13,13,13,13,13,13,13","0:2-3;1:11-7,10-7,3-7,7-13,7-8,7-11;2:11-7,7-11,10-7,3-7,7-13,7-3;3:10-13;4:7-13,11-8,10-13,10-5,11-5,2-13;5:1-0;6:0-6,9-6,6-0,6-13,6-5,0-13;7:3-7;8:10-13,3-13;9:4-13"
152,proposed_c2f_adaptive_pd,8,10,0.8,10,300,0.03333333333333333,21,9,12,5760.0,9.600000000000001,547.4401333864498,43.25642576731488,1.0,1,1,0.0,0.0,0.0,0.0,0.0,0.0,0.0,0.0,0.0,0.0,148905.0,148905.0,0.0,3.0,1.0,8.0,0.0,"6,6,6,6,6,6,6,6,6,6","0:0-11,11-0,11-6,0-6,4-6,3-6;1:1-10,2-10,2-6,10-6,3-6,3-8;2:12-6;3:0-9;4:0-3;5:2-6,1-6;6:11-12;7:4-6;8:12-6;9:0-4"
153,proposed_c2f_adaptive_pd,8,10,0.8,11,300,0.03666666666666667,40,26,14,16640.0,27.733333333333334,613.1522869563419,19.152268893356407,0.725,0,1,0.0,0.0,0.0,0.0,0.0,0.0,0.0,0.0,0.0,0.0,129223.0,129223.0,0.0,2.0,1.0,12.0,0.0,"12,12,12,12,12,12,12,12,12,12","0:10-9,2-9,5-9,13-9,1-9,10-6;1:5-12;2:2-13;3:8-12;4:7-6,14-6,12-6,0-6,6-12,8-6;5:0-1;6:7-6,0-12,14-12,8-12,7-12,6-12;7:5-9,5-12,10-12,2-12,9-12,8-12;8:2-9,5-9,10-2,9-2,2-13,2-4;9:2-1,1-2,1-13,2-9,13-1,2-12"
154,proposed_c2f_adaptive_pd,9,10,0.9,20,300,0.06666666666666667,31,23,8,14720.0,24.533333333333335,645.7314391604989,58.76191157419267,1.0,9,1,0.0,0.0,0.0,0.0,0.0,0.0,0.0,0.0,0.0,0.0,230650.0,230650.0,0.0,4.0,1.0,9.0,0.0,"14,14,14,14,14,14,14,14,14,14","0:4-13,4-9,9-13,13-9,3-13,3-9;1:1-2;2:11-14,2-14;3:13-14,9-13,3-13,4-14,13-9,9-14;4:1-10;5:11-14;6:3-14;7:1-14;8:6-12,12-6,12-11,1-12,12-1,1-6;9:1-6,12-11,6-12,1-11,6-1,1-12"
155,proposed_c2f_adaptive_pd,7,10,0.7,9,270,0.03333333333333333,17,11,6,7040.0,11.733333333333334,286.33299368545914,27.888303822955304,0.9411764705882353,7,1,0.0,0.0,0.0,0.0,0.0,0.0,0.0,0.0,0.0,0.0,132662.0,132662.0,0.0,3.0,1.0,6.0,0.0,"0,0,0,0,0,0,0,0,0,0","0:0-1;1:0-1;2:9-6;3:0-13;4:0-13;5:4-0;6:9-0;7:3-13,3-0,3-4,4-13,12-0,12-4;8:9-0;9:0-13,12-13,2-0"
156,proposed_c2f_adaptive_pd,5,10,0.5,16,300,0.05333333333333334,16,9,7,5760.0,9.600000000000001,53.76786970249911,7.124378829437733,0.9375,5,0,0.0,0.0,0.0,0.0,0.0,0.0,0.0,0.0,0.0,0.0,118749.0,118749.0,0.0,3.0,1.0,6.0,0.0,"0,0,0,0,0,0,0,0,0,0","0:0-4;1:2-0;2:13-0;3:2-0;4:2-0;5:12-0,12-9,2-12,12-10,12-2,0-12;6:6-0;7:5-0;8:5-8,2-5;9:2-5"
157,proposed_c2f_adaptive_pd,9,10,0.9,10,300,0.03333333333333333,18,11,7,7040.0,11.733333333333334,122.15474226181394,33.93741307242717,1.0,3,1,0.0,0.0,0.0,0.0,0.0,0.0,0.0,0.0,0.0,0.0,221503.0,221503.0,0.0,4.0,1.0,7.0,0.0,"8,8,8,8,8,8,8,8,8,8","0:1-12;1:1-12;2:9-8,2-8;3:12-1,1-12,1-5,13-1,1-7,11-1;4:12-8;5:11-2;6:13-10,10-8;7:9-8;8:2-9;9:10-8,11-8"
158,proposed_c2f_adaptive_pd,7,10,0.7,11,300,0.03666666666666667,13,8,5,5120.0,8.533333333333333,353.8113229634814,34.692088860755575,1.0,7,0,0.0,0.0,0.0,0.0,0.0,0.0,0.0,0.0,0.0,0.0,191362.0,191362.0,0.0,4.0,1.0,6.0,0.0,"0,0,0,0,0,0,0,0,0,0","0:12-4;1:9-0;2:4-0;3:12-0;4:12-0,0-11;5:4-0;6:4-7,7-13;7:1-7,7-13;8:0-2;9:1-13"
159,proposed_c2f_adaptive_pd,8,10,0.8,15,300,0.05,33,16,17,10240.0,17.066666666666666,152.58664616586745,16.26904202502495,1.0,2,1,0.0,0.0,0.0,0.0,0.0,0.0,0.0,0.0,0.0,0.0,215504.0,215504.0,0.0,4.0,1.0,7.0,0.0,"9,9,9,9,9,9,9,9,9,9","0:1-9;1:1-9;2:3-0,3-12,3-9,3-5,3-4,3-8;3:2-9;4:3-0;5:12-9,1-9,2-9,0-9;6:3-12,3-0,11-12,3-8,3-1,3-10;7:3-12,3-9,12-9,0-9,11-9,1-9;8:14-1,14-2,11-9,2-9,14-9,1-9;9:0-12"
160,proposed_c2f_adaptive_pd,8,10,0.8,15,300,0.05,35,15,20,9600.0,16.0,45.9020330726934,6.245704702016865,1.0,7,0,0.0,0.0,0.0,0.0,0.0,0.0,0.0,0.0,0.0,0.0,169196.0,169196.0,0.0,3.0,1.0,10.0,0.0,"9,9,9,9,9,9,9,9,9,9","0:1-14;1:3-9;2:3-14,14-9,3-9,1-9,10-9,4-9;3:3-9,6-9,1-9,8-9,10-9,4-9;4:8-9;5:1-9;6:5-7,5-9,5-4,11-14,5-14,5-12;7:0-14,0-3,5-14,0-9,5-9,5-3;8:11-4,11-14,11-13,11-9,10-9,11-7;9:8-9"
161,proposed_c2f_adaptive_pd,5,10,0.5,16,300,0.05333333333333334,22,15,7,9600.0,16.0,893.394113762872,42.73604771015129,1.0,4,1,0.0,0.0,0.0,0.0,0.0,0.0,0.0,0.0,0.0,0.0,127218.0,127218.0,0.0,3.0,1.0,11.0,0.0,"5,5,5,5,5,5,5,5,5,5","0:1-5,7-5;1:9-4;2:7-4,9-2,9-4,2-9,11-4,2-4;3:1-5;4:13-0,0-13,3-0,8-0,10-0,3-13;5:1-5;6:6-5;7:3-10;8:8-5,3-5;9:3-8"
162,proposed_c2f_adaptive_pd,7,10,0.7,14,270,0.05185185185185185,36,26,10,16640.0,27.733333333333334,1960.0478292719606,74.6305491447992,0.8333333333333334,6,1,0.0,0.0,0.0,0.0,0.0,0.0,0.0,0.0,0.0,0.0,195367.0,195367.0,0.0,3.0,1.0,11.0,0.0,"13,13,13,13,13,13,13,13,13,13","0:7-11,11-7,2-11,4-11,3-11,9-11;1:5-8;2:5-8,8-13,8-5,5-13,13-8,3-8;3:2-13;4:5-8;5:4-0,4-9,6-0,6-9,2-0,4-13;6:8-13,13-8,5-13,5-8,8-12,3-13;7:6-13;8:4-11,2-11,9-11,11-9,7-11,11-7;9:14-13,7-13"
163,proposed_c2f_adaptive_pd,8,10,0.8,14,300,0.04666666666666667,25,12,13,7680.0,12.8,229.93337000238017,11.59783144509226,1.0,1,1,0.0,0.0,0.0,0.0,0.0,0.0,0.0,0.0,0.0,0.0,83262.0,83262.0,0.0,2.0,1.0,9.0,0.0,"5,5,5,5,5,5,5,5,5,5","0:4-5;1:11-0,8-0,0-11,10-0,0-13,0-5;2:4-5;3:8-5;4:10-13,10-5,8-5,8-13,0-5,6-5;5:2-1,3-5,2-5,11-5,1-5,10-5;6:1-7;7:0-7;8:0-7;9:1-7"
164,proposed_c2f_adaptive_pd,7,10,0.7,13,300,0.043333333333333335,16,8,8,5120.0,8.533333333333333,404.55151955539225,56.021497729537856,1.0,3,1,0.0,0.0,0.0,0.0,0.0,0.0,0.0,0.0,0.0,0.0,98349.0,98349.0,0.0,3.0,1.0,8.0,0.0,"8,8,8,8,8,8,8,8,8,8","0:2-8;1:6-8;2:6-8;3:9-6,7-6,1-6,0-6,6-8;4:3-8;5:7-8,7-0;6:3-10;7:0-10;8:6-8,8-6;9:3-8"
165,proposed_c2f_adaptive_pd,8,10,0.8,16,300,0.05333333333333334,32,23,9,14720.0,24.533333333333335,666.1614114485918,75.18979596675027,0.84375,6,1,0.0,0.0,0.0,0.0,0.0,0.0,0.0,0.0,0.0,0.0,159220.0,159220.0,0.0,3.0,1.0,9.0,0.0,"3,3,3,3,3,3,3,3,3,3","0:13-3,4-3;1:8-3;2:2-4;3:13-3,1-3;4:10-6;5:0-3;6:10-2,10-0,6-2,6-0,10-4,2-6;7:10-5,10-0,6-5,0-5,10-6,6-0;8:12-2,2-12,6-2,12-3,2-3,8-3;9:10-5,6-0,0-5,4-0,10-0,6-5"
166,proposed_c2f_adaptive_pd,6,10,0.6,16,270,0.05925925925925926,11,2,9,1280.0,2.1333333333333333,49.257428132321806,16.356982708015494,0.9090909090909091,1,1,0.0,0.0,0.0,0.0,0.0,0.0,0.0,0.0,0.0,0.0,107158.0,107158.0,0.0,4.0,1.0,5.0,0.0,"0,0,0,0,0,0,0,0,0,0","0:4-0;1:11-0,11-1;2:13-0;3:13-0;4:0-3;5:7-0;6:11-0;7:7-0;8:4-0;9:7-0"
167,proposed_c2f_adaptive_pd,8,10,0.8,8,300,0.02666666666666667,22,12,10,7680.0,12.8,94.69487307940126,12.986743932160087,1.0,8,1,0.0,0.0,0.0,0.0,0.0,0.0,0.0,0.0,0.0,0.0,181800.0,181800.0,0.0,4.0,1.0,7.0,0.0,"5,5,5,5,5,5,5,5,5,5","0:6-11;1:6-9,6-12,6-11,6-5,9-12,11-9;2:14-5,2-5;3:14-5;4:2-10;5:2-5;6:6-9;7:14-5,2-5;8:5-12,6-12,12-4,12-5,9-12,6-5;9:11-5"
168,proposed_c2f_adaptive_pd,7,10,0.7,9,300,0.03,26,16,10,10240.0,17.066666666666666,15323.046936407369,17.10957904321574,0.9230769230769231,8,1,0.0,0.0,0.0,0.0,0.0,0.0,0.0,0.0,0.0,0.0,178410.0,178410.0,0.0,3.0,1.0,9.0,0.0,"9,9,9,9,9,9,9,9,9,9","0:5-9;1:5-7;2:3-1;3:6-0,6-9,0-9,7-9,2-9,4-9;4:6-0,0-6;5:4-7;6:3-9;7:6-0;8:10-8,11-10,3-10,11-8,10-1,10-9;9:6-0,0-6,2-6,7-6,6-9,0-9"
169,proposed_c2f_adaptive_pd,10,10,1.0,21,300,0.07,27,18,9,11520.0,19.200000000000003,863.1476226306593,172.6230771853372,1.0,6,1,0.0,0.0,0.0,0.0,0.0,0.0,0.0,0.0,0.0,0.0,96223.0,96223.0,0.0,2.0,1.0,11.0,0.0,"0,0,0,0,0,0,0,0,0,0","0:0-3;1:11-0,9-0;2:6-11;3:2-0;4:11-5,5-0,5-11,5-8,7-10,8-5;5:8-0;6:1-13,2-13,14-13,13-2,6-13,13-3;7:8-0,9-0;8:1-0;9:5-10,5-8,5-0,11-5,5-11,8-5"
170,proposed_c2f_adaptive_pd,7,10,0.7,12,300,0.04,11,6,5,3840.0,6.4,143564.49928341265,125.7700638463991,1.0,6,1,0.0,0.0,0.0,0.0,0.0,0.0,0.0,0.0,0.0,0.0,169783.0,169783.0,0.0,5.0,1.0,4.0,0.0,"6,6,6,6,6,6,6,6,6,6","0:0-10;1:4-6;2:4-14;3:0-6;4:4-6;5:1-13;6:0-1,1-13;7:4-6;8:6-5;9:0-6"
171,proposed_c2f_adaptive_pd,5,10,0.5,15,270,0.05555555555555555,40,22,18,14080.0,23.46666666666667,32.961248663931215,8.081779310012244,0.85,9,0,0.0,0.0,0.0,0.0,0.0,0.0,0.0,0.0,0.0,0.0,163923.0,163923.0,0.0,3.0,1.0,11.0,0.0,"6,6,6,6,6,6,6,6,6,6","0:1-6;1:6-12,12-6,14-6,7-6,1-6,3-6;2:2-0;3:7-14,7-6,1-6,14-6,2-6,12-6;4:4-11;5:9-3,13-3,5-3,9-11,13-11,9-6;6:4-8,4-3,4-12,5-8,4-6,9-8;7:9-3;8:4-8,4-6,9-6,13-6,3-6,5-6;9:9-3,13-3,5-3,2-3,1-3,9-0"
172,proposed_c2f_adaptive_pd,10,10,1.0,9,300,0.03,12,7,5,4480.0,7.466666666666667,387.6905761925969,69.83804464862793,1.0,7,1,0.0,0.0,0.0,0.0,0.0,0.0,0.0,0.0,0.0,0.0,218861.0,218861.0,0.0,5.0,1.0,5.0,0.0,"4,4,4,4,4,4,4,4,4,4","0:0-4;1:0-4,0-1;2:8-4;3:0-1;4:10-4;5:0-10;6:10-3;7:7-0,14-7;8:0-9;9:10-4"
173,proposed_c2f_adaptive_pd,6,10,0.6,15,270,0.05555555555555555,45,27,18,17280.0,28.800000000000004,751.7502849078519,6.896094020336237,0.9111111111111111,7,0,0.0,0.0,0.0,0.0,0.0,0.0,0.0,0.0,0.0,0.0,130189.0,130189.0,0.0,2.0,1.0,11.0,0.0,"11,11,11,11,11,11,11,11,11,11","0:6-0,0-6,0-1,0-11,0-8,0-2;1:7-6,7-10,6-11,10-11,0-11,3-11;2:1-8;3:7-11;4:9-12,9-5,5-9,4-9,14-12,9-11;5:9-5,5-9,5-12,9-12,9-1,5-1;6:4-13,4-1,4-11,14-11,13-11,9-11;7:6-3,3-6,7-6,6-2,6-11,7-3;8:5-11;9:6-3,6-11,3-11,7-11,10-11,0-11"
174,proposed_c2f_adaptive_pd,9,10,0.9,13,300,0.043333333333333335,30,13,17,8320.0,13.866666666666667,296.60413567654956,56.995924368349556,1.0,7,1,0.0,0.0,0.0,0.0,0.0,0.0,0.0,0.0,0.0,0.0,101920.0,101920.0,0.0,2.0,1.0,10.0,0.0,"14,14,14,14,14,14,14,14,14,14","0:0-2;1:1-2,1-7,1-14,2-14,6-14,7-14;2:1-7;3:2-14;4:12-14;5:13-8,12-8,8-14,5-8,13-14,12-14;6:12-14;7:8-14,13-8,13-14,12-14,12-8,14-8;8:5-6;9:14-3,12-14,14-9,13-14,5-14,8-14"
175,proposed_c2f_adaptive_pd,5,10,0.5,10,300,0.03333333333333333,26,15,11,9600.0,16.0,398.410713149906,4.978007659380839,1.0,1,1,0.0,0.0,0.0,0.0,0.0,0.0,0.0,0.0,0.0,0.0,208027.0,208027.0,0.0,4.0,1.0,9.0,0.0,"11,11,11,11,11,11,11,11,11,11","0:4-11;1:8-10,7-10,8-4,8-0,10-0,7-0;2:12-1,5-11;3:12-2;4:7-5;5:3-11;6:1-5;7:7-10,7-11,10-11,5-11,1-11,8-11;8:6-4,6-2,6-3,6-11,6-0,8-11;9:1-11"
176,proposed_c2f_adaptive_pd,6,10,0.6,11,240,0.04583333333333333,13,6,7,3840.0,6.4,439.3846190418907,41.84423031184001,0.8461538461538461,0,1,0.0,0.0,0.0,0.0,0.0,0.0,0.0,0.0,0.0,0.0,249990.0,249990.0,0.0,6.0,1.0,5.0,0.0,"13,13,13,13,13,13,13,13,13,13","0:2-11,2-12,2-7;1:0-13,8-13;2:12-13;3:2-12;4:0-13;5:0-13;6:3-13;7:12-1;8:8-13;9:0-4"
177,proposed_c2f_adaptive_pd,7,10,0.7,7,300,0.023333333333333334,21,12,9,7680.0,12.8,12653.725352013702,3.9158529340468675,1.0,5,1,0.0,0.0,0.0,0.0,0.0,0.0,0.0,0.0,0.0,0.0,129467.0,129467.0,0.0,3.0,1.0,11.0,0.0,"13,13,13,13,13,13,13,13,13,13","0:9-13,11-13,5-13;1:0-11;2:3-4;3:6-11;4:0-13;5:1-10,10-0,2-10,0-10,10-13,1-0;6:8-13;7:5-13,3-5;8:11-13;9:8-11,7-8,2-8,8-13"
178,proposed_c2f_adaptive_pd,9,10,0.9,12,300,0.04,35,33,2,21120.0,35.2,3434.638468492171,77.09505762855393,0.8857142857142857,8,1,0.0,0.0,0.0,0.0,0.0,0.0,0.0,0.0,0.0,0.0,180256.0,180256.0,0.0,3.0,1.0,10.0,0.0,"11,11,11,11,11,11,11,11,11,11","0:0-2;1:7-2,2-0,7-0,0-2,7-1,10-2;2:3-13,3-8,3-4,13-1,3-14,13-4;3:3-13,3-4,3-14,3-8,3-1,3-12;4:0-11;5:3-1,13-1,3-10,13-10,3-13,3-8;6:14-8;7:1-11;8:14-8,8-14,4-8,3-8,4-14,3-14;9:10-1"
179,proposed_c2f_adaptive_pd,7,10,0.7,16,300,0.05333333333333334,41,26,15,16640.0,27.733333333333334,792.2166626490031,171.92522603814172,0.8780487804878049,5,1,0.0,0.0,0.0,0.0,0.0,0.0,0.0,0.0,0.0,0.0,107617.0,107617.0,0.0,2.0,1.0,12.0,0.0,"2,2,2,2,2,2,2,2,2,2","0:10-7,7-2,10-2,6-2,1-2,8-2;1:4-8,11-8,8-11,4-11,7-8,8-2;2:6-7,6-2;3:4-8,4-14,4-7,1-8,1-14,1-7;4:2-14,14-2,7-2,10-2,6-2,1-2;5:5-13,5-0,13-0,0-13,13-5,8-0;6:1-2;7:10-7;8:1-14,10-14,1-2,6-14,1-7,10-7;9:7-2"
180,proposed_c2f_adaptive_pd,2,10,0.2,7,300,0.023333333333333334,55,44,11,28160.0,46.93333333333334,9.23848782914972,1.7978350406425931,1.0,9,0,0.0,0.0,0.0,0.0,0.0,0.0,0.0,0.0,0.0,0.0,79956.0,79956.0,0.0,2.0,1.0,12.0,0.0,"3,3,3,3,3,3,3,3,3,3","0:14-2,8-2,14-0,12-2,2-0,1-2;1:3-4,4-3,11-3,5-3,0-3,9-3;2:9-5,9-11,9-3,9-8,8-4,9-0;3:13-2,13-5,13-0,13-4,13-8,13-3;4:4-11,11-4,3-11,3-4,12-11,4-3;5:14-0,12-0,2-0,0-2,14-2,8-0;6:13-2,13-5,13-8,13-0,13-4,13-11;7:5-3;8:9-8,8-5,9-5,9-2,9-3,8-3;9:12-11,12-2,14-11,14-2,12-0,12-4"
181,proposed_c2f_adaptive_pd,7,10,0.7,11,270,0.040740740740740744,17,10,7,6400.0,10.666666666666668,5711.379376619051,18.566266649896505,0.6470588235294118,4,0,0.0,0.0,0.0,0.0,0.0,0.0,0.0,0.0,0.0,0.0,332042.0,332042.0,0.0,6.0,0.0,6.0,0.0,"12,12,12,12,12,12,12,12,12,12","0:1-0;1:5-12,4-12,11-12;2:14-3;3:4-12;4:11-14,6-9,6-13,6-11,11-9,6-8;5:5-12;6:5-12;7:14-1;8:4-9;9:5-12"
182,proposed_c2f_adaptive_pd,6,10,0.6,17,300,0.056666666666666664,16,10,6,6400.0,10.666666666666668,41.71418806096141,23.480285019660137,1.0,9,1,0.0,0.0,0.0,0.0,0.0,0.0,0.0,0.0,0.0,0.0,144705.0,144705.0,0.0,4.0,1.0,8.0,0.0,"6,6,6,6,6,6,6,6,6,6","0:11-6;1:2-3,2-6;2:0-3;3:11-6;4:10-4;5:10-6;6:10-6;7:6-12;8:0-6;9:8-10,9-10,1-10,2-10,0-10,11-10"
183,proposed_c2f_adaptive_pd,8,10,0.8,14,300,0.04666666666666667,39,23,16,14720.0,24.533333333333335,218.273428369187,22.854666260268868,0.9230769230769231,1,0,0.0,0.0,0.0,0.0,0.0,0.0,0.0,0.0,0.0,0.0,181737.0,181737.0,0.0,3.0,1.0,9.0,0.0,"9,9,9,9,9,9,9,9,9,9","0:10-14,14-9,10-9,5-9,3-9;1:6-12,12-13,1-12,6-13,11-12,1-13;2:6-13,11-12,1-13,1-12,3-12,6-9;3:1-9;4:9-0,14-9,5-9,6-9,3-9,12-9;5:14-0,9-0,14-9,5-9,3-9,11-9;6:1-4;7:6-13;8:5-9;9:1-4,11-4,11-1,11-12,6-4,3-1"
184,proposed_c2f_adaptive_pd,8,10,0.8,10,300,0.03333333333333333,45,28,17,17920.0,29.866666666666667,163.37638768541404,10.42322130210254,0.9111111111111111,0,1,0.0,0.0,0.0,0.0,0.0,0.0,0.0,0.0,0.0,0.0,146604.0,146604.0,0.0,3.0,1.0,11.0,0.0,"14,14,14,14,14,14,14,14,14,14","0:0-4,12-4,0-6,0-14,12-14,0-11;1:3-11,11-3,3-4,12-11,11-14,0-11;2:9-4;3:8-4;4:9-4,3-14,9-14,11-14,12-14,4-14;5:0-4,12-14,12-6,12-3,12-11,0-6;6:2-4;7:8-4,8-6,13-4,8-14,2-4,13-6;8:11-4,3-4,3-14,11-14,4-14,12-14;9:1-14,14-1,14-6,1-6,11-14,3-14"
185,proposed_c2f_adaptive_pd,10,10,1.0,12,300,0.04,35,19,16,12160.0,20.26666666666667,5346.979095515577,190.12718998289841,1.0,3,1,0.0,0.0,0.0,0.0,0.0,0.0,0.0,0.0,0.0,0.0,163361.0,163361.0,0.0,3.0,1.0,10.0,0.0,"4,4,4,4,4,4,4,4,4,4","0:5-2,11-6,2-5,5-6,2-6,2-4;1:10-12,3-12,12-7,12-6,12-1,12-4;2:12-6,5-6,6-12,2-12,12-4,5-4;3:14-1,14-4,14-7,1-4,14-0,9-1;4:5-4;5:5-4;6:3-4;7:1-4;8:5-6,6-4,5-4,10-4,11-4,3-4;9:11-4"
186,proposed_c2f_adaptive_pd,8,10,0.8,18,300,0.06,25,16,9,10240.0,17.066666666666666,1530.2074726576463,103.8631586551852,1.0,8,1,0.0,0.0,0.0,0.0,0.0,0.0,0.0,0.0,0.0,0.0,194199.0,194199.0,0.0,4.0,1.0,7.0,0.0,"6,6,6,6,6,6,6,6,6,6","0:1-4,1-11,7-4,7-1,7-11,1-7;1:1-4;2:5-9;3:1-4;4:14-6;5:14-6;6:2-6;7:14-2,14-6,13-6,2-6,4-6,7-6;8:14-2,14-4,2-14,14-5,1-14,7-14;9:5-6"
187,proposed_c2f_adaptive_pd,8,10,0.8,15,300,0.05,40,16,24,10240.0,17.066666666666666,544.4936251284054,111.04421729722975,1.0,9,1,0.0,0.0,0.0,0.0,0.0,0.0,0.0,0.0,0.0,0.0,72664.0,72664.0,0.0,2.0,1.0,12.0,0.0,"6,6,6,6,6,6,6,6,6,6","0:2-6,7-6,0-6,11-6,13-6,12-6;1:10-13,10-11,10-6,13-6,11-6,8-6;2:8-13,8-6,9-6,1-6,13-6,12-6;3:8-1,8-7,8-6,4-6,12-6,1-6;4:10-11;5:0-6;6:8-13,8-6,8-2,8-0,8-11,8-7;7:9-6;8:0-11;9:2-6,6-2,2-11,6-11,11-6,11-2"
188,proposed_c2f_adaptive_pd,10,10,1.0,10,300,0.03333333333333333,40,23,17,14720.0,24.533333333333335,909.1317682813053,40.75675586953744,1.0,5,1,0.0,0.0,0.0,0.0,0.0,0.0,0.0,0.0,0.0,0.0,206585.0,206585.0,0.0,3.0,1.0,11.0,0.0,"5,5,5,5,5,5,5,5,5,5","0:12-5,2-5,14-5,13-5,11-5,3-5;1:3-13;2:12-5;3:4-5;4:12-5,13-5,2-5,14-5,7-5,11-5;5:1-13,3-13,4-13,13-1,4-1,3-1;6:6-11,11-6,6-5,11-9,9-11,6-1;7:3-1,4-1,3-13,4-13,14-1,4-5;8:12-5;9:3-13,4-13,7-13,1-13,13-1,2-13"
189,proposed_c2f_adaptive_pd,9,10,0.9,17,300,0.056666666666666664,38,16,22,10240.0,17.066666666666666,30.503162825664408,12.749857131020118,0.9736842105263158,2,1,0.0,0.0,0.0,0.0,0.0,0.0,0.0,0.0,0.0,0.0,115252.0,115252.0,0.0,2.0,1.0,10.0,0.0,"0,0,0,0,0,0,0,0,0,0","0:12-3,12-9,12-0,12-5,12-2,12-4;1:12-4,12-0,7-0,14-0,13-0,3-0;2:13-2,13-5,13-1,13-4,13-0,13-11;3:4-0;4:1-0;5:12-4,12-0,14-0,3-0,7-0,9-0;6:3-9,3-0,14-0;7:14-3,3-0,14-0,12-0,9-0,7-0;8:2-9;9:0-6,2-0"
190,proposed_c2f_adaptive_pd,9,10,0.9,13,300,0.043333333333333335,13,5,8,3200.0,5.333333333333334,538.7423879571411,150.84195214017439,1.0,7,1,0.0,0.0,0.0,0.0,0.0,0.0,0.0,0.0,0.0,0.0,113134.0,113134.0,0.0,3.0,1.0,6.0,0.0,"2,2,2,2,2,2,2,2,2,2","0:6-10,7-2;1:4-2,2-11;2:0-5;3:4-2;4:4-2;5:7-9;6:0-9;7:3-2,4-2;8:7-2;9:6-2"
191,proposed_c2f_adaptive_pd,8,10,0.8,13,300,0.043333333333333335,35,24,11,15360.0,25.6,341.1644145112155,22.012736292365794,1.0,7,1,0.0,0.0,0.0,0.0,0.0,0.0,0.0,0.0,0.0,0.0,103796.0,103796.0,0.0,2.0,1.0,11.0,0.0,"0,0,0,0,0,0,0,0,0,0","0:7-13,11-1,7-1,7-0,11-0,3-0;1:0-12,12-0,8-0,14-0,10-0,6-0;2:10-0;3:6-12,1-12,8-12,13-12,6-8,7-12;4:6-12,1-12,6-8,6-0,13-12,1-0;5:1-8;6:6-1;7:6-12,1-12,7-12,6-1,11-12,3-12;8:7-1;9:1-10"
192,proposed_c2f_adaptive_pd,9,10,0.9,18,300,0.06,33,13,20,8320.0,13.866666666666667,220.67919247647137,17.803880926708445,1.0,0,1,0.0,0.0,0.0,0.0,0.0,0.0,0.0,0.0,0.0,0.0,132880.0,132880.0,0.0,3.0,1.0,10.0,0.0,"13,13,13,13,13,13,13,13,13,13","0:1-2,9-10,1-10,0-2,9-13,1-13;1:3-2,9-2,3-11,1-2,3-13,3-10;2:3-11,11-13;3:4-13,11-13,6-13,3-13,7-13,9-13;4:11-13;5:0-2;6:3-11,11-13,3-13,4-13,6-13,9-13;7:10-13;8:4-11,4-13;9:2-13,7-13"
193,proposed_c2f_adaptive_pd,9,10,0.9,12,300,0.04,36,22,14,14080.0,23.46666666666667,563.4800831363455,165.1111887360553,1.0,2,1,0.0,0.0,0.0,0.0,0.0,0.0,0.0,0.0,0.0,0.0,250230.0,250230.0,0.0,4.0,1.0,8.0,0.0,"7,7,7,7,7,7,7,7,7,7","0:6-2,2-7,6-7,11-7,0-7,8-7;1:10-2,10-7;2:10-0,10-12,0-12,0-7,0-10,10-7;3:8-7;4:0-2;5:0-4;6:10-2;7:6-2,6-11,6-7,6-14,6-3,11-2;8:8-7,8-3,8-14,11-7,9-7,1-7;9:0-2,10-0,0-12,0-9,0-1,0-14"
194,proposed_c2f_adaptive_pd,8,10,0.8,15,300,0.05,29,17,12,10880.0,18.133333333333333,369.44558692828406,30.68883168532161,1.0,2,1,0.0,0.0,0.0,0.0,0.0,0.0,0.0,0.0,0.0,0.0,126433.0,126433.0,0.0,2.0,1.0,12.0,0.0,"2,2,2,2,2,2,2,2,2,2","0:11-12,11-10,6-10,6-12,11-2,6-2;1:0-14,0-2,3-2;2:8-9,13-9,9-8,1-9,9-13,4-9;3:8-10,8-2,7-2;4:6-10,7-10,10-2,11-10,2-10,13-10;5:10-2;6:10-2;7:7-2;8:7-2;9:3-2"
195,proposed_c2f_adaptive_pd,9,10,0.9,18,270,0.06666666666666667,20,8,12,5120.0,8.533333333333333,518.3211893580042,8.939743786677909,0.7,6,0,0.0,0.0,0.0,0.0,0.0,0.0,0.0,0.0,0.0,0.0,135383.0,135383.0,0.0,3.0,1.0,10.0,0.0,"7,7,7,7,7,7,7,7,7,7","0:0-5;1:0-5;2:2-7;3:9-6,9-7,0-7,14-7,6-7,8-7;4:5-7;5:10-7;6:10-5,5-7,10-7,5-10,7-5,1-5;7:1-7;8:1-7;9:2-12"
196,proposed_c2f_adaptive_pd,9,10,0.9,18,300,0.06,39,28,11,17920.0,29.866666666666667,4469.587613032158,433.3746307211346,1.0,6,1,0.0,0.0,0.0,0.0,0.0,0.0,0.0,0.0,0.0,0.0,249574.0,249574.0,0.0,4.0,1.0,8.0,0.0,"5,5,5,5,5,5,5,5,5,5","0:9-3,9-6,9-11,3-9,7-6,9-5;1:11-3,3-11,9-11,11-9,9-3,11-6;2:7-5;3:4-8,11-8,8-5,4-5,11-5;4:7-6,6-7,1-7,7-13,11-7,3-7;5:7-5,1-5;6:11-3,3-11,9-11,11-9,11-6,3-8;7:1-5;8:11-6,9-6,6-11,6-5,11-5;9:8-5"
197,proposed_c2f_adaptive_pd,6,10,0.6,9,300,0.03,30,12,18,7680.0,12.8,279.53246680875225,14.01745322005359,0.9,4,1,0.0,0.0,0.0,0.0,0.0,0.0,0.0,0.0,0.0,0.0,291559.0,291559.0,0.0,5.0,1.0,7.0,0.0,"4,4,4,4,4,4,4,4,4,4","0:1-4;1:14-2,14-4,3-4,1-4,5-4,8-4;2:7-9,8-9,9-12,9-6,9-4,7-4;3:14-4,1-4,5-4,3-4,9-4,7-4;4:8-9,8-5,8-2,9-5,5-9,8-6;5:8-4;6:1-4;7:3-4;8:5-4;9:7-9"
198,proposed_c2f_adaptive_pd,10,10,1.0,13,300,0.043333333333333335,32,23,9,14720.0,24.533333333333335,959.1648913630522,203.18776554135798,1.0,8,1,0.0,0.0,0.0,0.0,0.0,0.0,0.0,0.0,0.0,0.0,202222.0,202222.0,0.0,3.0,1.0,10.0,0.0,"12,12,12,12,12,12,12,12,12,12","0:2-12;1:7-11,7-3,9-3,9-11,7-4,7-10;2:2-13,13-2,2-12,13-12,6-12,4-12;3:2-12;4:3-14;5:9-3,7-3,9-10,7-1,7-10,3-1;6:3-1;7:0-7,7-11,7-3,7-12,0-12,11-12;8:5-6,4-6,13-6;9:0-4"
199,proposed_c2f_adaptive_pd,8,10,0.8,19,300,0.06333333333333334,43,25,18,16000.0,26.666666666666668,210.14340287244082,24.031703574209814,0.9534883720930233,2,0,0.0,0.0,0.0,0.0,0.0,0.0,0.0,0.0,0.0,0.0,120884.0,120884.0,0.0,2.0,1.0,12.0,0.0,"2,2,2,2,2,2,2,2,2,2","0:7-6,0-2,6-2,7-2;1:0-6,0-4,7-6,0-2,7-2,6-2;2:11-5,11-6,11-0,8-0,8-5,8-6;3:10-5,10-2,3-2,11-2,5-2,8-2;4:12-5,5-12,14-5,9-5,2-5,14-12;5:10-5,10-2,5-2,8-2,14-2,3-2;6:0-2;7:10-5,8-5,11-5,3-5,7-5,10-4;8:9-5;9:10-2"
