split,scene_id,receiver,target,realisation,direct_gain_boost_db,arm,selected_base_arm,conflict_index,direct_inr_db,tested_protected,n_protected_targets,stat_h0,stat_h1,raw_stat_h0,raw_stat_h1,target_direction_inflation_h0,whitened_residual_power_h0,whitened_residual_ratio_h0,dof_real,identifiable_fraction,ncp_unit,glrt_neighbourhood_size,glrt_selected_offset_delay,glrt_selected_offset_doppler,kappa_accounted_db,kappa_structural_db,i_in,i_res,i_res_structural,i_res_estimate,eta_survive_q,eta_survive_field,eta_survive_pred_q,eta_survive_risk_q,eta_protect,s_q_energy,post_ic_sinr,protect_dim,n_coefficients,calibration_error_db
calibration,0,1,1,0,30.0,perfect_channel,perfect_channel,0.024893348180992068,26.13659321281507,0,1,6.155167816496389,12.23773799057197,6.155167816496389,12.23773799057197,1.231033563299278,16419.967532679235,1.002195283977004,10,0.9768413488137017,2.779641580838339,9,-0.25,0.25,inf,inf,2.5785792840542185e-07,0.0,0.0,0.0,1.0,1.0,1.0,1.0,0.06630804205663869,1.1766538647253003e-13,0.00018746817760420162,0,15,nan
calibration,1,1,1,0,30.0,perfect_channel,perfect_channel,0.22444126138317474,23.69222959458329,0,1,8.081229045034668,13.701160648731825,8.081229045034668,13.701160648731825,1.6162458090069336,16463.352742520532,1.0048433070386067,10,0.9930517573922966,0.9733968408425043,9,0.25,-0.25,inf,inf,1.468737310549013e-07,0.0,0.0,0.0,1.0,1.0,1.0,1.0,0.04887434681302375,3.8831712095432415e-14,6.186789945640691e-05,0,15,nan
calibration,2,1,1,0,30.0,perfect_channel,perfect_channel,0.0057153962857055965,37.64893462412937,0,1,7.2747201267491945,5.797647961436077,7.2747201267491945,5.797647961436077,1.454944025349839,16190.120601480012,0.9881665406176765,10,0.9832939305237546,1.650483636824074,9,0.25,-0.25,inf,inf,3.6527052632822063e-06,0.0,0.0,0.0,1.0,1.0,1.0,1.0,0.21591592732898818,6.576852273376564e-14,0.00010478446950495486,0,15,nan
calibration,3,1,1,0,30.0,perfect_channel,perfect_channel,0.0010922971251894561,34.24356475634946,1,1,7.009264257134007,9.725609980941098,7.009264257134007,9.725609980941098,1.4018528514268014,16364.272542384952,0.9987959315420503,10,0.9656343244425584,0.2623859288579425,9,-0.25,0.0,inf,inf,1.6675453114460281e-06,0.0,0.0,0.0,1.0,1.0,1.0,1.0,0.09202162605222568,1.1260262161954142e-14,1.7940202213502332e-05,0,15,nan
calibration,4,1,1,0,30.0,perfect_channel,perfect_channel,0.9993200023285013,27.127081387552817,0,1,13.82650158338201,7.785084862793624,13.82650158338201,7.785084862793624,2.765300316676402,16556.83465229204,1.010548990008059,10,0.9999533740585628,24.85206573735679,9,-0.25,0.0,inf,inf,3.2391369237520404e-07,0.0,0.0,0.0,1.0,1.0,1.0,1.0,0.02008553318336309,9.62376295677107e-13,0.0015332880444172844,0,15,nan
calibration,5,1,1,0,30.0,perfect_channel,perfect_channel,0.06577156155417425,33.78887400819928,0,1,4.6687449034976565,14.351966619952508,4.6687449034976565,14.351966619952508,0.9337489806995313,16464.13580255998,1.0048911012304675,10,0.9975022248280374,4.990866022978635,9,0.0,-0.25,inf,inf,1.5017877891758955e-06,0.0,0.0,0.0,1.0,1.0,1.0,1.0,0.014070593717262924,1.7309902065492824e-13,0.00027578677910370275,0,15,nan
calibration,6,1,1,0,30.0,perfect_channel,perfect_channel,0.0018321313063814034,30.68345279973938,0,1,9.616746777525933,5.514687389656386,9.616746777525933,5.514687389656386,1.9233493555051866,16376.588043971273,0.9995476101056685,10,0.9995717171398302,0.1789535945670459,9,0.25,0.25,inf,inf,7.346262589284775e-07,0.0,0.0,0.0,1.0,1.0,1.0,1.0,0.16320252370548063,7.436029974713548e-15,1.184731576346126e-05,0,15,nan
calibration,7,1,1,0,30.0,perfect_channel,perfect_channel,0.7006663144846748,27.079229887071982,0,1,5.855704460786842,11.47380308441514,5.855704460786842,11.47380308441514,1.1711408921573683,16352.557232990615,0.9980808858026499,10,0.8904775719698343,1.6882477417161974,9,0.25,0.0,inf,inf,3.2036433133636793e-07,0.0,0.0,0.0,1.0,1.0,1.0,1.0,0.17412685453012802,7.09372122359522e-14,0.0001130193874415317,0,15,nan
calibration,8,1,1,0,30.0,perfect_channel,perfect_channel,0.014944706640442836,28.60647313612752,0,1,8.12862100119915,7.254414423734266,8.12862100119915,7.254414423734266,1.62572420023983,16364.811029924083,0.9988287982131399,10,0.5578031032300718,0.453172493185601,9,-0.25,-0.25,inf,inf,4.5537426325683843e-07,0.0,0.0,0.0,1.0,1.0,1.0,1.0,0.08786486401661277,3.202169975172028e-14,5.1017974582060964e-05,0,15,nan
calibration,9,1,1,0,30.0,perfect_channel,perfect_channel,0.07730354278412044,26.90314938472622,0,1,4.750940966629443,9.178378097334871,4.750940966629443,9.178378097334871,0.9501881933258887,16269.144217314626,0.9929897593575822,10,0.9950349024224783,0.6117976751752835,9,-0.25,0.25,inf,inf,3.076352566597908e-07,0.0,0.0,0.0,1.0,1.0,1.0,1.0,0.18598800195665013,2.5294903787567413e-14,4.030063264897309e-05,0,15,nan
calibration,10,1,1,0,30.0,perfect_channel,perfect_channel,0.006467772580033957,27.83373153820584,0,1,6.679607034622748,7.780539484538429,6.679607034622748,7.780539484538429,1.3359214069245495,16375.108926939987,0.999457331966552,10,0.9991213314240619,0.2315863299230756,9,-0.25,0.25,inf,inf,3.8114859378768095e-07,0.0,0.0,0.0,1.0,1.0,1.0,1.0,0.29737311869226807,1.0459155634809796e-14,1.6663854213356658e-05,0,15,nan
calibration,11,1,1,0,30.0,perfect_channel,perfect_channel,0.005153901226093305,33.21555734085276,0,1,6.445669470656998,6.651951205397255,6.445669470656998,6.651951205397255,1.2891338941313997,16133.226185331314,0.9846939810382882,10,0.9642979543566479,0.7574336147852017,9,0.25,0.0,inf,inf,1.3160636745886935e-06,0.0,0.0,0.0,1.0,1.0,1.0,1.0,0.1298393198592257,3.103150593194497e-14,4.944036678733743e-05,0,15,nan
calibration,12,1,1,0,30.0,perfect_channel,perfect_channel,0.5011065738422205,25.992064781758046,1,1,8.280125739557084,4.708953281631524,8.280125739557084,4.708953281631524,1.6560251479114168,16337.98468500618,0.9971914480594593,10,0.9941223667628334,0.39055696791106764,9,0.25,0.25,inf,inf,2.4941791599872085e-07,0.0,0.0,0.0,1.0,1.0,1.0,1.0,0.16474625741701862,1.4654776830226112e-14,2.3348449258696387e-05,0,15,nan
calibration,13,1,1,0,30.0,perfect_channel,perfect_channel,0.010671116617937954,28.167182259599866,1,1,4.223578794442375,6.615516720282934,4.223578794442375,6.615516720282934,0.8447157588884749,16613.87170165596,1.014030255228025,10,0.9988864325507523,0.4028742821317378,9,0.25,-0.25,inf,inf,4.1156590903956725e-07,0.0,0.0,0.0,1.0,1.0,1.0,1.0,0.023790458708956214,1.4849323996658224e-14,2.365840789515235e-05,0,15,nan
calibration,14,1,1,0,30.0,perfect_channel,perfect_channel,0.0012514762238720922,34.235266710950604,1,1,3.3939692348047523,4.0878375499106365,3.3939692348047523,4.0878375499106365,0.6787938469609505,16382.901296387601,0.9999329404533448,10,0.9990541700483899,0.2686372710011455,9,0.25,-0.25,inf,inf,1.6643621819813574e-06,0.0,0.0,0.0,1.0,1.0,1.0,1.0,0.24151981599974,1.6045615983449978e-14,2.5564377742102342e-05,0,15,nan
calibration,15,1,1,0,30.0,perfect_channel,perfect_channel,4.865890689027442e-05,37.24372350055958,1,1,3.438781204424691,11.488267585686451,3.438781204424691,11.488267585686451,0.6877562408849383,16202.411310919517,0.98891670598874,10,0.9976176306921352,0.1509736680495203,9,0.25,0.25,inf,inf,3.3273119367972003e-06,0.0,0.0,0.0,1.0,1.0,1.0,1.0,0.19837656985299287,5.4555488462152926e-15,8.691951224495857e-06,0,15,nan
calibration,16,1,1,0,30.0,perfect_channel,perfect_channel,0.44186308427241744,29.94387658514677,0,1,8.678025559815715,6.124314832362587,8.678025559815715,6.124314832362587,1.735605111963143,16389.065822621415,1.0003091932752328,10,0.9777300391050981,3.013707568908875,9,-0.25,-0.25,inf,inf,6.195963155009656e-07,0.0,0.0,0.0,1.0,1.0,1.0,1.0,0.058333233331501144,1.255984431773812e-13,0.00020010737191506584,0,15,nan
calibration,17,1,1,0,30.0,perfect_channel,perfect_channel,0.0015574501922888792,32.579002808382235,0,1,4.512343156781912,6.631844738343757,4.512343156781912,6.631844738343757,0.9024686313563824,16263.466027251145,0.9926431901398404,10,0.7570798433578215,0.27107739182987556,9,-0.25,0.25,inf,inf,1.1366361092906967e-06,0.0,0.0,0.0,1.0,1.0,1.0,1.0,0.4364022525476321,1.4015540868251056e-14,2.2329998510833427e-05,0,15,nan
calibration,18,1,1,0,30.0,perfect_channel,perfect_channel,0.00012328394483024368,30.764143308991873,0,1,4.674043437429652,8.063661303477451,4.674043437429652,8.063661303477451,0.9348086874859304,16280.172183908508,0.9936628530217595,10,0.9999899939622626,0.5300242952433323,9,-0.25,-0.25,inf,inf,7.484029641254203e-07,0.0,0.0,0.0,1.0,1.0,1.0,1.0,0.028792318603672613,1.773681529087612e-14,2.8258849426880128e-05,0,15,nan
calibration,19,1,1,0,30.0,perfect_channel,perfect_channel,0.02584740045126713,29.285346509339803,0,1,6.7078169877517535,12.32486213588821,6.7078169877517535,12.32486213588821,1.3415633975503507,16517.614403265186,1.0081551759805412,10,0.9997387056507617,0.462415115222249,9,-0.25,0.25,inf,inf,5.324217872350294e-07,0.0,0.0,0.0,1.0,1.0,1.0,1.0,0.0267837894516264,2.093002386464894e-14,3.334636929981282e-05,0,15,nan
test,20,1,1,0,30.0,perfect_channel,perfect_channel,0.3556848410216591,23.034660093147586,0,1,5.686071028473531,7.199981121647247,5.686071028473531,7.199981121647247,1.1372142056947063,16358.992322510197,0.9984736524969603,10,0.9986409218759447,0.8203994780761645,9,-0.25,-0.25,inf,inf,1.2623714889876583e-07,0.0,0.0,0.0,1.0,1.0,1.0,1.0,0.11828681635456317,2.9730686886306665e-14,4.736786115769262e-05,0,15,nan
test,21,1,1,0,30.0,perfect_channel,perfect_channel,0.0006769888228119804,31.602063489479,1,1,4.132743016242103,17.448738436957818,4.132743016242103,17.448738436957818,0.8265486032484206,16194.312148803157,0.988422372363474,10,0.999990580480344,0.09649068868728775,9,0.0,0.0,inf,inf,9.07669029030027e-07,0.0,0.0,0.0,1.0,1.0,1.0,1.0,0.0390037260792804,5.045929930577074e-15,8.039333543723329e-06,0,15,nan
test,22,1,1,0,30.0,perfect_channel,perfect_channel,0.012854660697023242,30.293204527136524,0,1,4.466726031686445,8.838863514066546,4.466726031686445,8.838863514066546,0.893345206337289,16185.756780968382,0.9879001941509022,10,0.9971304756540776,0.9946427999178249,9,0.0,-0.25,inf,inf,6.714932025500647e-07,0.0,0.0,0.0,1.0,1.0,1.0,1.0,0.23773927351306062,3.178019160812971e-14,5.063319624653858e-05,0,15,nan
test,23,1,1,0,30.0,perfect_channel,perfect_channel,0.003997111425712678,25.122953750362328,0,1,6.307468175484468,8.862954510944574,6.307468175484468,8.862954510944574,1.2614936350968935,16254.269820692527,0.9920818982356279,10,0.9918233909826749,4.871093829422298,9,-0.25,0.0,inf,inf,2.0418157195160012e-07,0.0,0.0,0.0,1.0,1.0,1.0,1.0,0.07703713415519589,1.908734834399324e-13,0.00030410560969689805,0,15,nan
test,24,1,1,0,30.0,perfect_channel,perfect_channel,0.0006764704043836649,28.540790022122522,0,1,8.138996794523289,8.830294122619563,8.138996794523289,8.830294122619563,1.6277993589046578,16439.512658946776,1.0033882238126695,10,0.9702694098438038,0.695313999959439,9,-0.25,-0.25,inf,inf,4.4853895841508765e-07,0.0,0.0,0.0,1.0,1.0,1.0,1.0,0.058484868892181976,2.685793766732512e-14,4.2790907161777326e-05,0,15,nan
test,25,1,1,0,30.0,perfect_channel,perfect_channel,0.1071658348392568,33.84496551945946,0,1,8.448515663045049,5.727343106239209,8.448515663045049,5.727343106239209,1.6897031326090097,16227.409054473077,0.990442447172429,10,0.9990053784512898,0.7231863947362126,9,-0.25,0.0,inf,inf,1.5213099997481797e-06,0.0,0.0,0.0,1.0,1.0,1.0,1.0,0.286274660615823,2.5727784579088246e-14,4.0990311878686246e-05,0,15,nan
test,26,1,1,0,30.0,perfect_channel,perfect_channel,0.03259821994881736,29.663434837834494,1,1,7.57150560207786,13.218792460692926,7.57150560207786,13.218792460692926,1.5143011204155719,16494.30373417403,1.0067324056502704,10,0.9986711111814839,0.6307283265082135,9,-0.25,-0.25,inf,inf,5.808508801668685e-07,0.0,0.0,0.0,1.0,1.0,1.0,1.0,0.1550377908454975,2.6493476907948573e-14,4.221023686937561e-05,0,15,nan
test,27,1,1,0,30.0,perfect_channel,perfect_channel,0.0013785260807496333,33.409823311397474,1,1,6.399397747213769,9.791356781780637,6.399397747213769,9.791356781780637,1.2798795494427537,16452.910048144513,1.0042059355556954,10,0.9984727982889681,0.2022838553864934,9,0.25,0.0,inf,inf,1.3762695434515124e-06,0.0,0.0,0.0,1.0,1.0,1.0,1.0,0.04421567707124938,9.948591578456695e-15,1.5850407573999638e-05,0,15,nan
test,28,1,1,0,30.0,perfect_channel,perfect_channel,0.11767333311616256,28.647269082093267,0,1,6.180408175229314,6.926357138388257,6.180408175229314,6.926357138388257,1.2360816350458628,16423.5631051104,1.0024147403021484,10,0.9998176303823416,1.6709634733697452,9,-0.25,-0.25,inf,inf,4.5967202734136495e-07,0.0,0.0,0.0,1.0,1.0,1.0,1.0,0.24790114154684828,5.991397488313599e-14,9.545682057473724e-05,0,15,nan
test,29,1,1,0,30.0,perfect_channel,perfect_channel,0.3787304042487862,29.371182303909215,0,1,9.060378730968086,7.7078799329407515,9.060378730968086,7.7078799329407515,1.8120757461936172,16396.68200606591,1.0007740482217962,10,0.991746560559592,2.0904620988490357,9,-0.25,0.25,inf,inf,5.430494752727904e-07,0.0,0.0,0.0,1.0,1.0,1.0,1.0,0.12186904016453576,1.0981271212726023e-13,0.000174957050985239,0,15,nan
test,30,1,1,0,30.0,perfect_channel,perfect_channel,0.0014203555967504428,31.60589354144628,0,1,5.1824249020621505,8.673608688717268,5.1824249020621505,8.673608688717268,1.03648498041243,16587.55430851612,1.012423969025642,10,0.9994633575509997,6.456517677126705,9,-0.25,-0.25,inf,inf,9.084698572875133e-07,0.0,0.0,0.0,1.0,1.0,1.0,1.0,0.052237533795410206,2.3092242731414033e-13,0.00036791284093242794,0,15,nan
test,31,1,1,0,30.0,perfect_channel,perfect_channel,0.32395264881837094,28.29331489855474,0,1,9.171098493229266,23.582525761201694,9.171098493229266,23.582525761201694,1.8342196986458532,16682.8644619457,1.018241239132428,10,0.9992489927217052,54.0513274432406,9,0.0,0.25,inf,inf,4.236943355308099e-07,0.0,0.0,0.0,1.0,1.0,1.0,1.0,0.010104728029158485,2.05251426122133e-12,0.003270129981238173,0,15,nan
test,32,1,1,0,30.0,perfect_channel,perfect_channel,0.0011113278691338286,32.3453798816075,1,1,6.604933195680348,8.455036537049894,6.604933195680348,8.455036537049894,1.3209866391360696,16168.494464519876,0.9868465859692307,10,0.7714911049394971,0.3239198054950016,9,0.25,-0.25,inf,inf,1.0771077634546618e-06,0.0,0.0,0.0,1.0,1.0,1.0,1.0,0.25511422543351514,1.9318618043317614e-14,3.0779027095261356e-05,0,15,nan
test,33,1,1,0,30.0,perfect_channel,perfect_channel,0.14784026077545293,26.874264453959775,0,1,5.843573198930067,8.15614530185716,5.843573198930067,8.15614530185716,1.1687146397860135,16633.80568213635,1.01524692884133,10,0.9437211584964791,2.762055837220953,9,0.25,0.0,inf,inf,3.0559596341777714e-07,0.0,0.0,0.0,1.0,1.0,1.0,1.0,0.2740346087156663,1.2199385768349582e-13,0.0001943644334535924,0,15,nan
test,34,1,1,0,30.0,perfect_channel,perfect_channel,0.007941229353087538,34.00274210398945,0,1,5.750588499088919,12.292825613401158,5.750588499088919,12.292825613401158,1.1501176998177838,16528.657712173506,1.0088292060652775,10,0.9993226377936679,4.02151854041052,9,0.0,0.25,inf,inf,1.577594481431153e-06,0.0,0.0,0.0,1.0,1.0,1.0,1.0,0.024165013105955396,1.1150727203301332e-13,0.00017765687688048513,0,15,nan
test,35,1,1,0,30.0,perfect_channel,perfect_channel,0.014651407505893718,29.756494284541187,1,1,3.265347720559544,8.28097624804163,3.265347720559544,8.28097624804163,0.6530695441119088,16396.98470508348,1.0007925235036303,10,0.9993476307474806,0.6639725777230483,9,0.25,-0.25,inf,inf,5.934315014068148e-07,0.0,0.0,0.0,1.0,1.0,1.0,1.0,0.058803317254829714,2.540189078690829e-14,4.047108768587945e-05,0,15,nan
test,36,1,1,0,30.0,perfect_channel,perfect_channel,0.0015975793972620499,31.15205400942162,1,1,4.417687423540236,8.808498312806982,4.417687423540236,8.808498312806982,0.8835374847080472,16351.475562246229,0.9980148658597552,10,0.8805026237194201,0.1696813699496652,9,-0.25,0.0,inf,inf,8.183264127751768e-07,0.0,0.0,0.0,1.0,1.0,1.0,1.0,0.0027419150092872235,7.36566717667593e-15,1.1735211550704314e-05,0,15,nan
test,37,1,1,0,30.0,perfect_channel,perfect_channel,0.13627230837315116,26.834849045293403,0,1,5.707115390553296,9.893354546555871,5.707115390553296,9.893354546555871,1.1414230781106594,16416.739905721242,1.0019982852613063,10,0.9977593824382726,4.564286595119873,9,0.0,0.25,inf,inf,3.0283500379162297e-07,0.0,0.0,0.0,1.0,1.0,1.0,1.0,0.060654884546686196,1.9233634549863788e-13,0.0003064362873282155,0,15,nan
test,38,1,1,0,30.0,perfect_channel,perfect_channel,4.573821542853964e-05,27.38989368575696,0,1,8.018552214419767,8.527613123314813,8.018552214419767,8.527613123314813,1.6037104428839535,16544.48048579331,1.0097949515254705,10,0.9994766044935257,0.6329025782876391,9,0.0,0.0,inf,inf,3.441204931261498e-07,0.0,0.0,0.0,1.0,1.0,1.0,1.0,0.1686497237353561,2.6531819853954563e-14,4.2271326051396e-05,0,15,nan
test,39,1,1,0,30.0,perfect_channel,perfect_channel,0.00217269586577159,25.116676564654604,1,1,9.127512877252023,6.083954139301745,9.127512877252023,6.083954139301745,1.8255025754504046,16365.142109659042,0.9988490057164943,10,0.9910842657835244,0.1810771515991858,9,0.25,-0.25,inf,inf,2.0388666610171279e-07,0.0,0.0,0.0,1.0,1.0,1.0,1.0,0.09062429778159331,8.876477854884795e-15,1.4142282423793283e-05,0,15,nan
test,40,1,1,0,30.0,perfect_channel,perfect_channel,0.02043246992862372,35.42839617674291,0,1,4.115595514405141,10.257998711288415,4.115595514405141,10.257998711288415,0.8231191028810281,16301.517021664597,0.9949656385293333,10,0.9878495248574295,1.0988950231695755,9,-0.25,0.0,inf,inf,2.1905884105360845e-06,0.0,0.0,0.0,1.0,1.0,1.0,1.0,0.13254869713455433,4.310843412599324e-14,6.868170689140949e-05,0,15,nan
test,41,1,1,0,30.0,perfect_channel,perfect_channel,0.53234661230091,24.748687453569715,0,1,9.554066629161868,10.92356431527648,9.554066629161868,10.92356431527648,1.9108133258323736,16389.94702745608,1.000362977750005,10,0.9997384215003806,3.8006889153676964,9,0.25,0.0,inf,inf,1.8732248625255916e-07,0.0,0.0,0.0,1.0,1.0,1.0,1.0,0.02536808204292235,1.447817681602707e-13,0.00023067084587068853,0,15,nan
test,42,1,1,0,30.0,perfect_channel,perfect_channel,0.23744818820842462,31.462664577024732,0,1,6.376444077210406,26.500915117249832,6.376444077210406,26.500915117249832,1.2752888154420812,16264.043515351434,0.992678437216274,10,0.9996771023235267,29.74683518412769,9,0.0,0.25,inf,inf,8.789974713092984e-07,0.0,0.0,0.0,1.0,1.0,1.0,1.0,0.007660571365947599,1.122361267153052e-12,0.0017881811097934604,0,15,nan
test,43,1,1,0,30.0,perfect_channel,perfect_channel,0.0845905778744298,28.306006756129104,0,1,7.196456249755097,10.251864262915753,7.196456249755097,10.251864262915753,1.4392912499510193,16556.303393147842,1.0105165645231837,10,0.9985103896381511,4.656746008521861,9,-0.25,0.25,inf,inf,4.2493435437159875e-07,0.0,0.0,0.0,1.0,1.0,1.0,1.0,0.07821932455994565,1.7531355203402997e-13,0.00027931503982959126,0,15,nan
test,44,1,1,0,30.0,perfect_channel,perfect_channel,0.007804810624276611,25.125760777264702,1,1,7.949863912901981,6.869861083343805,7.949863912901981,6.869861083343805,1.5899727825803962,16259.960608885562,0.9924292363821754,10,0.9997079891977334,0.07302470100911096,9,-0.25,0.25,inf,inf,2.0431358570089747e-07,0.0,0.0,0.0,1.0,1.0,1.0,1.0,0.027755731907865958,3.1595557431535255e-15,5.033903129584855e-06,0,15,nan
test,45,1,1,0,30.0,perfect_channel,perfect_channel,0.04564401740067189,29.849267883017134,1,1,4.753535497786374,6.467528904112809,4.753535497786374,6.467528904112809,0.9507070995572748,16476.357051415904,1.005637027063959,10,0.8430296728017603,0.155476020483792,9,-0.25,0.25,inf,inf,6.062447019906612e-07,0.0,0.0,0.0,1.0,1.0,1.0,1.0,0.3586582153239155,7.265124845478962e-15,1.1575024360854952e-05,0,15,nan
test,46,1,1,0,30.0,perfect_channel,perfect_channel,0.0008317561269554571,30.10592525380133,1,1,2.6180568986598605,7.093118146690258,2.6180568986598605,7.093118146690258,0.5236113797319721,16416.490346200993,1.0019830533569942,10,0.9961653592830687,0.20407466267734037,9,0.25,0.25,inf,inf,6.431521020117254e-07,0.0,0.0,0.0,1.0,1.0,1.0,1.0,0.1233362400895254,6.286616090503103e-15,1.001603357720673e-05,0,15,nan
test,47,1,1,0,30.0,perfect_channel,perfect_channel,0.00977065753931646,28.801965666832665,1,1,3.71858871722964,6.931558922950762,3.71858871722964,6.931558922950762,0.743717743445928,16316.008540461935,0.9958501306434286,10,0.8996207266684447,0.2961841256347865,9,0.0,0.25,inf,inf,4.763407484161625e-07,0.0,0.0,0.0,1.0,1.0,1.0,1.0,0.11912678053397295,1.2216421772362908e-14,1.9463585640317677e-05,0,15,nan
test,48,1,1,0,30.0,perfect_channel,perfect_channel,0.14436393025874442,27.48381892818777,0,1,5.349876509453671,8.041017179953133,5.349876509453671,8.041017179953133,1.0699753018907343,16178.404809850163,0.9874514654449562,10,0.9990557170525147,1.589468915935495,9,0.0,0.25,inf,inf,3.51643877936563e-07,0.0,0.0,0.0,1.0,1.0,1.0,1.0,0.06460941863966076,6.45482752455375e-14,0.0001028403330031159,0,15,nan
test,49,1,1,0,30.0,perfect_channel,perfect_channel,0.023868580922919623,32.40348870537235,1,1,4.737503687184053,11.732265128251544,4.737503687184053,11.732265128251544,0.9475007374368106,16273.594544328165,0.9932613857622171,10,0.9961229012447553,0.44819958389254394,9,0.25,-0.25,inf,inf,1.091616366887419e-06,0.0,0.0,0.0,1.0,1.0,1.0,1.0,0.07341828444590313,1.6556275883131673e-14,2.637797708205115e-05,0,15,nan
test,50,1,1,0,30.0,perfect_channel,perfect_channel,0.06119195119375194,28.54373981990519,0,1,5.775393854927343,7.087528207318347,5.775393854927343,7.087528207318347,1.1550787709854686,16222.311126410525,0.9901312943365799,10,0.9454381362374248,1.2045098607892253,9,-0.25,-0.25,inf,inf,4.488437167569457e-07,0.0,0.0,0.0,1.0,1.0,1.0,1.0,0.11102737142671129,6.775653074689609e-14,0.0001079518261121685,0,15,nan
test,51,1,1,0,30.0,perfect_channel,perfect_channel,0.07684395147837794,28.295827303261696,0,1,5.451794064368805,12.390471715627825,5.451794064368805,12.390471715627825,1.090358812873761,16321.169363701501,0.9961651222962342,10,0.39961588277408705,0.8998060993074001,9,0.0,0.0,inf,inf,4.2393951470121634e-07,0.0,0.0,0.0,1.0,1.0,1.0,1.0,0.08700779601392784,1.1591039514312983e-13,0.0001846720704728097,0,15,nan
test,52,1,1,0,30.0,perfect_channel,perfect_channel,0.008226077928241909,33.87786804400112,0,1,4.437931214356822,8.576038935354292,4.437931214356822,8.576038935354292,0.8875862428713643,16369.62911352463,0.9991228706985248,10,0.9987628681979798,7.3907168986707585,9,0.0,-0.25,inf,inf,1.5328793453670299e-06,0.0,0.0,0.0,1.0,1.0,1.0,1.0,0.02876794054716344,3.039110853539971e-13,0.00048420065605554946,0,15,nan
test,53,1,1,0,30.0,perfect_channel,perfect_channel,6.597741122134167e-05,27.89826089136978,0,1,5.227739657844049,6.417131371461418,5.227739657844049,6.417131371461418,1.0455479315688099,16544.666709029716,1.009806317689802,10,0.9907605534057988,0.43039395402419445,9,0.25,-0.25,inf,inf,3.868541473266247e-07,0.0,0.0,0.0,1.0,1.0,1.0,1.0,0.08194886986326583,1.716795125627714e-14,2.7352517436921962e-05,0,15,nan
test,54,1,1,0,30.0,perfect_channel,perfect_channel,0.008283045497713538,27.031103744943785,1,1,7.2127914143490255,6.864103431299317,7.2127914143490255,6.864103431299317,1.4425582828698051,16234.811776917588,0.9908942734935051,10,0.958090072274459,0.4542485372042664,9,0.25,0.25,inf,inf,3.168338265085145e-07,0.0,0.0,0.0,1.0,1.0,1.0,1.0,0.06414078073203396,1.7118909829065427e-14,2.7274383099695823e-05,0,15,nan
test,55,1,1,0,30.0,perfect_channel,perfect_channel,0.000605352897389442,28.389122385364146,1,1,11.202375347832298,7.039804932647784,11.202375347832298,7.039804932647784,2.2404750695664597,16443.580535128356,1.0036365072710178,10,0.9983552385924115,0.1462452139701931,9,0.25,-0.25,inf,inf,4.3314510077334235e-07,0.0,0.0,0.0,1.0,1.0,1.0,1.0,0.18866471876072027,6.4705234113008634e-15,1.0309040478485012e-05,0,15,nan
test,56,1,1,0,30.0,perfect_channel,perfect_channel,0.2736107236826112,31.729814255958352,0,1,5.863505180690636,10.027737371538947,5.863505180690636,10.027737371538947,1.1727010361381272,16280.58540460069,0.9936880740112726,10,0.9974553693094672,1.548139112289051,9,0.25,-0.25,inf,inf,9.347653242990112e-07,0.0,0.0,0.0,1.0,1.0,1.0,1.0,0.0630725585930725,6.269972151634617e-14,9.989515932711855e-05,0,15,nan
test,57,1,1,0,30.0,perfect_channel,perfect_channel,0.29032913398649546,29.566993895295223,0,1,8.17622353439452,24.22038688011229,8.17622353439452,24.22038688011229,1.635244706878904,16580.43514868668,1.0119894499930835,10,0.9996469213235452,11.142533933797973,9,0.0,0.25,inf,inf,5.680944644827849e-07,0.0,0.0,0.0,1.0,1.0,1.0,1.0,0.03179042853551539,4.360508110232889e-13,0.0006947298040316579,0,15,nan
test,58,1,1,0,30.0,perfect_channel,perfect_channel,0.164361104844711,26.414836302269556,1,1,5.715802957686033,8.561360989676203,5.715802957686033,8.561360989676203,1.1431605915372065,16261.673016269471,0.992533753434416,10,0.9962312899270938,1.2498587346049137,9,-0.25,-0.25,inf,inf,2.7491902703287006e-07,0.0,0.0,0.0,1.0,1.0,1.0,1.0,0.19509831622647114,5.0566957251600595e-14,8.056485944709191e-05,0,15,nan
test,59,1,1,0,30.0,perfect_channel,perfect_channel,0.8237534573872123,25.05098526346121,1,1,10.410437520278611,8.852239535390828,10.410437520278611,8.852239535390828,2.082087504055722,16392.578021546717,1.0005235608854197,10,0.7743296873132988,0.5945147268296911,9,0.0,0.0,inf,inf,2.0082588724539745e-07,0.0,0.0,0.0,1.0,1.0,1.0,1.0,0.41915129145503827,3.273985731817078e-14,5.216216570105732e-05,0,15,nan
