split,scene_id,boost_db,nominal_h1,perfect_h1,nominal_h0,perfect_h0
train,0,30.0,12.30292459204945,12.120581190415972,12.880091365786555,12.65673389873519
calibration,1,30.0,11.840238081798548,11.572798042397332,5.657197332711601,6.4222212996937245
calibration,2,30.0,23.419401172819033,24.647139884775505,4.712108993569951,4.268981558198853
calibration,3,30.0,4.040156411889548,5.631967837274727,9.312457424239952,8.718298340545948
calibration,4,30.0,19.31725600408591,40.62190566422784,6.400565355617416,5.710113590290556
calibration,5,30.0,7.8876201755633755,8.786992297358946,5.753481125597383,6.564776065689296
calibration,6,30.0,13.279404496974493,13.29640884370105,4.157367954617061,4.129470573554134
calibration,7,30.0,58.06979139580043,55.768725645250775,3.929033118178156,3.8910617460307675
calibration,8,30.0,8.967418365030362,8.841629115236053,3.565422596721592,5.428954574830957
calibration,9,30.0,11.195628878039235,10.767406240444158,5.291473726107326,5.442038280353827
calibration,10,30.0,9.75205595953874,9.26219824753037,5.365684257088032,4.002169695501158
calibration,11,30.0,6.172815511413875,5.536499591039222,8.139407841631678,8.643453465691085
calibration,12,30.0,20.449303042386582,25.432276395605886,6.136410250561783,5.772822107520909
calibration,13,30.0,5.731714700151487,5.703052143515369,3.3771497958579486,3.4932908142674477
calibration,14,30.0,7.168889535584486,15.026865155228768,5.174352223787533,6.722889189358487
calibration,15,30.0,7.4422067589882035,7.170677576330377,7.278414284966658,7.4070603850829295
calibration,16,30.0,17.16996903220253,9.35246938592627,5.063918896021482,8.513262687835946
calibration,17,30.0,8.635063008173919,9.623521618762755,7.407877555215333,7.327017967351372
calibration,18,30.0,4.564090189392988,7.11017213946224,7.43312870224734,6.338062766079854
calibration,19,30.0,7.302791172194339,8.013681810432908,6.86449035891577,8.10402287130019
calibration,20,30.0,6.445052257635939,6.481248492727205,6.247209806154004,6.987087242546371
calibration,21,30.0,4.089082388804178,3.919704363143366,5.289922997515751,4.407744302010217
calibration,22,30.0,6.577505563451886,7.372703398293932,4.028819661786207,6.384827603772329
calibration,23,30.0,11.45030751697783,11.233309943249319,5.168678015591288,6.452443122270467
calibration,24,30.0,4.853566596475277,5.161846782110716,6.874038526129001,6.686954602848505
calibration,25,30.0,5.314358972510552,5.27895276953344,6.775323269356955,6.536224174259653
calibration,26,30.0,8.502001202239981,8.451899763653119,4.607032725191139,4.012540082232888
calibration,27,30.0,5.8147636560862015,5.496134691623197,5.4155092719453295,5.0430536211872905
calibration,28,30.0,10.570057616896205,11.26003897115933,5.695489042676717,5.8704261679310585
calibration,29,30.0,14.278989740954502,25.35641021744189,8.446381446034351,4.719821367249398
calibration,30,30.0,4.32487152940857,5.163199763043135,5.668351269553519,6.731204828423556
calibration,31,30.0,10.622723959359446,14.649129536831984,11.60184200170475,9.67443149616739
calibration,32,30.0,6.818178835692544,6.716363055861255,5.6241761654958005,5.782613679182673
calibration,33,30.0,8.219297477788917,16.771551691617812,6.41894824893522,10.609835002622223
calibration,34,30.0,13.707982001447528,17.174366854771463,6.777552692235655,6.384838068620188
calibration,35,30.0,8.17769269459042,7.980926680800694,2.8284552159482397,3.2181597157608057
calibration,36,30.0,32.032759965377736,34.369559287516886,11.477398128662589,13.222995966933649
calibration,37,30.0,11.21217849467196,6.930290041019035,10.10238814451754,9.505808602290397
calibration,38,30.0,12.205154781901797,10.812133288638995,3.772033709484284,3.905452282852787
calibration,39,30.0,5.870936725512415,7.009632124303831,6.92849355225351,5.570376551214469
calibration,40,30.0,16.149219553792182,19.23312090351628,2.8540224766935274,3.0622970097132254
test,41,30.0,4.292762838086099,4.610592857366932,6.805190830523401,7.2181842235272695
test,42,30.0,14.27172733192513,11.62955429443115,3.891754550239554,5.638397825641794
test,43,30.0,19.90932731585492,15.061832962643031,3.2894709314822084,5.977036480221724
test,44,30.0,7.404024402112281,7.546574484338409,2.5759087775551137,2.4966995429558687
test,45,30.0,5.673384870025416,3.9696101754916078,3.0140359535207026,4.944897314904095
test,46,30.0,5.9398471227187875,5.756636987385143,4.958650142527193,4.5215182810467756
test,47,30.0,11.190049656792182,24.0784023546637,2.635024904238199,6.700331035027128
test,48,30.0,24.355649173206388,24.884193712552378,4.897388166403752,4.903400368307276
test,49,30.0,11.036910860941383,9.420655725196346,7.687654671878201,7.996774506309256
test,50,30.0,8.048226980941159,7.979041308139674,4.806564433634577,5.73906444912471
test,51,30.0,12.930529843032538,13.902883956017476,5.170685603836562,5.243329714492541
test,52,30.0,10.066118930683738,11.550960002652822,5.4067927231279445,5.747168942560017
test,53,30.0,7.265547048193866,8.916737872249556,4.577017247890369,6.137585758307047
test,54,30.0,6.690003880020324,6.3774738063293865,4.867746216590559,6.1011985054967655
test,55,30.0,9.797122079104359,10.292541806745165,10.635097416377718,11.054242136274594
test,56,30.0,12.788855792793033,52.60551693668891,6.444573911047199,6.730677270656445
test,57,30.0,13.184803501562625,12.717317116264432,4.6527267142821,4.540479241288046
test,58,30.0,3.2881972175605134,5.87370606857804,6.599885248942626,7.705410630815844
test,59,30.0,10.601943149615328,19.925094960333894,12.480498929806368,10.87167361738868
test,60,30.0,4.883798796889866,4.520551405542438,3.028526961594931,2.06295876214549
test,61,30.0,6.106583721011496,6.352000202332128,6.641744762891661,6.685627824308402
test,62,30.0,4.296081437380982,4.149568779294723,7.137754512822647,7.048498249266139
test,63,30.0,18.860841491749134,17.832835348511697,8.124330435736432,8.066224752844203
test,64,30.0,9.154100816868603,8.84117660295454,6.325190732820861,5.950441833934211
test,65,30.0,7.148537781743667,7.364334239652624,7.2905692952607,8.351477149194118
test,66,30.0,21.347892015286384,21.934639829556264,5.563589608930012,5.620596484557421
test,67,30.0,19.956255725119846,23.590526028850668,4.529044471982625,7.2409217451214625
test,68,30.0,13.688579528051372,15.741448559272174,5.06780878781354,4.335249915305664
test,69,30.0,4.451638704103714,5.160365491972049,5.092185888238041,4.4415968811051965
test,70,30.0,82.26850360276988,89.72697895246974,6.179524876789459,5.694053365069424
test,71,30.0,22.76751075373022,22.129839281975023,7.360830686437694,6.018071203505822
test,72,30.0,4.950897134094054,5.2506415872885155,5.2207281217392225,4.3590974617238
test,73,30.0,8.804681679864169,5.848657352588498,6.334446219751439,4.676230916114428
test,74,30.0,6.095006951714975,5.021569370932307,4.770782229750031,6.934897076271669
test,75,30.0,7.592151832020585,7.357540059873221,4.1225345054644835,4.108704066093936
test,76,30.0,5.590311851755587,5.578962767605034,4.667863691797133,4.945666704170948
test,77,30.0,8.289257862304389,6.089846735420129,8.675804033875014,7.897208515628845
test,78,30.0,12.340542354729298,12.022826160436178,8.544468748428297,8.25809357651289
test,79,30.0,13.619409306494871,16.139508801595124,6.354518291544212,7.841193631191519
test,80,30.0,4.553469670004164,11.510272864654448,7.15863141806667,6.3845999912352
