direct_gain_boost_db,receiver,target,arm,threshold,empirical_pfa,pfa_ci95_low,pfa_ci95_high,empirical_pd,pd_ci95_low,pd_ci95_high,auc,n_cal_h0,n_test_h0,n_test_h1,median_conflict_index,median_direct_inr_db,median_kappa_accounted_db,median_kappa_structural_db,median_eta_survive_q,median_eta_survive_risk_q,median_identifiable_fraction,median_protect_dim
0.0,0,0,no_ic,7.578599272051722,0.0,2.7755575615628914e-17,0.3903342879021653,0.5,0.1876163064826506,0.8123836935173494,0.7222222222222222,6,6,6,0.006361974072072679,-1.8181929369672347,0.0,0.0,1.0,1.0,0.9829764134031083,0.0
0.0,0,0,perfect_channel,7.591071665711213,0.0,2.7755575615628914e-17,0.3903342879021653,0.3333333333333333,0.09677141110578041,0.700006684861608,0.7777777777777778,6,6,6,0.006361974072072679,-1.8181929369672347,nan,nan,1.0,1.0,0.9831198103245143,0.0
0.0,0,0,plain_ls,7.575312348320786,0.0,2.7755575615628914e-17,0.3903342879021653,0.5,0.1876163064826506,0.8123836935173494,0.7222222222222222,6,6,6,0.006361974072072679,-1.8181929369672347,11.71739530742217,11.754636151681698,0.9996326871392762,0.9990519253451992,0.9829773587575124,0.0
0.0,0,0,protected_ls,7.63865121022662,0.0,2.7755575615628914e-17,0.3903342879021653,0.3333333333333333,0.09677141110578041,0.700006684861608,0.6388888888888888,6,6,6,0.006361974072072679,-1.8181929369672347,7.33738591007603,7.350669253124556,0.9999883780832701,0.9994947014999479,0.9762383769463144,45.0
0.0,0,0,tp_uic_full,7.575374408464801,0.0,2.7755575615628914e-17,0.3903342879021653,0.5,0.1876163064826506,0.8123836935173494,0.7222222222222222,6,6,6,0.006361974072072679,-1.8181929369672347,11.489071040214322,11.591873592337807,0.9997823045409218,0.9996403048302145,0.9829806188879374,45.0
0.0,2,0,no_ic,5.802352995416139,0.3333333333333333,0.09677141110578041,0.700006684861608,0.3333333333333333,0.09677141110578041,0.700006684861608,0.4444444444444444,6,6,6,0.016544936525215874,-2.406024212765704,0.0,0.0,1.0,1.0,0.9991894537676438,0.0
0.0,2,0,perfect_channel,6.2224305003738625,0.3333333333333333,0.09677141110578041,0.700006684861608,0.16666666666666666,0.030053369748306635,0.5635028221864702,0.3888888888888889,6,6,6,0.016544936525215874,-2.406024212765704,nan,nan,1.0,1.0,0.9989194490733023,0.0
0.0,2,0,plain_ls,5.801680500318101,0.3333333333333333,0.09677141110578041,0.700006684861608,0.3333333333333333,0.09677141110578041,0.700006684861608,0.4444444444444444,6,6,6,0.016544936525215874,-2.406024212765704,11.79699812969565,11.813062551736367,0.9992428768228796,0.9971314292966129,0.9991967597524214,0.0
0.0,2,0,protected_ls,5.881227134771364,0.5,0.1876163064826506,0.8123836935173494,0.16666666666666666,0.030053369748306635,0.5635028221864702,0.3333333333333333,6,6,6,0.016544936525215874,-2.406024212765704,8.783154557244337,8.793753211376572,0.9999910115570316,0.9993821202092097,0.9891398860224299,45.0
0.0,2,0,tp_uic_full,5.8021198116149275,0.3333333333333333,0.09677141110578041,0.700006684861608,0.3333333333333333,0.09677141110578041,0.700006684861608,0.4444444444444444,6,6,6,0.016544936525215874,-2.406024212765704,11.725025105773497,11.743243528817379,0.9993892515315157,0.9973949628469446,0.9991975633077081,45.0
0.0,4,0,no_ic,7.036989527655296,0.16666666666666666,0.030053369748306635,0.5635028221864702,0.5,0.1876163064826506,0.8123836935173494,0.5833333333333334,6,6,6,0.008514270931611436,0.1329488160813488,0.0,0.0,1.0,1.0,0.9997533826578182,0.0
0.0,4,0,perfect_channel,6.928976056004588,0.16666666666666666,0.030053369748306635,0.5635028221864702,0.3333333333333333,0.09677141110578041,0.700006684861608,0.5555555555555556,6,6,6,0.008514270931611436,0.1329488160813488,nan,nan,1.0,1.0,0.9997641713463702,0.0
0.0,4,0,plain_ls,7.000010508350112,0.16666666666666666,0.030053369748306635,0.5635028221864702,0.5,0.1876163064826506,0.8123836935173494,0.5833333333333334,6,6,6,0.008514270931611436,0.1329488160813488,11.167994327109092,11.194221089061177,0.9998079854819898,0.9981610753244494,0.9997533851475994,0.0
0.0,4,0,protected_ls,6.127086595474578,0.3333333333333333,0.09677141110578041,0.700006684861608,0.5,0.1876163064826506,0.8123836935173494,0.4722222222222222,6,6,6,0.008514270931611436,0.1329488160813488,10.232425137532822,10.252534577067284,0.9999784167526161,0.9988729798275167,0.9953077477575605,45.0
0.0,4,0,tp_uic_full,7.038547336805303,0.16666666666666666,0.030053369748306635,0.5635028221864702,0.5,0.1876163064826506,0.8123836935173494,0.5833333333333334,6,6,6,0.008514270931611436,0.1329488160813488,11.165755989503904,11.193468562297637,0.999824886878124,0.9983547141985712,0.9997534017786978,45.0
30.0,0,0,no_ic,1879.6604282840558,0.0,2.7755575615628914e-17,0.3903342879021653,0.0,2.7755575615628914e-17,0.3903342879021653,0.6111111111111112,6,6,6,0.006361974072072679,28.181807063032768,0.0,0.0,1.0,1.0,0.9829759252747461,0.0
30.0,0,0,perfect_channel,7.591071665711211,0.0,2.7755575615628914e-17,0.3903342879021653,0.3333333333333333,0.09677141110578041,0.700006684861608,0.7777777777777778,6,6,6,0.006361974072072679,28.181807063032768,nan,nan,1.0,1.0,0.9831198103245143,0.0
30.0,0,0,plain_ls,1879.5046083249003,0.0,2.7755575615628914e-17,0.3903342879021653,0.0,2.7755575615628914e-17,0.3903342879021653,0.6111111111111112,6,6,6,0.006361974072072679,28.181807063032768,11.75459875075483,11.754636151681696,0.9996326871392762,0.9990519253451992,0.9829769011808791,0.0
30.0,0,0,protected_ls,1817.1358139952167,0.0,2.7755575615628914e-17,0.3903342879021653,0.0,2.7755575615628914e-17,0.3903342879021653,0.5,6,6,6,0.006361974072072679,28.181807063032768,7.35065594944121,7.350669253124554,0.9999883780832701,0.9994947014999479,0.9751254587189597,45.0
30.0,0,0,tp_uic_full,1968.3366833434325,0.0,2.7755575615628914e-17,0.3903342879021653,0.0,2.7755575615628914e-17,0.3903342879021653,0.6111111111111112,6,6,6,0.006361974072072679,28.181807063032768,11.609408266440026,11.609514687323715,0.9997828803383455,0.9996402902986201,0.9829801435796333,45.0
30.0,2,0,no_ic,435.0360775360403,0.0,2.7755575615628914e-17,0.3903342879021653,0.0,2.7755575615628914e-17,0.3903342879021653,0.5,6,6,6,0.01654493652521588,27.593975787234296,0.0,0.0,1.0,1.0,0.999191828870337,0.0
30.0,2,0,perfect_channel,6.222430500373836,0.3333333333333333,0.09677141110578041,0.700006684861608,0.16666666666666666,0.030053369748306635,0.5635028221864702,0.3888888888888889,6,6,6,0.01654493652521588,27.593975787234296,nan,nan,1.0,1.0,0.9989194490733023,0.0
30.0,2,0,plain_ls,435.0317979727859,0.0,2.7755575615628914e-17,0.3903342879021653,0.0,2.7755575615628914e-17,0.3903342879021653,0.5,6,6,6,0.01654493652521588,27.593975787234296,11.813046446928183,11.813062551736365,0.9992428768228796,0.9971314292966129,0.9991989062390372,0.0
30.0,2,0,protected_ls,348.2859465382968,0.0,2.7755575615628914e-17,0.3903342879021653,0.0,2.7755575615628914e-17,0.3903342879021653,0.5555555555555556,6,6,6,0.01654493652521588,27.593975787234296,8.793742598054997,8.793753211376572,0.9999910115570316,0.9993821202092097,0.985551248469718,45.0
30.0,2,0,tp_uic_full,437.429171953529,0.0,2.7755575615628914e-17,0.3903342879021653,0.0,2.7755575615628914e-17,0.3903342879021653,0.5,6,6,6,0.01654493652521588,27.593975787234296,11.743606417726426,11.743624736899545,0.9993890299253019,0.9973935003183934,0.9991996444663087,45.0
30.0,4,0,no_ic,2034.492448018841,0.0,2.7755575615628914e-17,0.3903342879021653,0.0,2.7755575615628914e-17,0.3903342879021653,0.5,6,6,6,0.008514270931611442,30.132948816081345,0.0,0.0,1.0,1.0,0.9997528385962962,0.0
30.0,4,0,perfect_channel,6.928976056004586,0.16666666666666666,0.030053369748306635,0.5635028221864702,0.3333333333333333,0.09677141110578041,0.700006684861608,0.5555555555555556,6,6,6,0.008514270931611442,30.132948816081345,nan,nan,1.0,1.0,0.9997641713463702,0.0
30.0,4,0,plain_ls,2034.444049549935,0.0,2.7755575615628914e-17,0.3903342879021653,0.0,2.7755575615628914e-17,0.3903342879021653,0.5,6,6,6,0.008514270931611442,30.132948816081345,11.19419587003497,11.19422108906118,0.9998079854819898,0.9981610753244494,0.9997528690462794,0.0
30.0,4,0,protected_ls,619.3296703240642,0.0,2.7755575615628914e-17,0.3903342879021653,0.0,2.7755575615628914e-17,0.3903342879021653,0.4722222222222222,6,6,6,0.008514270931611442,30.132948816081345,10.252514415629758,10.252534577067284,0.9999784167526161,0.9988729798275167,0.9949843965495473,45.0
30.0,4,0,tp_uic_full,2096.7517470501725,0.0,2.7755575615628914e-17,0.3903342879021653,0.0,2.7755575615628914e-17,0.3903342879021653,0.5,6,6,6,0.008514270931611442,30.132948816081345,11.193479402999703,11.193504570375236,0.999824888885972,0.9983547902428855,0.9997528872571411,45.0
