split,scene_id,receiver,target,realisation,direct_gain_boost_db,arm,conflict_index,direct_inr_db,tested_protected,n_protected_targets,stat_h0,stat_h1,dof_real,identifiable_fraction,kappa_accounted_db,kappa_structural_db,i_in,i_res,i_res_structural,i_res_estimate,eta_survive_q,eta_survive_field,eta_survive_pred_q,eta_survive_risk_q,eta_protect,protect_dim,n_coefficients,calibration_error_db
calibration,0,1,2,0,40.0,no_ic,0.01952703491268953,36.14689058783366,1,1,254.978255020661,210.53331749045236,10,0.9996923134231434,0.0,0.0,2.584700499676971e-06,2.584700499676971e-06,2.584700499676971e-06,0.0,1.0,1.0,1.0,1.0,0.046722641026702635,0,5,0.0
calibration,0,1,2,0,40.0,plain_ls,0.01952703491268953,36.14689058783366,1,1,254.95653214347044,210.513416728234,10,0.999692318853348,13.501334820422455,13.501339792782757,2.584700499676971e-06,1.1541885051309755e-07,1.1541871836686828e-07,1.3214622927503555e-13,0.9999707467489266,0.9931519605411167,0.9999118871903885,0.9987112896170954,0.046722641026702635,0,5,57.800055521474015
calibration,0,1,2,0,40.0,protected_ls,0.01952703491268953,36.14689058783366,1,1,115.88737755691798,127.25683498171782,10,0.9997258872380098,13.303340058767803,13.30334441409037,2.584700499676971e-06,1.208025831223485e-07,1.2080246197552888e-07,1.2114681962703844e-13,0.9999915680225006,0.9932047556730168,1.0,0.998939442601958,0.046722641026702635,15,5,12.5888440894823
calibration,0,1,2,0,40.0,tp_uic_full,0.01952703491268953,36.14689058783366,1,1,255.284404703983,210.7941956507086,10,0.9996919860209743,13.501334503656707,13.501339413817306,2.584700499676971e-06,1.1541885893151901e-07,1.1541872843830836e-07,1.3049321065171487e-13,0.9999790551300103,0.9931522878330985,0.9999528356796383,0.9987359017150338,0.046722641026702635,15,5,57.799135138539995
calibration,0,1,2,0,40.0,perfect_channel,0.01952703491268953,36.14689058783366,1,1,5.947970031660949,2.673229269150731,10,0.9996919875777991,inf,inf,2.584700499676971e-06,0.0,0.0,0.0,1.0,1.0,1.0,1.0,0.046722641026702635,0,5,nan
calibration,0,1,2,1,40.0,no_ic,0.02225577634863331,36.27262498062429,1,1,78.15367406889189,86.0714807458859,10,0.9996929425610345,0.0,0.0,2.660624991058675e-06,2.660624991058675e-06,2.660624991058675e-06,0.0,1.0,1.0,1.0,1.0,0.06238120596090798,0,5,0.0
calibration,0,1,2,1,40.0,plain_ls,0.02225577634863331,36.27262498062429,1,1,78.09711475342671,86.01888972277277,10,0.9996929539003659,11.295832614066985,11.29583606497575,2.660624991058675e-06,1.9742420809585763e-07,1.974240512224254e-07,1.5687343220881717e-13,0.9998548983987555,0.9918221159594937,0.9999417886886454,0.9983763912038013,0.06238120596090798,0,5,60.13129214852533
calibration,0,1,2,1,40.0,protected_ls,0.02225577634863331,36.27262498062429,1,1,28.24706944568269,34.60206300172672,10,0.9997008756083395,11.174128516356925,11.174132424962245,2.660624991058675e-06,2.0303495540380418e-07,2.0303477267453105e-07,1.8272927313883976e-13,0.9999805218761483,0.9918867882573089,1.0,0.9988313807093642,0.06238120596090798,15,5,14.447733392016307
calibration,0,1,2,1,40.0,tp_uic_full,0.02225577634863331,36.27262498062429,1,1,78.67610056641824,86.46352962612346,10,0.9996926829607031,11.295832524823076,11.295836038682568,2.660624991058675e-06,1.9742421215276116e-07,1.9742405241767588e-07,1.5973508529317899e-13,0.9999237368855117,0.9918267521334971,0.9999856322712195,0.9984027978373767,0.06238120596090798,15,5,60.13035449433776
calibration,0,1,2,1,40.0,perfect_channel,0.02225577634863331,36.27262498062429,1,1,2.0046987499770523,4.1311415802631295,10,0.9996919875777991,inf,inf,2.660624991058675e-06,0.0,0.0,0.0,1.0,1.0,1.0,1.0,0.06238120596090798,0,5,nan
calibration,0,1,2,2,40.0,no_ic,0.02045708116333064,36.089524800162096,1,1,4496.955877816688,4579.240289921159,10,0.9996929284341627,0.0,0.0,2.5507837876131434e-06,2.5507837876131434e-06,2.5507837876131434e-06,0.0,1.0,1.0,1.0,1.0,0.07199736340109235,0,5,0.0
calibration,0,1,2,2,40.0,plain_ls,0.02045708116333064,36.089524800162096,1,1,4496.89990284595,4579.190053679625,10,0.9996929366488035,9.417519894364064,9.417521636142451,2.5507837876131434e-06,2.916900793258934e-07,2.916899623408992e-07,1.1698499420318918e-13,0.999986483748633,0.9951938072486832,0.999889291258968,0.9987620257277079,0.07199736340109235,0,5,61.82650466793025
calibration,0,1,2,2,40.0,protected_ls,0.02045708116333064,36.089524800162096,1,1,1476.9979977729347,1518.728198693614,10,0.9997054835997441,9.366663741199217,9.366665511707836,2.5507837876131434e-06,2.951258656185764e-07,2.9512574530325944e-07,1.2031531697493123e-13,0.9999930065075542,0.9952680006937497,1.0,0.999015855741943,0.07199736340109235,15,5,16.367508809508706
calibration,0,1,2,2,40.0,tp_uic_full,0.02045708116333064,36.089524800162096,1,1,4498.926003104053,4581.1801773745565,10,0.9996930183334114,9.417519028479127,9.417520781415424,2.5507837876131434e-06,2.916901374823014e-07,2.9169001974787287e-07,1.1773442853804823e-13,1.0000303796941254,0.9951967388764098,0.9999370684638906,0.9987863717263925,0.07199736340109235,15,5,61.82576513040317
calibration,0,1,2,2,40.0,perfect_channel,0.02045708116333064,36.089524800162096,1,1,6.0006014345384795,11.259479687168723,10,0.9996919875777991,inf,inf,2.5507837876131434e-06,0.0,0.0,0.0,1.0,1.0,1.0,1.0,0.07199736340109235,0,5,nan
calibration,0,3,2,0,40.0,no_ic,0.006539906985412852,45.68816996773151,1,1,54362.47484986025,54267.766660384426,10,0.9991283980601138,0.0,0.0,2.325616846604823e-05,2.325616846604823e-05,2.325616846604823e-05,0.0,1.0,1.0,1.0,1.0,0.2278958720860367,0,5,0.0
calibration,0,3,2,0,40.0,plain_ls,0.006539906985412852,45.68816996773151,1,1,54361.33093787574,54266.623797655164,10,0.9991284599785409,6.873514669585821,6.87351478448304,2.325616846604823e-05,4.777346017033736e-06,4.777345890643972e-06,1.263897639743014e-13,0.999950690559335,0.9977978526835763,0.9997055064107928,0.999523438969244,0.2278958720860367,0,5,73.96915491006175
calibration,0,3,2,0,40.0,protected_ls,0.006539906985412852,45.68816996773151,1,1,78149.73907616264,78210.70335459628,10,0.999232346101145,6.780339350113077,6.780339457710685,2.325616846604823e-05,4.8809485496810085e-06,4.880948428754218e-06,1.2092679050765378e-13,0.9999931689042675,0.9979336545307347,1.0,0.9999135985758075,0.2278958720860367,15,5,15.850398178407819
calibration,0,3,2,0,40.0,tp_uic_full,0.006539906985412852,45.68816996773151,1,1,54357.802519380086,54263.16797379295,10,0.9991286312313019,6.8735141824757715,6.87351429660665,2.325616846604823e-05,4.777346552866789e-06,4.777346427320006e-06,1.2554678260051878e-13,0.9999798351405828,0.997804805760476,0.9997803382652443,0.9995940385500033,0.2278958720860367,15,5,73.9680961173366
calibration,0,3,2,0,40.0,perfect_channel,0.006539906985412852,45.68816996773151,1,1,5.2468134061504355,5.3476357574775255,10,0.9991280935292541,inf,inf,2.325616846604823e-05,0.0,0.0,0.0,1.0,1.0,1.0,1.0,0.2278958720860367,0,5,nan
calibration,0,3,2,1,40.0,no_ic,0.00582844714545045,45.57436769722956,1,1,19683.35387170459,19768.5532885184,10,0.9991284283960958,0.0,0.0,2.2654680293370976e-05,2.2654680293370976e-05,2.2654680293370976e-05,0.0,1.0,1.0,1.0,1.0,0.25079065589298893,0,5,0.0
calibration,0,3,2,1,40.0,plain_ls,0.00582844714545045,45.57436769722956,1,1,19683.285327531565,19768.485824869815,10,0.9991285014361561,14.638974002893354,14.63897494457213,2.2654680293370976e-05,7.785034426754543e-07,7.785032738729208e-07,1.6880253353759292e-13,0.9997410561939043,0.998792064429212,0.999741118432816,0.9995955147099661,0.25079065589298893,0,5,66.08989330768792
calibration,0,3,2,1,40.0,protected_ls,0.00582844714545045,45.57436769722956,1,1,22379.78069186293,22319.147737113257,10,0.9987704814676788,14.04954198708001,14.049542799165604,2.2654680293370976e-05,8.916691455814618e-07,8.916689788486042e-07,1.6673285759923934e-13,0.9999820356345298,0.998826553789367,1.0,0.9998872297499508,0.25079065589298893,15,5,9.061860031964567
calibration,0,3,2,1,40.0,tp_uic_full,0.00582844714545045,45.57436769722956,1,1,19683.088776258362,19768.307538575857,10,0.9991287605040227,14.63897352490471,14.638974461698337,2.2654680293370976e-05,7.785035283582897e-07,7.785033604314349e-07,1.6792685480425376e-13,0.999753835272008,0.9987948592749339,0.9998116805098545,0.9996620986283182,0.25079065589298893,15,5,66.0888226869457
calibration,0,3,2,1,40.0,perfect_channel,0.00582844714545045,45.57436769722956,1,1,4.359827241411514,2.8908277232767823,10,0.9991280935292541,inf,inf,2.2654680293370976e-05,0.0,0.0,0.0,1.0,1.0,1.0,1.0,0.25079065589298893,0,5,nan
calibration,0,3,2,2,40.0,no_ic,0.0062602550484578785,45.672865433316645,1,1,2406.442467101942,2392.5593821393077,10,0.9991286287486972,0.0,0.0,2.317435797983223e-05,2.317435797983223e-05,2.317435797983223e-05,0.0,1.0,1.0,1.0,1.0,0.2981256346330056,0,5,0.0
calibration,0,3,2,2,40.0,plain_ls,0.0062602550484578785,45.672865433316645,1,1,2406.4050282828975,2392.5242618094135,10,0.9991287332478492,19.05184388052161,19.05184459962783,2.317435797983223e-05,2.882858479703396e-07,2.882858002358785e-07,4.7734461078201095e-14,0.9996873081005877,0.9985180996451946,0.9997480178209445,0.99961538621865,0.2981256346330056,0,5,61.77552116748723
calibration,0,3,2,2,40.0,protected_ls,0.0062602550484578785,45.672865433316645,1,1,7199.783803885138,6987.725960233072,10,0.9989458746847959,17.567393110939893,17.567393648288977,2.317435797983223e-05,4.057592230126449e-07,4.057591728083841e-07,5.020426078293308e-14,0.9999847447203374,0.9986107136115357,1.0,0.9999143533608206,0.2981256346330056,15,5,5.245264030249097
calibration,0,3,2,2,40.0,tp_uic_full,0.0062602550484578785,45.672865433316645,1,1,2406.9334906526924,2393.0356178604775,10,0.9991289403750561,19.051843795977955,19.051844504837977,2.317435797983223e-05,2.8828585358237013e-07,2.882858065280537e-07,4.7054316399740393e-14,0.999711343730488,0.9985249483661033,0.9998120191947188,0.9996757811607923,0.2981256346330056,15,5,61.77446983170359
calibration,0,3,2,2,40.0,perfect_channel,0.0062602550484578785,45.672865433316645,1,1,1.8688330586965132,2.1225395141307963,10,0.9991280935292541,inf,inf,2.317435797983223e-05,0.0,0.0,0.0,1.0,1.0,1.0,1.0,0.2981256346330056,0,5,nan
calibration,0,5,2,0,40.0,no_ic,0.0339548153325858,35.12508120126196,1,1,5123.868078257987,5064.5025296380345,10,0.9882906205968404,0.0,0.0,2.0428161758870706e-06,2.0428161758870706e-06,2.0428161758870706e-06,0.0,1.0,1.0,1.0,1.0,0.1318540327739062,0,5,0.0
calibration,0,5,2,0,40.0,plain_ls,0.0339548153325858,35.12508120126196,1,1,5122.328072435052,5063.004734102091,10,0.9882906463659411,10.664135857919392,10.664143097610966,2.0428161758870706e-06,1.7531363811529359e-07,1.7531334586759902e-07,2.9224769455087024e-13,0.9996211116663659,0.9760855078733861,0.9990170433573202,0.9982093674215635,0.1318540327739062,0,5,59.61544538294639
calibration,0,5,2,0,40.0,protected_ls,0.0339548153325858,35.12508120126196,1,1,1520.1088276617897,1488.8876057279044,10,0.9865486355846484,10.435046389990514,10.435053379232286,2.0428161758870706e-06,1.8480965194821254e-07,1.848093545282927e-07,2.974199198247745e-13,0.9999825280358944,0.9760371215503588,1.0,0.9995325855362892,0.1318540327739062,15,5,11.401447271909655
calibration,0,5,2,0,40.0,tp_uic_full,0.0339548153325858,35.12508120126196,1,1,5117.849740308047,5058.066038453765,10,0.9882906431975973,10.664134047713322,10.664141387568481,2.0428161758870706e-06,1.7531371118872435e-07,1.7531341489756394e-07,2.962911604242557e-13,0.9997599929773832,0.9761061636906798,0.999162456702689,0.9982882220079888,0.1318540327739062,15,5,59.61214271285339
calibration,0,5,2,0,40.0,perfect_channel,0.0339548153325858,35.12508120126196,1,1,5.496077069199746,8.481885991068761,10,0.9883140285595633,inf,inf,2.0428161758870706e-06,0.0,0.0,0.0,1.0,1.0,1.0,1.0,0.1318540327739062,0,5,nan
calibration,0,5,2,1,40.0,no_ic,0.03170338581913754,35.2227738530808,1,1,2679.0014164902877,2615.7859820780877,10,0.9882946155908858,0.0,0.0,2.0892891711425767e-06,2.0892891711425767e-06,2.0892891711425767e-06,0.0,1.0,1.0,1.0,1.0,0.16632664636486336,0,5,0.0
calibration,0,5,2,1,40.0,plain_ls,0.03170338581913754,35.2227738530808,1,1,2679.3361151711983,2616.123356921963,10,0.9882946312229796,9.939504763764477,9.939510665233811,2.0892891711425767e-06,2.1185956534004945e-07,2.118592774520079e-07,2.878880415616261e-13,0.9998946445336044,0.9691684641876281,0.9990173948106817,0.998134765720078,0.16632664636486336,0,5,60.43776912655699
calibration,0,5,2,1,40.0,protected_ls,0.03170338581913754,35.2227738530808,1,1,538.6004852277308,476.8274223217938,10,0.9868161350174758,9.86805917896622,9.868064762194857,2.0892891711425767e-06,2.153736833158934e-07,2.1537340643470024e-07,2.768811931448456e-13,0.9999962864498484,0.9691567573414077,1.0000000000000002,0.9994123509652652,0.16632664636486336,15,5,12.787109402181919
calibration,0,5,2,1,40.0,tp_uic_full,0.03170338581913754,35.2227738530808,1,1,2676.8375746054235,2613.8163173676703,10,0.9882947183178364,9.939503389898817,9.939509209146161,2.0892891711425767e-06,2.118596323606172e-07,2.1185934848347202e-07,2.8387714518522053e-13,0.9999333519869311,0.9691743975086573,0.9991341862569011,0.9981865869237728,0.16632664636486336,15,5,60.43466894496369
calibration,0,5,2,1,40.0,perfect_channel,0.03170338581913754,35.2227738530808,1,1,5.306256366531864,6.187271595634586,10,0.9883140285595633,inf,inf,2.0892891711425767e-06,0.0,0.0,0.0,1.0,1.0,1.0,1.0,0.16632664636486336,0,5,nan
calibration,0,5,2,2,40.0,no_ic,0.030762002368469668,35.04881301372377,1,1,1304.3941096701424,1335.3179249933892,10,0.9882954292315539,0.0,0.0,2.0072546347370214e-06,2.0072546347370214e-06,2.0072546347370214e-06,0.0,1.0,1.0,1.0,1.0,0.1140692026088976,0,5,0.0
calibration,0,5,2,2,40.0,plain_ls,0.030762002368469668,35.04881301372377,1,1,1303.7019535136894,1334.6677208005644,10,0.9882954306429356,13.642286995589616,13.642298118199939,2.0072546347370214e-06,8.677083362213696e-08,8.677061139575049e-08,2.2222638647185525e-13,0.999361616786869,0.9665619845401545,0.9991534359532508,0.9984763557767283,0.1140692026088976,0,5,56.56102604294348
calibration,0,5,2,2,40.0,protected_ls,0.030762002368469668,35.04881301372377,1,1,1339.2120652757817,1237.058315153577,10,0.9866788326919376,13.17613349055533,13.176142811756439,2.0072546347370214e-06,9.660266783679907e-08,9.660246050008037e-08,2.073367186959237e-13,0.9999722251760287,0.9672544673922512,1.0,0.9995914506584775,0.1140692026088976,15,5,8.743045856675376
calibration,0,5,2,2,40.0,tp_uic_full,0.030762002368469668,35.04881301372377,1,1,1302.528303064414,1333.2752109690698,10,0.9882954576297335,13.642282939888755,13.642294156024406,2.0072546347370214e-06,8.677091465395377e-08,8.677069055875269e-08,2.2409520108645918e-13,0.9994629160806884,0.9665741886587184,0.9992772524903316,0.9985481542920228,0.1140692026088976,15,5,56.55822551500583
calibration,0,5,2,2,40.0,perfect_channel,0.030762002368469668,35.04881301372377,1,1,2.9110996473827635,5.922450605014064,10,0.9883140285595633,inf,inf,2.0072546347370214e-06,0.0,0.0,0.0,1.0,1.0,1.0,1.0,0.1140692026088976,0,5,nan
calibration,1,1,2,0,40.0,no_ic,0.01534861097061422,35.85738435170195,1,1,2847.339021578032,2726.1302707368495,10,0.996261807191468,0.0,0.0,2.4180184103131134e-06,2.4180184103131134e-06,2.4180184103131134e-06,0.0,1.0,1.0,1.0,1.0,0.11346063486924092,0,5,0.0
calibration,1,1,2,0,40.0,plain_ls,0.01534861097061422,35.85738435170195,1,1,2847.4889642900216,2726.25468903011,10,0.996263508801644,15.004491861807239,15.004501344032345,2.4180184103131134e-06,7.638541051648405e-08,7.638524373958568e-08,1.6677689837928353e-13,0.9988661818196565,0.9921864355921054,0.9975546736405377,0.9918836710231559,0.11346063486924092,0,5,56.00739283613226
calibration,1,1,2,0,40.0,protected_ls,0.01534861097061422,35.85738435170195,1,1,1995.9625909628894,1942.6731812798607,10,0.9952959322443226,14.70626924359102,14.706278489936091,2.4180184103131134e-06,8.181495178969028e-08,8.181477760178266e-08,1.741879076147614e-13,0.9932203345774782,0.9919364742227915,0.9999999999999999,0.9824059951780827,0.11346063486924092,15,5,12.178407986361199
calibration,1,1,2,0,40.0,tp_uic_full,0.01534861097061422,35.85738435170195,1,1,2849.321943365674,2728.046324024175,10,0.9962540502849755,15.004471583220925,15.004481405890589,2.4180184103131134e-06,7.638576718501687e-08,7.638559441945322e-08,1.7276556365790096e-13,0.9999825035563156,0.9923433831934867,0.9986484833443627,0.9928799235451269,0.11346063486924092,15,5,56.00132082452349
calibration,1,1,2,0,40.0,perfect_channel,0.01534861097061422,35.85738435170195,1,1,4.902934249555614,5.640187901770068,10,0.9965326351578695,inf,inf,2.4180184103131134e-06,0.0,0.0,0.0,1.0,1.0,1.0,1.0,0.11346063486924092,0,5,nan
calibration,1,1,2,1,40.0,no_ic,0.013494167095362603,35.55693990406316,1,1,2381.7739191379255,2283.810510912417,10,0.9962853633234033,0.0,0.0,2.256395154384372e-06,2.256395154384372e-06,2.256395154384372e-06,0.0,1.0,1.0,1.0,1.0,0.1145211877859812,0,5,0.0
calibration,1,1,2,1,40.0,plain_ls,0.013494167095362603,35.55693990406316,1,1,2381.270308753486,2283.317741231328,10,0.9962871416560712,12.77433050584528,12.774335231140864,2.256395154384372e-06,1.19119293193501e-07,1.1911916358707326e-07,1.2960642773599976e-13,0.9992169675498882,0.9937901150745262,0.9958050464714012,0.9848940111737043,0.1145211877859812,0,5,57.937109546486994
calibration,1,1,2,1,40.0,protected_ls,0.013494167095362603,35.55693990406316,1,1,3877.378471088087,3765.793385446271,10,0.9949037247580089,12.616631103804615,12.616635584983939,2.256395154384372e-06,1.2352419947297078e-07,1.235240720171024e-07,1.2745586837908304e-13,0.99417127525286,0.9927360720512757,0.9999999999999999,0.9885646138421357,0.1145211877859812,15,5,13.896525246537285
calibration,1,1,2,1,40.0,tp_uic_full,0.013494167095362603,35.55693990406316,1,1,2380.386242965681,2282.4981449375855,10,0.9962795258211162,12.774328767366947,12.77433347916638,2.256395154384372e-06,1.191193408768956e-07,1.1911921164059125e-07,1.29236304343147e-13,1.0007515421249478,0.9940017231887319,0.9976288363173687,0.9865443440171204,0.1145211877859812,15,5,57.92974667163746
calibration,1,1,2,1,40.0,perfect_channel,0.013494167095362603,35.55693990406316,1,1,3.208978698326904,2.044583335251407,10,0.9965326351578695,inf,inf,2.256395154384372e-06,0.0,0.0,0.0,1.0,1.0,1.0,1.0,0.1145211877859812,0,5,nan
calibration,1,1,2,2,40.0,no_ic,0.013531366471934475,35.792480335210385,1,1,2574.9855411621274,2571.4495227261255,10,0.9964255938914823,0.0,0.0,2.3821505304952e-06,2.3821505304952e-06,2.3821505304952e-06,0.0,1.0,1.0,1.0,1.0,0.13360295755688592,0,5,0.0
calibration,1,1,2,2,40.0,plain_ls,0.013531366471934475,35.792480335210385,1,1,2574.9390765873504,2571.503294690303,10,0.996427305534795,14.037536750092416,14.037549494112616,2.3821505304952e-06,9.401897810338035e-08,9.401870221270063e-08,2.758906797107621e-13,0.999002471709583,0.99931024564025,0.9980192541674726,0.9930437414982902,0.13360295755688592,0,5,56.90944374323806
calibration,1,1,2,2,40.0,protected_ls,0.013531366471934475,35.792480335210385,1,1,4719.599362445631,4681.78053729105,10,0.9944263043623534,13.792002703412878,13.792014329261463,2.3821505304952e-06,9.94875947168741e-08,9.948732839385774e-08,2.663230163636854e-13,0.9928801385771485,0.998725454159204,0.9999999999999999,0.9811526031364395,0.13360295755688592,15,5,13.092500071592504
calibration,1,1,2,2,40.0,tp_uic_full,0.013531366471934475,35.792480335210385,1,1,2572.7578779033665,2569.1946693630853,10,0.9964252846442402,14.037536020552794,14.037548542553886,2.3821505304952e-06,9.401899389694401e-08,9.401872281262312e-08,2.7108432088729173e-13,0.9999173655633469,0.9994467144442192,0.9989216809633671,0.9938669123534272,0.13360295755688592,15,5,56.90419547856972
calibration,1,1,2,2,40.0,perfect_channel,0.013531366471934475,35.792480335210385,1,1,7.689056469681329,4.494007920809546,10,0.9965326351578695,inf,inf,2.3821505304952e-06,0.0,0.0,0.0,1.0,1.0,1.0,1.0,0.13360295755688592,0,5,nan
calibration,1,3,2,0,40.0,no_ic,0.0020365557947398466,43.21742691004019,1,1,485.58105557752606,413.1344296330278,10,0.8382583746384874,0.0,0.0,1.3166303411871544e-05,1.3166303411871544e-05,1.3166303411871544e-05,0.0,1.0,1.0,1.0,1.0,0.005387305777322201,0,5,0.0
calibration,1,3,2,0,40.0,plain_ls,0.0020365557947398466,43.21742691004019,1,1,473.3612761418285,398.3894034795022,10,0.8382975259171568,7.217893852017207,7.217894056882315,1.3166303411871544e-05,2.498471925606725e-06,2.4984718077489743e-06,1.1785775064633005e-13,0.999940973904153,0.9933819959807852,0.999945736628746,0.9996280430503228,0.005387305777322201,0,5,71.15403273638188
calibration,1,3,2,0,40.0,protected_ls,0.0020365557947398466,43.21742691004019,1,1,856.7221931734739,746.2846784356763,10,0.7294421817344448,7.216894145473648,7.216894346703216,1.3166303411871544e-05,2.4990471174034183e-06,2.4990470016105217e-06,1.157928965083352e-13,0.9998265084246787,0.993415347660376,1.0,0.9999140023296323,0.005387305777322201,15,5,33.22805574955149
calibration,1,3,2,0,40.0,tp_uic_full,0.0020365557947398466,43.21742691004019,1,1,458.7288197084825,383.59309497653373,10,0.838297115328327,7.217893820547112,7.217894023827861,1.3166303411871544e-05,2.4984719437112953e-06,2.4984718267650164e-06,1.1694627907613262e-13,0.9999701328503928,0.9933820290936887,0.9999648784945455,0.999657405055123,0.005387305777322201,15,5,71.15344355679144
calibration,1,3,2,0,40.0,perfect_channel,0.0020365557947398466,43.21742691004019,1,1,7.181842601639582,8.320258928815413,10,0.8383057949780242,inf,inf,1.3166303411871544e-05,0.0,0.0,0.0,1.0,1.0,1.0,1.0,0.005387305777322201,0,5,nan
calibration,1,3,2,1,40.0,no_ic,0.0014038406373933885,43.33075959017985,1,1,1595.4267521936263,1506.5921817314834,10,0.8382323707418278,0.0,0.0,1.3514411139168845e-05,1.3514411139168845e-05,1.3514411139168845e-05,0.0,1.0,1.0,1.0,1.0,0.006225726168036207,0,5,0.0
calibration,1,3,2,1,40.0,plain_ls,0.0014038406373933885,43.33075959017985,1,1,1686.1869321783352,1600.1681382446081,10,0.8382867639186731,9.565699519771723,9.56569987146896,1.3514411139168845e-05,1.493575479466017e-06,1.493575358514366e-06,1.2095165096180107e-13,0.9999508436400796,0.9983487591776735,0.9999777393209867,0.9997951259362582,0.006225726168036207,0,5,68.91955974681245
calibration,1,3,2,1,40.0,protected_ls,0.0014038406373933885,43.33075959017985,1,1,556.0690074046303,519.1163393655089,10,0.7304865552755567,9.56331902091967,9.563319368313165,1.3514411139168845e-05,1.4943943775792753e-06,1.4943942580422131e-06,1.1953706229384352e-13,0.9999595196331419,0.9983286415475819,1.0,0.9998831477792095,0.006225726168036207,15,5,32.5945284603351
calibration,1,3,2,1,40.0,tp_uic_full,0.0014038406373933885,43.33075959017985,1,1,1685.8826549327528,1600.0622839490773,10,0.8382855008514655,9.565699511453417,9.565699859011534,1.3514411139168845e-05,1.4935754823267529e-06,1.4935753627985795e-06,1.1952817338755337e-13,0.999959376720335,0.9983489848289084,0.9999879540226416,0.9998042007272433,0.006225726168036207,15,5,68.91917428861775
calibration,1,3,2,1,40.0,perfect_channel,0.0014038406373933885,43.33075959017985,1,1,7.697204905440642,7.424918550322359,10,0.8383057949780242,inf,inf,1.3514411139168845e-05,0.0,0.0,0.0,1.0,1.0,1.0,1.0,0.006225726168036207,0,5,nan
calibration,1,3,2,2,40.0,no_ic,0.001623345977331881,43.48404295029865,1,1,121.55415304380853,143.92313283594643,10,0.8381952340541164,0.0,0.0,1.3999917067837567e-05,1.3999917067837567e-05,1.3999917067837567e-05,0.0,1.0,1.0,1.0,1.0,0.007584074387165787,0,5,0.0
calibration,1,3,2,2,40.0,plain_ls,0.001623345977331881,43.48404295029865,1,1,146.11049110365525,167.19551130524098,10,0.8382269086381484,20.134892990207614,20.134902151406585,1.3999917067837567e-05,1.357175977921476e-07,1.3571731150377463e-07,2.86288372988517e-13,0.9999794661177915,0.9979299395027025,0.9999758991670836,0.9996763445230736,0.007584074387165787,0,5,58.50364963341044
calibration,1,3,2,2,40.0,protected_ls,0.001623345977331881,43.48404295029865,1,1,366.0005554672979,418.58342476057,10,0.7273544840953884,20.10255525800585,20.10256444316823,1.3999917067837567e-05,1.367319278677103e-07,1.367316386852123e-07,2.891824980006881e-13,0.9999565751153107,0.9979407875224447,1.0,0.9998332379276649,0.007584074387165787,15,5,21.577174079248245
calibration,1,3,2,2,40.0,tp_uic_full,0.001623345977331881,43.48404295029865,1,1,142.35128333429446,163.55541779266565,10,0.838225209708138,20.13489288823576,20.134902069967854,1.3999917067837567e-05,1.357176009787814e-07,1.3571731404874029e-07,2.8693004111369723e-13,0.9999896505707069,0.9979301168069944,0.9999841935951316,0.9996850179108697,0.007584074387165787,15,5,58.50322531635463
calibration,1,3,2,2,40.0,perfect_channel,0.001623345977331881,43.48404295029865,1,1,3.7394990133755135,5.068777077200483,10,0.8383057949780242,inf,inf,1.3999917067837567e-05,0.0,0.0,0.0,1.0,1.0,1.0,1.0,0.007584074387165787,0,5,nan
calibration,1,5,2,0,40.0,no_ic,0.0668706344951471,33.353255666943724,0,1,15294.712812557585,15421.105195242322,10,0.9822203346406456,0.0,0.0,1.3584596233892296e-06,1.3584596233892296e-06,1.3584596233892296e-06,0.0,1.0,1.0,1.0,1.0,0.16452709005987107,0,5,0.0
calibration,1,5,2,0,40.0,plain_ls,0.0668706344951471,33.353255666943724,0,1,15293.962497440742,15420.348651131944,10,0.9822202055060208,12.669041727044734,12.66906504143927,1.3584596233892296e-06,7.347550200738487e-08,7.347510756713388e-08,3.944402509923924e-13,0.9890400656608538,0.997668822225826,0.9951845388278204,0.9840932745876495,0.16452709005987107,0,5,55.838721892282265
calibration,1,5,2,0,40.0,protected_ls,0.0668706344951471,33.353255666943724,0,1,20115.95456972432,20449.149813619122,10,0.9800411238153125,12.437435572527347,12.437459567206092,1.3584596233892296e-06,7.750026320303746e-08,7.749983501689677e-08,4.28186140690415e-13,0.9836302094422147,0.9968296029595347,0.992338093476087,0.9749500935934509,0.16452709005987107,15,5,8.49815912805317
calibration,1,5,2,0,40.0,tp_uic_full,0.0668706344951471,33.353255666943724,0,1,15320.121345087851,15446.346494369163,10,0.9822164666498842,12.668227387988596,12.668251512912525,1.3584596233892296e-06,7.348928058010154e-08,7.348887235055839e-08,4.082295431509707e-13,0.98952363459454,0.9981993360882437,0.995263519655213,0.9842052501304912,0.16452709005987107,15,5,55.817107028151625
calibration,1,5,2,0,40.0,perfect_channel,0.0668706344951471,33.353255666943724,0,1,3.168903320233883,6.523817575432041,10,0.9825735221904497,inf,inf,1.3584596233892296e-06,0.0,0.0,0.0,1.0,1.0,1.0,1.0,0.16452709005987107,0,5,nan
calibration,1,5,2,1,40.0,no_ic,0.062118667483918706,33.156516804867245,0,1,9414.66175027168,9493.855436006963,10,0.9824127188463595,0.0,0.0,1.298293397499276e-06,1.298293397499276e-06,1.298293397499276e-06,0.0,1.0,1.0,1.0,1.0,0.13524482769313934,0,5,0.0
calibration,1,5,2,1,40.0,plain_ls,0.062118667483918706,33.156516804867245,0,1,9413.60251096939,9492.7993321858,10,0.9824124508003829,10.145826745057164,10.145837771474469,1.298293397499276e-06,1.2554232691048902e-07,1.2554200816816407e-07,3.187423249360923e-13,0.9980047043184471,0.9984931584199509,0.9974772694159458,0.9878984419009512,0.13524482769313934,0,5,58.165193344897396
calibration,1,5,2,1,40.0,protected_ls,0.062118667483918706,33.156516804867245,0,1,10527.97375170466,10636.491629117383,10,0.9829232741211197,9.018091231344163,9.018099456982803,1.298293397499276e-06,1.627660129647298e-07,1.6276570468240217e-07,3.082823276201222e-13,0.9715195492013767,0.9968648712270376,0.9944665534444561,0.9714167639769088,0.13524482769313934,15,5,8.46976072524567
calibration,1,5,2,1,40.0,tp_uic_full,0.062118667483918706,33.156516804867245,0,1,9400.704011746508,9480.16078640984,10,0.9824156181499044,10.14386156837649,10.14387265343692,1.298293397499276e-06,1.2559914749896105e-07,1.2559882691640218e-07,3.205825588741206e-13,1.0004926626787094,0.9987037313069612,0.9976410925736828,0.9889855822803862,0.13524482769313934,15,5,58.071656924574015
calibration,1,5,2,1,40.0,perfect_channel,0.062118667483918706,33.156516804867245,0,1,6.18228098919915,7.474109693407013,10,0.9825735221904497,inf,inf,1.298293397499276e-06,0.0,0.0,0.0,1.0,1.0,1.0,1.0,0.13524482769313934,0,5,nan
calibration,1,5,2,2,40.0,no_ic,0.06359213145290545,32.413811832396064,0,1,10579.403092094917,10557.748394073857,10,0.9822291053139337,0.0,0.0,1.0942142120171994e-06,1.0942142120171994e-06,1.0942142120171994e-06,0.0,1.0,1.0,1.0,1.0,0.10250427086834042,0,5,0.0
calibration,1,5,2,2,40.0,plain_ls,0.06359213145290545,32.413811832396064,0,1,10581.505943879021,10559.83647533139,10,0.9822287290672297,12.412368644581646,12.412373697047656,1.0942142120171994e-06,6.278638615922975e-08,6.278631311526749e-08,7.304396226858218e-14,0.9990972763648162,0.9966889200536195,0.9981703890351014,0.9874500204094294,0.10250427086834042,0,5,55.155943965973066
calibration,1,5,2,2,40.0,protected_ls,0.06359213145290545,32.413811832396064,0,1,15814.357257041074,15847.904036516195,10,0.9816972492442645,10.94944017184629,10.949444099207836,1.0942142120171994e-06,8.793430472050331e-08,8.79342252008075e-08,7.951969582052117e-14,0.9899070146649233,0.9987418192923326,0.9957305810747982,0.9696510347254716,0.10250427086834042,15,5,6.13481357558173
calibration,1,5,2,2,40.0,tp_uic_full,0.06359213145290545,32.413811832396064,0,1,10586.881375016255,10564.80708926059,10,0.9822285211056523,12.412319113356583,12.412324293353853,1.0942142120171994e-06,6.278710224117128e-08,6.278702735262495e-08,7.48885463311111e-14,0.9999321760157333,0.9968785913895399,0.9982950670544296,0.9883371365884119,0.10250427086834042,15,5,55.09337565081192
calibration,1,5,2,2,40.0,perfect_channel,0.06359213145290545,32.413811832396064,0,1,2.806349117228006,3.2727870132268957,10,0.9825735221904497,inf,inf,1.0942142120171994e-06,0.0,0.0,0.0,1.0,1.0,1.0,1.0,0.10250427086834042,0,5,nan
test,2,1,2,0,40.0,no_ic,0.0004390645759113859,47.599214925101066,0,1,2767.823825250928,3026.565045545388,10,0.9909126070521158,0.0,0.0,3.611126152528825e-05,3.611126152528825e-05,3.611126152528825e-05,0.0,1.0,1.0,1.0,1.0,0.17983693588655078,0,5,0.0
test,2,1,2,0,40.0,plain_ls,0.0004390645759113859,47.599214925101066,0,1,2767.833211834846,3026.5758059307423,10,0.9909126350394761,11.689906791794032,11.689907011941594,3.611126152528825e-05,2.447101489257873e-06,2.447101365212222e-06,1.2404565101527459e-13,0.9999934427570392,0.9971402694421477,0.9999883720530415,0.999963257877562,0.17983693588655078,0,5,71.06380771535063
test,2,1,2,0,40.0,protected_ls,0.0004390645759113859,47.599214925101066,0,1,2893.2592792150704,3153.8423810842587,10,0.9827742949565869,11.688738869160368,11.688739092393156,3.611126152528825e-05,2.447759662379039e-06,2.4477595365611363e-06,1.25817902524949e-13,0.9999928573346817,0.997311268575102,0.9999894034715471,0.9999586954945575,0.17983693588655078,15,5,33.35280929017776
test,2,1,2,0,40.0,tp_uic_full,0.0004390645759113859,47.599214925101066,0,1,2767.843477433827,3026.587670532914,10,0.9909126344565204,11.689906791458153,11.689907011682996,3.611126152528825e-05,2.4471014894471284e-06,2.447101365357933e-06,1.240891956550882e-13,0.9999935048123376,0.9971409133365938,0.999988426238273,0.9999634180326509,0.17983693588655078,15,5,71.06374558127274
test,2,1,2,0,40.0,perfect_channel,0.0004390645759113859,47.599214925101066,0,1,4.538500443422407,12.952588711424985,10,0.9909124484688627,inf,inf,3.611126152528825e-05,0.0,0.0,0.0,1.0,1.0,1.0,1.0,0.17983693588655078,0,5,nan
test,2,1,2,1,40.0,no_ic,0.0006941208000903673,47.610481594703316,0,1,1389.6371083977065,1393.030730995722,10,0.9909126225629827,0.0,0.0,3.62050646624454e-05,3.62050646624454e-05,3.62050646624454e-05,0.0,1.0,1.0,1.0,1.0,0.1923833780076764,0,5,0.0
test,2,1,2,1,40.0,plain_ls,0.0006941208000903673,47.610481594703316,0,1,1389.644378617411,1393.0390311505703,10,0.9909126525692041,13.201747216938454,13.201747407131034,3.62050646624454e-05,1.7321863253973037e-06,1.7321862495388725e-06,7.585843124419542e-14,0.9999948491553184,0.9974223176222369,0.9999913359256455,0.9998800057636206,0.1923833780076764,0,5,69.56323395851376
test,2,1,2,1,40.0,protected_ls,0.0006941208000903673,47.610481594703316,0,1,1471.3942520192804,1503.2699326008187,10,0.9819675388718369,13.199743846104873,13.19974403770191,3.62050646624454e-05,1.7329855554641857e-06,1.7329854790103265e-06,7.645385918152163e-14,0.9999950736465278,0.9974880789154165,0.9999928731276769,0.9998818423266843,0.1923833780076764,15,5,32.17622936263909
test,2,1,2,1,40.0,tp_uic_full,0.0006941208000903673,47.610481594703316,0,1,1389.6464825431326,1393.0424421272432,10,0.9909126610783577,13.20174721698844,13.201747406909297,3.62050646624454e-05,1.732186325377366e-06,1.7321862496273127e-06,7.575005332297986e-14,0.9999949020192829,0.9974233100759918,0.9999913862812205,0.9998801405892648,0.1923833780076764,15,5,69.56316588876088
test,2,1,2,1,40.0,perfect_channel,0.0006941208000903673,47.610481594703316,0,1,7.374238148979186,6.757987927220972,10,0.9909124484688627,inf,inf,3.62050646624454e-05,0.0,0.0,0.0,1.0,1.0,1.0,1.0,0.1923833780076764,0,5,nan
test,2,1,2,2,40.0,no_ic,0.000414337438650138,47.62179902335014,0,1,3803.1915392972805,3897.8607534801,10,0.9909129514224118,0.0,0.0,3.629953571966798e-05,3.629953571966798e-05,3.629953571966798e-05,0.0,1.0,1.0,1.0,1.0,0.13151928410433322,0,5,0.0
test,2,1,2,2,40.0,plain_ls,0.000414337438650138,47.62179902335014,0,1,3803.1942978215375,3897.8642150726655,10,0.9909129808960074,13.339850778283822,13.339851091690347,3.629953571966798e-05,1.6823486054952307e-06,1.6823484840893568e-06,1.214058739412325e-13,0.9999927061603695,0.9971928843625977,0.9999916036862248,0.9999468519381534,0.13151928410433322,0,5,69.43644782601955
test,2,1,2,2,40.0,protected_ls,0.000414337438650138,47.62179902335014,0,1,3509.1629785491523,3581.9070046021843,10,0.9820686731957293,13.338325751207334,13.338326063749907,3.629953571966798e-05,1.6829394667185967e-06,1.6829393456048742e-06,1.211137226273758e-13,0.9999950710979953,0.9970369994069733,0.9999932313980059,0.9999463627540469,0.13151928410433322,15,5,32.25856339708119
test,2,1,2,2,40.0,tp_uic_full,0.000414337438650138,47.62179902335014,0,1,3803.1869301955558,3897.856534977882,10,0.9909129810967992,13.339850778226538,13.339851091652466,3.629953571966798e-05,1.6823486055174209e-06,1.6823484841040306e-06,1.2141339035120852e-13,0.9999927742534906,0.9971933896716887,0.9999916594921904,0.9999470047271936,0.13151928410433322,15,5,69.43638802735065
test,2,1,2,2,40.0,perfect_channel,0.000414337438650138,47.62179902335014,0,1,6.8136343319346615,4.253068846347174,10,0.9909124484688627,inf,inf,3.629953571966798e-05,0.0,0.0,0.0,1.0,1.0,1.0,1.0,0.13151928410433322,0,5,nan
test,2,3,2,0,40.0,no_ic,0.006139132557571182,42.593924375376766,0,1,2752.9398219339896,2852.6169960141942,10,0.9893584530028332,0.0,0.0,1.1405481004319183e-05,1.1405481004319183e-05,1.1405481004319183e-05,0.0,1.0,1.0,1.0,1.0,0.083945020113474,0,5,0.0
test,2,3,2,0,40.0,plain_ls,0.006139132557571182,42.593924375376766,0,1,2753.3804613072584,2853.0108412841228,10,0.9893584641372619,14.744081222245281,14.744083681950253,1.1405481004319183e-05,3.8256521882698964e-07,3.8256500215435327e-07,2.166726363496766e-13,0.9995255339315431,0.979437683737011,0.998842312855394,0.9987222790199138,0.083945020113474,0,5,63.004342681184085
test,2,3,2,0,40.0,protected_ls,0.006139132557571182,42.593924375376766,0,1,2744.1960760058255,2835.640148989606,10,0.9897435397482541,14.704168245322126,14.704170628831479,1.1405481004319183e-05,3.860973145938904e-07,3.860971026947423e-07,2.1189914808294832e-13,0.999562289846978,0.9789393550616288,0.9989323864177831,0.9987355383882778,0.083945020113474,15,5,20.34104045741501
test,2,3,2,0,40.0,tp_uic_full,0.006139132557571182,42.593924375376766,0,1,2752.4821210298496,2852.1434832140867,10,0.9893583670874205,14.744081258363659,14.74408367916525,1.1405481004319183e-05,3.825652156453618e-07,3.825650023996809e-07,2.1324568085300678e-13,0.9995259378215012,0.9794388835332766,0.9988426290665311,0.9987222818715662,0.083945020113474,15,5,63.00356185270296
test,2,3,2,0,40.0,perfect_channel,0.006139132557571182,42.593924375376766,0,1,1.0465865944861354,7.717059909801957,10,0.9893330304066916,inf,inf,1.1405481004319183e-05,0.0,0.0,0.0,1.0,1.0,1.0,1.0,0.083945020113474,0,5,nan
test,2,3,2,1,40.0,no_ic,0.0063965915618585814,42.25877920253766,0,1,2164.4196610982904,2298.416326986642,10,0.9893652805844699,0.0,0.0,1.0558423758187424e-05,1.0558423758187424e-05,1.0558423758187424e-05,0.0,1.0,1.0,1.0,1.0,0.11819489952399474,0,5,0.0
test,2,3,2,1,40.0,plain_ls,0.0063965915618585814,42.25877920253766,0,1,2172.5370839677244,2306.7422701690193,10,0.9893664104711128,15.695074480475233,15.695075788632408,1.0558423758187424e-05,2.8450613787267297e-07,2.845060521753627e-07,8.56973102970471e-14,0.9992733484537353,0.9683493130096319,0.9991728225617503,0.9988830664686544,0.11819489952399474,0,5,61.718204252192535
test,2,3,2,1,40.0,protected_ls,0.0063965915618585814,42.25877920253766,0,1,2332.149540686438,2484.431500843105,10,0.9900544302286567,15.659269931375368,15.659271239111634,1.0558423758187424e-05,2.8686138777878604e-07,2.8686130139984293e-07,8.637894308009556e-14,0.9994000818298255,0.9678143609778582,0.999247638291089,0.9989195106046896,0.11819489952399474,15,5,18.636062049940726
test,2,3,2,1,40.0,tp_uic_full,0.0063965915618585814,42.25877920253766,0,1,2169.9194979424724,2304.0225777736237,10,0.9893659309006245,15.695074070544784,15.695075358221064,1.0558423758187424e-05,2.8450616472720135e-07,2.8450608037158517e-07,8.435561615610325e-14,0.9992747786743603,0.9683592133433141,0.9991736101676938,0.9988832213107118,0.11819489952399474,15,5,61.71725786569172
test,2,3,2,1,40.0,perfect_channel,0.0063965915618585814,42.25877920253766,0,1,2.8510471925594496,6.146397454547098,10,0.9893330304066916,inf,inf,1.0558423758187424e-05,0.0,0.0,0.0,1.0,1.0,1.0,1.0,0.11819489952399474,0,5,nan
test,2,3,2,2,40.0,no_ic,0.00651142730276315,41.5793683378859,0,1,1496.6854036690715,1454.6493518356237,10,0.9893547957615327,0.0,0.0,9.029381479623914e-06,9.029381479623914e-06,9.029381479623914e-06,0.0,1.0,1.0,1.0,1.0,0.11145210245586885,0,5,0.0
test,2,3,2,2,40.0,plain_ls,0.00651142730276315,41.5793683378859,0,1,1496.1182290224335,1454.0614504179705,10,0.9893548546570903,10.232846798960942,10.232847853546039,9.029381479623914e-06,8.558020488721504e-07,8.558018410601668e-07,2.0781198360696597e-13,0.9989903236048394,0.9787055165616699,0.9988673005518759,0.9987483214845955,0.11145210245586885,0,5,66.50102107101813
test,2,3,2,2,40.0,protected_ls,0.00651142730276315,41.5793683378859,0,1,1790.162567152437,1755.1630300913923,10,0.9898739246891114,10.213584786769998,10.213585840467676,9.029381479623914e-06,8.596061681045288e-07,8.5960595954445e-07,2.0856007879003806e-13,0.9990368467925136,0.9784907599845715,0.9989479413790295,0.9987594480506625,0.11145210245586885,15,5,24.328869279613798
test,2,3,2,2,40.0,tp_uic_full,0.00651142730276315,41.5793683378859,0,1,1497.3712098218182,1455.3400364476956,10,0.9893547710284378,10.232846790800952,10.232847845913358,9.029381479623914e-06,8.558020504801231e-07,8.558018425642299e-07,2.079158932164112e-13,0.9989903880886957,0.9787056580741758,0.9988674647260184,0.9987483228071236,0.11145210245586885,15,5,66.50032543488416
test,2,3,2,2,40.0,perfect_channel,0.00651142730276315,41.5793683378859,0,1,5.459582179846526,1.6384987575933982,10,0.9893330304066916,inf,inf,9.029381479623914e-06,0.0,0.0,0.0,1.0,1.0,1.0,1.0,0.11145210245586885,0,5,nan
test,2,5,2,0,40.0,no_ic,0.019786387685095448,41.97978929153902,0,1,53110.745500918,52132.85735895299,10,0.9896040350964701,0.0,0.0,9.9014796027613e-06,9.9014796027613e-06,9.9014796027613e-06,0.0,1.0,1.0,1.0,1.0,0.056766135698172564,0,5,0.0
test,2,5,2,0,40.0,plain_ls,0.019786387685095448,41.97978929153902,0,1,53110.696896184614,52132.806051056556,10,0.989604062113242,14.19211853002995,14.192120077561814,9.9014796027613e-06,3.771275364665842e-07,3.7712740208385524e-07,1.343827289433329e-13,0.9999045681167809,0.9991807223019884,0.9998681958987983,0.9976306344783495,0.056766135698172564,0,5,62.94217045194915
test,2,5,2,0,40.0,protected_ls,0.019786387685095448,41.97978929153902,0,1,53097.52586743132,52119.94600415126,10,0.9895506421561833,14.191539490533918,14.191541046697498,9.9014796027613e-06,3.7717782176976425e-07,3.7717768661946687e-07,1.3515029736141149e-13,0.9999032096073257,0.9991781672088073,0.9998680265646842,0.9976304500722977,0.056766135698172564,15,5,29.63137244216332
test,2,5,2,0,40.0,tp_uic_full,0.019786387685095448,41.97978929153902,0,1,53110.69683864123,52132.80595181048,10,0.9896040622744259,14.192118526104004,14.192120077226285,9.9014796027613e-06,3.7712753680750086e-07,3.771274021129916e-07,1.3469450926326004e-13,0.9999045683913135,0.9991808156217905,0.9998681959506432,0.9976306344811259,0.056766135698172564,15,5,62.9421536393977
test,2,5,2,0,40.0,perfect_channel,0.019786387685095448,41.97978929153902,0,1,5.956034575648742,5.1150499511697545,10,0.9896074304376288,inf,inf,9.9014796027613e-06,0.0,0.0,0.0,1.0,1.0,1.0,1.0,0.056766135698172564,0,5,nan
test,2,5,2,1,40.0,no_ic,0.014625843212666627,41.73509155928176,0,1,96686.79966151925,96279.61158259037,10,0.9896017345837421,0.0,0.0,9.359018891759896e-06,9.359018891759896e-06,9.359018891759896e-06,0.0,1.0,1.0,1.0,1.0,0.09430862132285536,0,5,0.0
test,2,5,2,1,40.0,plain_ls,0.014625843212666627,41.73509155928176,0,1,96686.75840112999,96279.57231297862,10,0.989601782352797,13.25805423305723,13.258056939429746,9.359018891759896e-06,4.42002677966409e-07,4.42002402525763e-07,2.754406460304929e-13,0.9990245321524469,0.9985067531464825,0.9995694713006917,0.998628986758308,0.09430862132285536,0,5,63.631536846604924
test,2,5,2,1,40.0,protected_ls,0.014625843212666627,41.73509155928176,0,1,96689.39111581087,96281.84144705592,10,0.9895490432230766,13.257715339291083,13.257718056960698,9.359018891759896e-06,4.420371701837748e-07,4.4203689357178447e-07,2.7661199034592106e-13,0.9990228754944623,0.9985231997845373,0.9995694400599435,0.9986289895856916,0.09430862132285536,15,5,32.774818866518174
test,2,5,2,1,40.0,tp_uic_full,0.014625843212666627,41.73509155928176,0,1,96686.758318714,96279.57224220366,10,0.9896017825642373,13.258054231753873,13.258056939405503,9.359018891759896e-06,4.42002678099058e-07,4.4200240252823033e-07,2.755708276846297e-13,0.9990245323049287,0.99850696688463,0.9995694713364301,0.9986289867610272,0.09430862132285536,15,5,63.63152229316735
test,2,5,2,1,40.0,perfect_channel,0.014625843212666627,41.73509155928176,0,1,9.808807563651698,5.1722767791246,10,0.9896074304376288,inf,inf,9.359018891759896e-06,0.0,0.0,0.0,1.0,1.0,1.0,1.0,0.09430862132285536,0,5,nan
test,2,5,2,2,40.0,no_ic,0.01946645510599999,40.61052273382703,0,1,91633.77302208332,91732.03451883521,10,0.9896027058290284,0.0,0.0,7.223928542500839e-06,7.223928542500839e-06,7.223928542500839e-06,0.0,1.0,1.0,1.0,1.0,0.08634617221704585,0,5,0.0
test,2,5,2,2,40.0,plain_ls,0.01946645510599999,40.61052273382703,0,1,91633.78302309253,91732.04597250663,10,0.9896027676317116,9.517280801566725,9.517282041194017,7.223928542500839e-06,8.073193488022184e-07,8.073191183652691e-07,2.304369493340234e-13,0.9998446673234629,0.9982869452156942,0.9996230854597764,0.9981032428600187,0.08634617221704585,0,5,66.24774145019097
test,2,5,2,2,40.0,protected_ls,0.01946645510599999,40.61052273382703,0,1,91642.8752959747,91741.36260566686,10,0.9895484490851385,9.516644921715617,9.516646162678775,7.223928542500839e-06,8.074375625287686e-07,8.074373318097136e-07,2.3071905493182793e-13,0.9998443781368009,0.9982956591351307,0.9996229471612178,0.9981036113025356,0.08634617221704585,15,5,33.40188723411059
test,2,5,2,2,40.0,tp_uic_full,0.01946645510599999,40.61052273382703,0,1,91633.7831730989,91732.04612358756,10,0.9896027677450958,9.517280801547662,9.517282040915775,7.223928542500839e-06,8.073193488057622e-07,8.073191184169919e-07,2.3038877029638617e-13,0.9998446676270843,0.9982870386440154,0.9996230855146925,0.9981032428740636,0.08634617221704585,15,5,66.24772499322779
test,2,5,2,2,40.0,perfect_channel,0.01946645510599999,40.61052273382703,0,1,2.5713101090941906,3.2985975943679144,10,0.9896074304376288,inf,inf,7.223928542500839e-06,0.0,0.0,0.0,1.0,1.0,1.0,1.0,0.08634617221704585,0,5,nan
test,3,1,2,0,40.0,no_ic,0.7611228382564761,44.30091461394763,0,1,999683.5775057047,1001685.5872279549,10,0.9905399930744511,0.0,0.0,1.6897117705825295e-05,1.6897117705825295e-05,1.6897117705825295e-05,0.0,1.0,1.0,1.0,1.0,0.10092514085455127,0,5,0.0
test,3,1,2,0,40.0,plain_ls,0.7611228382564761,44.30091461394763,0,1,999683.6839105602,1001685.6921770668,10,0.9905400037604551,10.007735531287521,10.00773601836257,1.6897117705825295e-05,1.6867047822293372e-06,1.6867045930600512e-06,1.891692860739006e-13,0.9188798607987066,0.9577362339182295,0.9297907994847234,0.9147428437144639,0.10092514085455127,0,5,69.44767862801585
test,3,1,2,0,40.0,protected_ls,0.7611228382564761,44.30091461394763,0,1,1009814.1415612099,1011974.6587502002,10,0.9910108958242371,10.002478556561886,10.002479040019887,1.6897117705825295e-05,1.6887477124327787e-06,1.6887475244408557e-06,1.8799192292819198e-13,0.9202359991730271,0.9585372754877379,0.929679733675019,0.9148204632473803,0.10092514085455127,15,5,27.576060186336825
test,3,1,2,0,40.0,tp_uic_full,0.7611228382564761,44.30091461394763,0,1,999683.7158488373,1001685.7218838941,10,0.9905399999217432,10.007735511669813,10.007735999338113,1.6897117705825295e-05,1.6867047898484252e-06,1.6867046004487335e-06,1.8939969177684613e-13,0.9188806956636252,0.9577379007131761,0.9297919321354784,0.9147433692674842,0.10092514085455127,15,5,69.44745936631291
test,3,1,2,0,40.0,perfect_channel,0.7611228382564761,44.30091461394763,0,1,1.7474343747200365,5.547833394960041,10,0.9916950550074737,inf,inf,1.6897117705825295e-05,0.0,0.0,0.0,1.0,1.0,1.0,1.0,0.10092514085455127,0,5,nan
test,3,1,2,1,40.0,no_ic,0.7410351809403988,44.35078753335161,0,1,598433.130677437,599168.1098626807,10,0.9903711248936664,0.0,0.0,1.7092276956348383e-05,1.7092276956348383e-05,1.7092276956348383e-05,0.0,1.0,1.0,1.0,1.0,0.11470522305540452,0,5,0.0
test,3,1,2,1,40.0,plain_ls,0.7410351809403988,44.35078753335161,0,1,598433.1783050536,599168.1678050754,10,0.9903710664414495,17.170736230168192,17.170738299300737,1.7092276956348383e-05,3.278885855762469e-07,3.2788842935856273e-07,1.5621768418274477e-13,0.9113869071015225,0.952938673322218,0.935154302952894,0.9207509890452756,0.11470522305540452,0,5,62.33455084833584
test,3,1,2,1,40.0,protected_ls,0.7410351809403988,44.35078753335161,0,1,597623.0810842022,598245.2316648294,10,0.9900542166999557,17.154107885580398,17.154109922170985,1.7092276956348383e-05,3.291464177096368e-07,3.291462633589906e-07,1.5435064623102994e-13,0.9117967313268439,0.9533941059413016,0.9349832559709907,0.9207360345550585,0.11470522305540452,15,5,21.930747342554238
test,3,1,2,1,40.0,tp_uic_full,0.7410351809403988,44.35078753335161,0,1,598433.2003694008,599168.1857146926,10,0.9903710370104402,17.17073622244099,17.170738286761605,1.7092276956348383e-05,3.27888586159644e-07,3.278884303052558e-07,1.5585438822374512e-13,0.9113876500391621,0.9529408448093649,0.9351548429981297,0.9207514724446051,0.11470522305540452,15,5,62.334387887099
test,3,1,2,1,40.0,perfect_channel,0.7410351809403988,44.35078753335161,0,1,2.9784841458057865,2.0749445379686233,10,0.9916950550074737,inf,inf,1.7092276956348383e-05,0.0,0.0,0.0,1.0,1.0,1.0,1.0,0.11470522305540452,0,5,nan
test,3,1,2,2,40.0,no_ic,0.7893046710328627,44.329424472352834,0,1,23684.371820457458,23723.949234994754,10,0.9912405468888792,0.0,0.0,1.700840604243816e-05,1.700840604243816e-05,1.700840604243816e-05,0.0,1.0,1.0,1.0,1.0,0.0951049637105131,0,5,0.0
test,3,1,2,2,40.0,plain_ls,0.7893046710328627,44.329424472352834,0,1,23684.61890970412,23724.195322159823,10,0.9912405500866103,12.870676875795892,12.870677667938683,1.700840604243816e-05,8.78205045000128e-07,8.782048848176342e-07,1.6018249387408823e-13,0.9103967607664966,0.9515523466561991,0.8915639569831066,0.8546643416372457,0.0951049637105131,0,5,66.61324714161276
test,3,1,2,2,40.0,protected_ls,0.7893046710328627,44.329424472352834,0,1,24473.845435562172,24661.71093088304,10,0.9888892308506749,12.865449407498076,12.865450196470253,1.700840604243816e-05,8.792627496745725e-07,8.792625899410711e-07,1.597335013113977e-13,0.910377940685822,0.9519548556983107,0.8915921781924371,0.854752356104243,0.0951049637105131,15,5,25.399832087512713
test,3,1,2,2,40.0,tp_uic_full,0.7893046710328627,44.329424472352834,0,1,23684.59544917014,23724.174749168997,10,0.9912405316169377,12.870676867289594,12.870677661078966,1.700840604243816e-05,8.782050467202218e-07,8.782048862047658e-07,1.6051545606560997e-13,0.91039682474881,0.9515539320339914,0.891564281359474,0.8546645515767795,0.0951049637105131,15,5,66.61313055777987
test,3,1,2,2,40.0,perfect_channel,0.7893046710328627,44.329424472352834,0,1,7.754578834191632,10.86381733372507,10,0.9916950550074737,inf,inf,1.700840604243816e-05,0.0,0.0,0.0,1.0,1.0,1.0,1.0,0.0951049637105131,0,5,nan
test,3,3,2,0,40.0,no_ic,0.0793925606719527,39.9699369783525,0,1,88435.14401343727,89054.91810514004,10,0.9384518560243191,0.0,0.0,6.233254594731359e-06,6.233254594731359e-06,6.233254594731359e-06,0.0,1.0,1.0,1.0,1.0,0.15453436331475906,0,5,0.0
test,3,3,2,0,40.0,plain_ls,0.0793925606719527,39.9699369783525,0,1,88435.13486619035,89054.90860876249,10,0.938451599643059,13.114249837285094,13.114253755596629,6.233254594731359e-06,3.042915427737669e-07,3.0429126823458374e-07,2.7453918317229756e-13,0.9943983281650934,0.9954345358053283,0.9927123775232588,0.9890524403900964,0.15453436331475906,0,5,62.0101866654029
test,3,3,2,0,40.0,protected_ls,0.0793925606719527,39.9699369783525,0,1,97710.19861420392,98293.49853671418,10,0.9530103815006711,12.622122481016243,12.62212619375704,6.233254594731359e-06,3.4080237899850227e-07,3.4080208765002604e-07,2.913484762380976e-13,0.9936454304661937,0.994845080924336,0.9931035563579029,0.9886374358763461,0.15453436331475906,15,5,10.440868045622489
test,3,3,2,0,40.0,tp_uic_full,0.0793925606719527,39.9699369783525,0,1,88439.96989545206,89059.7973530768,10,0.938449890111381,13.11422359529235,13.114227508888508,6.233254594731359e-06,3.042933814433601e-07,3.0429310723290566e-07,2.7421045441972336e-13,0.9944511284956966,0.9954551705305679,0.9927504274679678,0.9891023683108581,0.15453436331475906,15,5,61.99961804744216
test,3,3,2,0,40.0,perfect_channel,0.0793925606719527,39.9699369783525,0,1,6.0354025493911365,13.97207689231741,10,0.9389137643048586,inf,inf,6.233254594731359e-06,0.0,0.0,0.0,1.0,1.0,1.0,1.0,0.15453436331475906,0,5,nan
test,3,3,2,1,40.0,no_ic,0.07876747369601476,41.37008663077282,0,1,84511.78641285936,84963.65638627257,10,0.9384273245475414,0.0,0.0,8.604583057840372e-06,8.604583057840372e-06,8.604583057840372e-06,0.0,1.0,1.0,1.0,1.0,0.16410524923894054,0,5,0.0
test,3,3,2,1,40.0,plain_ls,0.07876747369601476,41.37008663077282,0,1,84511.77144033351,84963.64300641516,10,0.9384266746664911,10.102516307406304,10.102517348224112,8.604583057840372e-06,8.403848224363624e-07,8.403846210321494e-07,2.0140421299387435e-13,0.9873609792659851,0.9897967691406891,0.9936597749079337,0.9856029515078083,0.16410524923894054,0,5,66.4220698365059
test,3,3,2,1,40.0,protected_ls,0.07876747369601476,41.37008663077282,0,1,90725.69595006044,91118.05204882359,10,0.9362846502703844,9.88158321458072,9.881584210787535,8.604583057840372e-06,8.842427539572253e-07,8.842425511251394e-07,2.0283208584447282e-13,0.988515392014085,0.9917653496429985,0.9937155614150187,0.9865197058384435,0.16410524923894054,15,5,14.424946271216134
test,3,3,2,1,40.0,tp_uic_full,0.07876747369601476,41.37008663077282,0,1,84502.91087795424,84954.73705139021,10,0.9384359252979644,10.102515612923463,10.102516647044087,8.604583057840372e-06,8.403849568228004e-07,8.40384756714499e-07,2.0010830140244436e-13,0.9874140689327111,0.9900272632135335,0.9936809166500757,0.9857500035265703,0.16410524923894054,15,5,66.40847852051687
test,3,3,2,1,40.0,perfect_channel,0.07876747369601476,41.37008663077282,0,1,5.3744646966267755,5.062180307059348,10,0.9389137643048586,inf,inf,8.604583057840372e-06,0.0,0.0,0.0,1.0,1.0,1.0,1.0,0.16410524923894054,0,5,nan
test,3,3,2,2,40.0,no_ic,0.07734334921849237,41.398772664950705,0,1,85094.38469113685,85594.13322006518,10,0.938432741933634,0.0,0.0,8.661606197088698e-06,8.661606197088698e-06,8.661606197088698e-06,0.0,1.0,1.0,1.0,1.0,0.15355134956673738,0,5,0.0
test,3,3,2,2,40.0,plain_ls,0.07734334921849237,41.398772664950705,0,1,85094.38909702923,85594.14034080764,10,0.9384323868360297,12.977532468412305,12.977535721464818,8.661606197088698e-06,4.3636025578235345e-07,4.3635992892987073e-07,3.268524827024606e-13,0.9943011277277588,0.9957493558722279,0.993197537681344,0.990313012891044,0.15355134956673738,0,5,63.575739711288726
test,3,3,2,2,40.0,protected_ls,0.07734334921849237,41.398772664950705,0,1,102019.20852092479,102245.95693588993,10,0.9522646281054952,12.746835753353983,12.746838819021583,8.661606197088698e-06,4.6016635187120353e-07,4.601660270417071e-07,3.248294964110132e-13,0.9945454248652372,0.9960569317320687,0.9935723213915999,0.9908419414974301,0.15355134956673738,15,5,10.746651888409271
test,3,3,2,2,40.0,tp_uic_full,0.07734334921849237,41.398772664950705,0,1,85085.51768125437,85585.0162880423,10,0.9384370541632678,12.977528329595469,12.977531595451982,8.661606197088698e-06,4.3636067163291315e-07,4.3636034349362867e-07,3.2813928448230987e-13,0.994354622393197,0.9957972111223704,0.9932310727507176,0.9905015942588139,0.15355134956673738,15,5,63.561295501913506
test,3,3,2,2,40.0,perfect_channel,0.07734334921849237,41.398772664950705,0,1,9.552046360141777,6.9850534674734295,10,0.9389137643048586,inf,inf,8.661606197088698e-06,0.0,0.0,0.0,1.0,1.0,1.0,1.0,0.15355134956673738,0,5,nan
test,3,5,2,0,40.0,no_ic,0.16993714030563645,44.06407285625023,0,1,84424.9774576365,84206.5981509506,10,0.9840437577595151,0.0,0.0,1.6000312085052082e-05,1.6000312085052082e-05,1.6000312085052082e-05,0.0,1.0,1.0,1.0,1.0,0.0716172207466631,0,5,0.0
test,3,5,2,0,40.0,plain_ls,0.16993714030563645,44.06407285625023,0,1,84425.21423556571,84206.83491460622,10,0.9840431611528127,18.50060361711321,18.500607440549167,1.6000312085052082e-05,2.259790049107152e-07,2.2597880596370837e-07,1.9894700681825785e-13,0.9970094724644656,0.9916298624997815,0.9916546060277718,0.9384712089367396,0.0716172207466631,0,5,60.71796894178262
test,3,5,2,0,40.0,protected_ls,0.16993714030563645,44.06407285625023,0,1,84672.13139582223,84426.32802521953,10,0.9824684675778019,18.39993007983504,18.399933844610644,1.6000312085052082e-05,2.3127859780987312e-07,2.312783973211077e-07,2.0048876542557496e-13,0.9970966416133675,0.9920799974117928,0.9919624887622532,0.9384432991624381,0.0716172207466631,15,5,16.761739486150137
test,3,5,2,0,40.0,tp_uic_full,0.16993714030563645,44.06407285625023,0,1,84425.19834925578,84206.81979576491,10,0.9840430763424381,18.500603582202967,18.500607401970154,1.6000312085052082e-05,2.2597900672722039e-07,2.2597880797111102e-07,1.9875610937010924e-13,0.9970108225954318,0.9916334837786009,0.9916557363666664,0.9384719653338215,0.0716172207466631,15,5,60.71763127839028
test,3,5,2,0,40.0,perfect_channel,0.16993714030563645,44.06407285625023,0,1,1.9319134581243995,3.4643946309561278,10,0.9834911659778354,inf,inf,1.6000312085052082e-05,0.0,0.0,0.0,1.0,1.0,1.0,1.0,0.0716172207466631,0,5,nan
test,3,5,2,1,40.0,no_ic,0.33614430479333796,44.14509216615641,0,1,92574.07230910646,92446.21891962732,10,0.9833729056261502,0.0,0.0,1.630160571182381e-05,1.630160571182381e-05,1.630160571182381e-05,0.0,1.0,1.0,1.0,1.0,0.0818181304670158,0,5,0.0
test,3,5,2,1,40.0,plain_ls,0.33614430479333796,44.14509216615641,0,1,92574.15579252446,92446.30276394759,10,0.9833722488536921,13.33745402337184,13.337455095738735,1.630160571182381e-05,7.559359199377764e-07,7.559357332808909e-07,1.866568854817408e-13,0.9668649864421194,0.9812485409688103,0.9922277065152825,0.877229920424722,0.0818181304670158,0,5,65.96213784523064
test,3,5,2,1,40.0,protected_ls,0.33614430479333796,44.14509216615641,0,1,96642.22988482087,96523.97709653905,10,0.9812711261010048,13.320555261062077,13.32055631926216,1.630160571182381e-05,7.588830600297551e-07,7.588828751206546e-07,1.8490910052507173e-13,0.9680855677101651,0.9825383417252146,0.9926399416759836,0.8773695873220141,0.0818181304670158,15,5,22.336422932053427
test,3,5,2,1,40.0,tp_uic_full,0.33614430479333796,44.14509216615641,0,1,92574.09503386154,92446.23773164336,10,0.9833723026871836,13.337453982732203,13.337455057470427,1.630160571182381e-05,7.559359270115395e-07,7.559357399418968e-07,1.8706964262509508e-13,0.966865850745036,0.9812525248457129,0.9922292494093615,0.8772302064385832,0.0818181304670158,15,5,65.96177529399493
test,3,5,2,1,40.0,perfect_channel,0.33614430479333796,44.14509216615641,0,1,4.187167332878908,2.8377838996988904,10,0.9834911659778354,inf,inf,1.630160571182381e-05,0.0,0.0,0.0,1.0,1.0,1.0,1.0,0.0818181304670158,0,5,nan
test,3,5,2,2,40.0,no_ic,0.12692576621770185,44.112130286879236,0,1,34421.005144889365,34773.98451752895,10,0.9834795017836886,0.0,0.0,1.617834888406198e-05,1.617834888406198e-05,1.617834888406198e-05,0.0,1.0,1.0,1.0,1.0,0.0768942732100376,0,5,0.0
test,3,5,2,2,40.0,plain_ls,0.12692576621770185,44.112130286879236,0,1,34421.00984428552,34773.98678307183,10,0.9834793050188342,10.888510879526814,10.888511837102419,1.617834888406198e-05,1.318509030808331e-06,1.3185087400903972e-06,2.907179338279809e-13,0.9953371581328837,0.9962385222956548,0.9964392896756913,0.9520878161549539,0.0768942732100376,0,5,68.37811910985376
test,3,5,2,2,40.0,protected_ls,0.12692576621770185,44.112130286879236,0,1,37708.21724148141,37973.24221116193,10,0.9804562172838842,10.87452687074251,10.874527836905454,1.617834888406198e-05,1.3227613893327638e-06,1.3227610950617227e-06,2.942710410425786e-13,0.9955964103820286,0.9966504175179677,0.9965055698029782,0.9519072164689111,0.0768942732100376,15,5,23.953640660079817
test,3,5,2,2,40.0,tp_uic_full,0.12692576621770185,44.112130286879236,0,1,34420.98482287249,34773.96336402464,10,0.9834791459484754,10.888510856175673,10.888511813142387,1.617834888406198e-05,1.3185090378976893e-06,1.3185087473646115e-06,2.9053307790807187e-13,0.9953375397904867,0.9962406871594587,0.9964400659054632,0.9520883893419267,0.0768942732100376,15,5,68.37784115746851
test,3,5,2,2,40.0,perfect_channel,0.12692576621770185,44.112130286879236,0,1,3.125565944745735,6.173348108506539,10,0.9834911659778354,inf,inf,1.617834888406198e-05,0.0,0.0,0.0,1.0,1.0,1.0,1.0,0.0768942732100376,0,5,nan
test,4,1,2,0,40.0,no_ic,0.039828407046776655,37.23614391295448,0,1,789.6190984575461,830.789019193316,10,0.9991568888332113,0.0,0.0,3.3215099617136307e-06,3.3215099617136307e-06,3.3215099617136307e-06,0.0,1.0,1.0,1.0,1.0,0.018825586140167293,0,5,0.0
test,4,1,2,0,40.0,plain_ls,0.039828407046776655,37.23614391295448,0,1,878.4799131382483,923.4977838988457,10,0.9992346927830205,15.727885792730872,15.727901570174101,3.3215099617136307e-06,8.882740606106092e-08,8.882708336140229e-08,3.2269965862811627e-13,0.9993891735763549,0.9817997066374132,0.9996352204795875,0.9981612942048882,0.018825586140167293,0,5,56.66275803017726
test,4,1,2,0,40.0,protected_ls,0.039828407046776655,37.23614391295448,0,1,859.3541182616402,902.8880510495117,10,0.9992430392866004,15.694698511915558,15.694714250589888,3.3215099617136307e-06,8.950879449834034e-08,8.950847012230695e-08,3.2437603339564285e-13,0.9993861428214317,0.98181026746064,0.9996337725237614,0.998165969810034,0.018825586140167293,15,5,21.487893426880106
test,4,1,2,0,40.0,tp_uic_full,0.039828407046776655,37.23614391295448,0,1,878.4788001031984,923.4966091778692,10,0.9992346930515199,15.727885771006028,15.72790156166388,3.3215099617136307e-06,8.882740650540495e-08,8.88270835354634e-08,3.2296994155954774e-13,0.9993891744965592,0.981799825461562,0.9996352207966922,0.9981612942927164,0.018825586140167293,15,5,56.66260169927255
test,4,1,2,0,40.0,perfect_channel,0.039828407046776655,37.23614391295448,0,1,3.562322567461054,3.7125643880708195,10,0.9992314922453307,inf,inf,3.3215099617136307e-06,0.0,0.0,0.0,1.0,1.0,1.0,1.0,0.018825586140167293,0,5,nan
test,4,1,2,1,40.0,no_ic,0.04702097290289522,36.52608914232997,0,1,2511.5737673184512,2497.981967752283,10,0.9991610757549121,0.0,0.0,2.820525836115363e-06,2.820525836115363e-06,2.820525836115363e-06,0.0,1.0,1.0,1.0,1.0,0.018469759901599145,0,5,0.0
test,4,1,2,1,40.0,plain_ls,0.04702097290289522,36.52608914232997,0,1,2742.4028113871736,2731.0585972599647,10,0.9992351422620567,11.629850115184583,11.629856751786214,2.820525836115363e-06,1.937961168493893e-07,1.9379582070318063e-07,2.9614620866920354e-13,0.9996165244790954,0.9939881726858281,0.9996542652247746,0.9964675591989904,0.018469759901599145,0,5,60.050738841899395
test,4,1,2,1,40.0,protected_ls,0.04702097290289522,36.52608914232997,0,1,2755.3278381413193,2745.38600196777,10,0.9992437695344786,11.620825678822369,11.620832359933162,2.820525836115363e-06,1.9419923480804045e-07,1.9419893605554412e-07,2.9875249633955064e-13,0.9996150511369671,0.9939829980250151,0.999653502418808,0.9964694817676089,0.018469759901599145,15,5,24.81393979256563
test,4,1,2,1,40.0,tp_uic_full,0.04702097290289522,36.52608914232997,0,1,2742.4030598451386,2731.058956845315,10,0.9992351434082274,11.62985010506391,11.629856746992555,2.820525836115363e-06,1.9379611730100615e-07,1.9379582091708875e-07,2.9638391739840004e-13,0.9996165247025628,0.9939883102954702,0.9996542655804794,0.9964675593056581,0.018469759901599145,15,5,60.050589649558425
test,4,1,2,1,40.0,perfect_channel,0.04702097290289522,36.52608914232997,0,1,3.4129129108163037,2.8412496512797807,10,0.9992314922453307,inf,inf,2.820525836115363e-06,0.0,0.0,0.0,1.0,1.0,1.0,1.0,0.018469759901599145,0,5,nan
test,4,1,2,2,40.0,no_ic,0.042959278727264044,36.20851800442878,0,1,1735.5955692297655,1864.5202136685343,10,0.9991806137061467,0.0,0.0,2.6216394791361125e-06,2.6216394791361125e-06,2.6216394791361125e-06,0.0,1.0,1.0,1.0,1.0,0.008108428385595194,0,5,0.0
test,4,1,2,2,40.0,plain_ls,0.042959278727264044,36.20851800442878,0,1,1998.6258737742178,2099.2506989363947,10,0.9991923734736423,11.68014493295578,11.680151374491203,2.6216394791361125e-06,1.7805676354647033e-07,1.7805649944960819e-07,2.6409686212950514e-13,0.9996893595985302,0.9678569618264751,0.9996386644802667,0.9967245263215092,0.008108428385595194,0,5,59.68287289521317
test,4,1,2,2,40.0,protected_ls,0.042959278727264044,36.20851800442878,0,1,1999.5315370346223,2101.043419084276,10,0.9992004858094731,11.673268126282192,11.67327456331067,2.6216394791361125e-06,1.7833892966549298e-07,1.7833866533519041e-07,2.643303025587395e-13,0.9996888209306616,0.9678417452915234,0.9996376827974708,0.9967275866989532,0.008108428385595194,15,5,24.893370888704137
test,4,1,2,2,40.0,tp_uic_full,0.042959278727264044,36.20851800442878,0,1,1998.6085213093518,2099.2366359396806,10,0.9991923720081465,11.680144938606233,11.68015136819739,2.6216394791361125e-06,1.780567633148069e-07,1.780564997076485e-07,2.636071584076845e-13,0.9996893599625977,0.9678570449417698,0.9996386647521455,0.9967245263764462,0.008108428385595194,15,5,59.68276687496723
test,4,1,2,2,40.0,perfect_channel,0.042959278727264044,36.20851800442878,0,1,2.4459013039370614,8.432616313010218,10,0.9992314922453307,inf,inf,2.6216394791361125e-06,0.0,0.0,0.0,1.0,1.0,1.0,1.0,0.008108428385595194,0,5,nan
test,4,3,2,0,40.0,no_ic,0.015768684065546608,39.35267006783044,1,1,7907.331935803937,8098.011870614539,10,0.9975141580903621,0.0,0.0,5.407395991791405e-06,5.407395991791405e-06,5.407395991791405e-06,0.0,1.0,1.0,1.0,1.0,0.0007841261761264847,0,5,0.0
test,4,3,2,0,40.0,plain_ls,0.015768684065546608,39.35267006783044,1,1,8441.205623867583,8614.589735770416,10,0.9976020879824513,13.642591435602325,13.642594634266823,5.407395991791405e-06,2.3373784261996036e-07,2.337376704674936e-07,1.7215246677411771e-13,0.9997493925383739,0.9967582806702336,0.9996252891850692,0.9986841002300506,0.0007841261761264847,0,5,60.86457829367283
test,4,3,2,0,40.0,protected_ls,0.015768684065546608,39.35267006783044,1,1,2906.808114574602,3069.3176187905856,10,0.9972832387078809,13.020581296891969,13.020584177673534,5.407395991791405e-06,2.6973049233268517e-07,2.6973031341390905e-07,1.7891877610601975e-13,0.9999965750315754,0.9967026866903081,1.0000000000000002,0.9999052961432557,0.0007841261761264847,15,5,10.437888745159281
test,4,3,2,0,40.0,tp_uic_full,0.015768684065546608,39.35267006783044,1,1,8570.89301936165,8745.011388493178,10,0.9975993747695227,13.642590746463831,13.642593946734145,5.407395991791405e-06,2.3373787970948468e-07,2.3373770747056536e-07,1.7223891932412783e-13,0.999783115044139,0.9967583066672565,0.9996891660762367,0.9987608510420399,0.0007841261761264847,15,5,60.863379454231186
test,4,3,2,0,40.0,perfect_channel,0.015768684065546608,39.35267006783044,1,1,4.811804980825368,5.477742346897642,10,0.9976162800448902,inf,inf,5.407395991791405e-06,0.0,0.0,0.0,1.0,1.0,1.0,1.0,0.0007841261761264847,0,5,nan
test,4,3,2,1,40.0,no_ic,0.021239836714455725,38.853406360011526,1,1,4135.668386088286,4215.689988032536,10,0.9975256938812668,0.0,0.0,4.820163880002467e-06,4.820163880002467e-06,4.820163880002467e-06,0.0,1.0,1.0,1.0,1.0,0.0012452363734685268,0,5,0.0
test,4,3,2,1,40.0,plain_ls,0.021239836714455725,38.853406360011526,1,1,4719.934612589936,4795.527258266589,10,0.9975956965707716,13.425829390667063,13.42583243481217,4.820163880002467e-06,2.1901752399649334e-07,2.1901737047833504e-07,1.5351815830509013e-13,0.9997887563872483,0.9974352581156671,0.9997830017389531,0.9980883672164242,0.0012452363734685268,0,5,60.58207663266209
test,4,3,2,1,40.0,protected_ls,0.021239836714455725,38.853406360011526,1,1,192.1570511493884,195.93391620013352,10,0.9973354684637777,12.825749275510782,12.825751716063973,4.820163880002467e-06,2.514704022289801e-07,2.514702609131804e-07,1.413157997202428e-13,0.9999938407011769,0.997416148041139,1.0000000000000002,0.9998846390193892,0.0012452363734685268,15,5,9.690010216497969
test,4,3,2,1,40.0,tp_uic_full,0.021239836714455725,38.853406360011526,1,1,4737.944527081562,4812.874299498174,10,0.9975858359398636,13.425828347919609,13.425831384810138,4.820163880002467e-06,2.190175765829302e-07,2.1901742343058775e-07,1.531523424417148e-13,0.9998574269100177,0.9974353474284432,0.9998513656321123,0.9981428702590387,0.0012452363734685268,15,5,60.58099022204436
test,4,3,2,1,40.0,perfect_channel,0.021239836714455725,38.853406360011526,1,1,3.7457484210595475,3.330387485700987,10,0.9976162800448902,inf,inf,4.820163880002467e-06,0.0,0.0,0.0,1.0,1.0,1.0,1.0,0.0012452363734685268,0,5,nan
test,4,3,2,2,40.0,no_ic,0.019325274632100896,38.71397899298017,1,1,3911.1576329601608,3809.543728390137,10,0.9975668839268012,0.0,0.0,4.667873383956242e-06,4.667873383956242e-06,4.667873383956242e-06,0.0,1.0,1.0,1.0,1.0,0.0008724480680299825,0,5,0.0
test,4,3,2,2,40.0,plain_ls,0.019325274632100896,38.71397899298017,1,1,4319.347163687451,4215.4303423464335,10,0.9976063496645181,16.313198484203486,16.31320586346858,4.667873383956242e-06,1.0909358631538884e-07,1.0909340095042501e-07,1.8536496383542617e-13,0.9997317488664399,0.9974870556409297,0.9997606067317408,0.9984266619214305,0.0008724480680299825,0,5,57.55528028420055
test,4,3,2,2,40.0,protected_ls,0.019325274632100896,38.71397899298017,1,1,1078.7989864622728,973.6914703693348,10,0.9975494142638642,15.21771419809076,15.217719855422402,4.667873383956242e-06,1.4039370895601721e-07,1.4039352607244676e-07,1.828835704459377e-13,0.9999954865616102,0.9974801562688583,1.0000000000000002,0.9999069677481717,0.0008724480680299825,15,5,8.331634571320167
test,4,3,2,2,40.0,tp_uic_full,0.019325274632100896,38.71397899298017,1,1,4360.584492500208,4256.696183670443,10,0.9975970082739922,16.31319744461853,16.313204833273062,4.667873383956242e-06,1.0909361242948176e-07,1.0909342682861383e-07,1.856008679327171e-13,0.9998138802050514,0.9974871232569478,0.9998370038151946,0.9984738823722835,0.0008724480680299825,15,5,57.55425492210709
test,4,3,2,2,40.0,perfect_channel,0.019325274632100896,38.71397899298017,1,1,2.999867012521157,6.597050936089259,10,0.9976162800448902,inf,inf,4.667873383956242e-06,0.0,0.0,0.0,1.0,1.0,1.0,1.0,0.0008724480680299825,0,5,nan
test,4,5,2,0,40.0,no_ic,0.0010607230756113826,40.65601939698205,1,1,419.14469330091435,370.8046027663079,10,0.9978238727228461,0.0,0.0,7.300004161491718e-06,7.300004161491718e-06,7.300004161491718e-06,0.0,1.0,1.0,1.0,1.0,0.005114582691914208,0,5,0.0
test,4,5,2,0,40.0,plain_ls,0.0010607230756113826,40.65601939698205,1,1,419.0033581017341,370.6680756524552,10,0.9978239705597014,8.543572799557868,8.543573846570467,7.300004161491718e-06,1.0208591547220184e-06,1.0208589086096882e-06,2.4611233011848456e-13,0.9999772109731069,0.994068308415847,0.9999822904240371,0.9999146537119866,0.005114582691914208,0,5,67.26694638895057
test,4,5,2,0,40.0,protected_ls,0.0010607230756113826,40.65601939698205,1,1,173.34729967573782,169.77362968709195,10,0.9978418285361645,8.541505667058207,8.541506720258594,7.300004161491718e-06,1.0213451736601302e-06,1.021344925975426e-06,2.476847040463308e-13,0.9999982570940628,0.9940648145343227,1.0,0.9999621841425527,0.005114582691914208,15,5,31.0568568638703
test,4,5,2,0,40.0,tp_uic_full,0.0010607230756113826,40.65601939698205,1,1,419.04760987764416,370.73164503901467,10,0.9978239526637303,8.543572798579133,8.543573845668769,7.300004161491718e-06,1.0208591549520817e-06,1.020858908821643e-06,2.4613043859431485e-13,0.9999828931439356,0.9940683409273864,0.9999871537885016,0.9999180350594129,0.005114582691914208,15,5,67.26684803606004
test,4,5,2,0,40.0,perfect_channel,0.0010607230756113826,40.65601939698205,1,1,6.338438757227838,5.916469075249331,10,0.9978221654293016,inf,inf,7.300004161491718e-06,0.0,0.0,0.0,1.0,1.0,1.0,1.0,0.005114582691914208,0,5,nan
test,4,5,2,1,40.0,no_ic,0.000895652643512053,40.589056900097376,1,1,366.6855765376414,412.0571080829102,10,0.9978227213124834,0.0,0.0,7.188310992590269e-06,7.188310992590269e-06,7.188310992590269e-06,0.0,1.0,1.0,1.0,1.0,0.010589080740366102,0,5,0.0
test,4,5,2,1,40.0,plain_ls,0.000895652643512053,40.589056900097376,1,1,367.00693225898647,412.3843879844198,10,0.9978229476971864,12.556173321990567,12.556174702804325,7.188310992590269e-06,3.990336546655616e-07,3.9903352779517836e-07,1.2687038324076222e-13,0.999985034826586,0.9974079162053707,0.9999845237973872,0.9999017974032738,0.010589080740366102,0,5,63.18738337645922
test,4,5,2,1,40.0,protected_ls,0.000895652643512053,40.589056900097376,1,1,8.453412963033841,14.042155991242353,10,0.9977435508842029,12.550401986315944,12.550403345400035,7.188310992590269e-06,3.995642826471579e-07,3.995641576072607e-07,1.2503989720022413e-13,0.9999988633706359,0.9974074800700246,1.0,0.9999578497969209,0.010589080740366102,15,5,27.4103560725398
test,4,5,2,1,40.0,tp_uic_full,0.000895652643512053,40.589056900097376,1,1,366.94011205234506,412.326403346338,10,0.997822939822233,12.556173320514228,12.556174701528867,7.188310992590269e-06,3.990336548012089e-07,3.990335279123685e-07,1.268888404041998e-13,0.9999901508776906,0.9974079639218945,0.9999892403603481,0.9999047883210033,0.010589080740366102,15,5,63.187293445893445
test,4,5,2,1,40.0,perfect_channel,0.000895652643512053,40.589056900097376,1,1,4.526553449076734,6.774781998421214,10,0.9978221654293016,inf,inf,7.188310992590269e-06,0.0,0.0,0.0,1.0,1.0,1.0,1.0,0.010589080740366102,0,5,nan
test,4,5,2,2,40.0,no_ic,0.0009577442070840946,40.68504423219663,1,1,57.59958498553583,44.539915691966364,10,0.997822496130291,0.0,0.0,7.348955053388704e-06,7.348955053388704e-06,7.348955053388704e-06,0.0,1.0,1.0,1.0,1.0,0.006144785102994317,0,5,0.0
test,4,5,2,2,40.0,plain_ls,0.0009577442070840946,40.68504423219663,1,1,57.462967777422506,44.31229212074703,10,0.9978227807596042,14.578909308274309,14.578911806942152,7.348955053388704e-06,2.560558252165212e-07,2.560556778975247e-07,1.473189964534618e-13,0.9999913886792284,0.9988263434998809,0.9999855745929963,0.9998647154718348,0.006144785102994317,0,5,61.26063471772433
test,4,5,2,2,40.0,protected_ls,0.0009577442070840946,40.68504423219663,1,1,21.524503842671677,14.760719535512749,10,0.9977711392352073,14.565093380700105,14.565095872240303,7.348955053388704e-06,2.5687169599114857e-07,2.5687154862432734e-07,1.4736682123055268e-13,0.9999995143982013,0.9988203768746099,1.0,0.9999283351090044,0.006144785102994317,15,5,25.33523109881767
test,4,5,2,2,40.0,tp_uic_full,0.0009577442070840946,40.68504423219663,1,1,57.615801301674765,44.4816281672758,10,0.9978227201281428,14.57890930932596,14.578911806826651,7.348955053388704e-06,2.5605582515451673e-07,2.560556779043345e-07,1.472501822690344e-13,0.9999930805806524,0.9988263531446533,0.9999904254711517,0.9998675897994962,0.006144785102994317,15,5,61.260538760149245
test,4,5,2,2,40.0,perfect_channel,0.0009577442070840946,40.68504423219663,1,1,7.879976569710157,3.2181662469984547,10,0.9978221654293016,inf,inf,7.348955053388704e-06,0.0,0.0,0.0,1.0,1.0,1.0,1.0,0.006144785102994317,0,5,nan
test,5,1,2,0,40.0,no_ic,0.06129388084468473,43.79931110065259,0,1,155785.8689146852,156100.20473966483,10,0.9906057516098687,0.0,0.0,1.5054012699402663e-05,1.5054012699402663e-05,1.5054012699402663e-05,0.0,1.0,1.0,1.0,1.0,0.010816115419722404,0,5,0.0
test,5,1,2,0,40.0,plain_ls,0.06129388084468473,43.79931110065259,0,1,155678.04449638582,155991.88412542874,10,0.9906145289701709,11.64316339818431,11.643164040097052,1.5054012699402663e-05,1.0311834596472789e-06,1.0311833072323209e-06,1.524149580074538e-13,0.9837467262140848,0.933319852766983,0.9936039377360374,0.9881974747836155,0.010816115419722404,0,5,67.31064718450804
test,5,1,2,0,40.0,protected_ls,0.06129388084468473,43.79931110065259,0,1,155809.4393430413,156124.15543559036,10,0.9906036577785811,11.602930781081577,11.602931420665545,1.5054012699402663e-05,1.040780627592671e-06,1.0407804743172822e-06,1.532753887551501e-13,0.9837457947647893,0.9332328504941364,0.993604889589337,0.9881985280576889,0.010816115419722404,15,5,18.61122338293771
test,5,1,2,0,40.0,tp_uic_full,0.06129388084468473,43.79931110065259,0,1,155677.99170036387,155991.84272376978,10,0.990614535132116,11.6431633410704,11.64316398427335,1.5054012699402663e-05,1.0311834732083354e-06,1.0311833204870298e-06,1.5272130555561194e-13,0.9837467262254869,0.9333200759919013,0.993603937785207,0.9881974748350988,0.010816115419722404,15,5,67.31027066268163
test,5,1,2,0,40.0,perfect_channel,0.06129388084468473,43.79931110065259,0,1,6.209439744583613,7.245075786433312,10,0.9907016720340882,inf,inf,1.5054012699402663e-05,0.0,0.0,0.0,1.0,1.0,1.0,1.0,0.010816115419722404,0,5,nan
test,5,1,2,1,40.0,no_ic,0.06423156095398663,43.84564317722176,0,1,147736.1908777425,147367.07712614033,10,0.990667228655446,0.0,0.0,1.521547398105398e-05,1.521547398105398e-05,1.521547398105398e-05,0.0,1.0,1.0,1.0,1.0,0.017712123234262984,0,5,0.0
test,5,1,2,1,40.0,plain_ls,0.06423156095398663,43.84564317722176,0,1,147743.39018902183,147373.61239433585,10,0.9906774141746243,17.695530978993514,17.695537826584292,1.521547398105398e-05,2.586618550116801e-07,2.5866144717570435e-07,4.0783597570772547e-13,0.9950600202645953,0.9424266122866285,0.9993943316793696,0.9775901120486448,0.017712123234262984,0,5,61.30461168020942
test,5,1,2,1,40.0,protected_ls,0.06423156095398663,43.84564317722176,0,1,147748.25046969723,147379.6785591304,10,0.9906622004948115,17.487155408472127,17.487161895362973,1.521547398105398e-05,2.713750677426268e-07,2.7137466240035303e-07,4.0534227378559684e-13,0.9950595627132091,0.9421446639997519,0.9993937586569673,0.977599155640342,0.017712123234262984,15,5,13.01762872434465
test,5,1,2,1,40.0,tp_uic_full,0.06423156095398663,43.84564317722176,0,1,147743.22272784862,147373.4358653336,10,0.9906774214398927,17.695530971797275,17.695537802048044,1.521547398105398e-05,2.586618554402814e-07,2.586614486370589e-07,4.068032225132589e-13,0.9950600202743635,0.9424269324806134,0.9993943317774113,0.9775901126619762,0.017712123234262984,15,5,61.304172531460665
test,5,1,2,1,40.0,perfect_channel,0.06423156095398663,43.84564317722176,0,1,7.719001488362719,5.90580910205026,10,0.9907016720340882,inf,inf,1.521547398105398e-05,0.0,0.0,0.0,1.0,1.0,1.0,1.0,0.017712123234262984,0,5,nan
test,5,1,2,2,40.0,no_ic,0.0695789153790664,43.79870197559094,0,1,110243.59408783366,109967.88911344323,10,0.9906072604382862,0.0,0.0,1.5051901428417955e-05,1.5051901428417955e-05,1.5051901428417955e-05,0.0,1.0,1.0,1.0,1.0,0.01779028961951688,0,5,0.0
test,5,1,2,2,40.0,plain_ls,0.0695789153790664,43.79870197559094,0,1,110267.03284098447,109991.54920518139,10,0.9906169569111286,12.341037606692113,12.341039122720321,1.5051901428417955e-05,8.779860283175587e-07,8.779857218316587e-07,3.064858999192687e-13,0.991238807766625,0.9049630067682167,0.9982321154743432,0.9821262499612373,0.01779028961951688,0,5,66.61216385089774
test,5,1,2,2,40.0,protected_ls,0.0695789153790664,43.79870197559094,0,1,110467.16647853231,110187.61693687832,10,0.9906008378252025,12.287437754325284,12.287439275303226,1.5051901428417955e-05,8.888891192973202e-07,8.888888079923042e-07,3.11305016024187e-13,0.9912388358067181,0.9043512773800233,0.9982321001350185,0.9821336883359266,0.01779028961951688,15,5,18.77054795055894
test,5,1,2,2,40.0,tp_uic_full,0.0695789153790664,43.79870197559094,0,1,110266.95924771047,109991.48149670137,10,0.9906169642301375,12.341037512029889,12.341039027922998,1.5051901428417955e-05,8.779860474548298e-07,8.779857409962349e-07,3.0645859488704415e-13,0.9912388077754354,0.9049633609883451,0.9982321155565734,0.9821262504544337,0.01779028961951688,15,5,66.61180426295134
test,5,1,2,2,40.0,perfect_channel,0.0695789153790664,43.79870197559094,0,1,3.671401671873486,3.9403472350890807,10,0.9907016720340882,inf,inf,1.5051901428417955e-05,0.0,0.0,0.0,1.0,1.0,1.0,1.0,0.01779028961951688,0,5,nan
test,5,3,2,0,40.0,no_ic,0.009796985157970253,40.866835510721614,0,1,12452.511418458245,12473.673988156926,10,0.9974805356383146,0.0,0.0,7.663103990061912e-06,7.663103990061912e-06,7.663103990061912e-06,0.0,1.0,1.0,1.0,1.0,0.008967673990117178,0,5,0.0
test,5,3,2,0,40.0,plain_ls,0.009796985157970253,40.866835510721614,0,1,12451.40528757609,12472.574112214215,10,0.9974809714431098,12.964611215023737,12.964613634497649,7.663103990061912e-06,3.872073544961203e-07,3.872071387812378e-07,2.1571488250181415e-13,0.9970408965373599,0.9956999296493909,0.9994836680843535,0.667029840273699,0.008967673990117178,0,5,63.056723855444375
test,5,3,2,0,40.0,protected_ls,0.009796985157970253,40.866835510721614,0,1,12378.686308962962,12396.322398451688,10,0.9974775209826888,12.948420874229205,12.94842327052896,7.663103990061912e-06,3.886535434672758e-07,3.8865332902058765e-07,2.1444668817932068e-13,0.9970445590532501,0.9957071654361666,0.9994849612693352,0.6668952793868099,0.008967673990117178,15,5,20.390887613321198
test,5,3,2,0,40.0,tp_uic_full,0.009796985157970253,40.866835510721614,0,1,12451.40310463058,12472.571596692183,10,0.9974809751666114,12.964611199955996,12.964613622256188,7.663103990061912e-06,3.8720735583952683e-07,3.872071398726588e-07,2.1596686801064543e-13,0.9970408966604458,0.9956999421261398,0.9994836681177077,0.6670298404209669,0.008967673990117178,15,5,63.056627586683824
test,5,3,2,0,40.0,perfect_channel,0.009796985157970253,40.866835510721614,0,1,3.720807405262785,3.8489056024945754,10,0.9975517789070562,inf,inf,7.663103990061912e-06,0.0,0.0,0.0,1.0,1.0,1.0,1.0,0.008967673990117178,0,5,nan
test,5,3,2,1,40.0,no_ic,0.009955344665609704,41.35853649271961,0,1,1431.5713477154231,1478.4375325950361,10,0.9975195929264369,0.0,0.0,8.581729421306957e-06,8.581729421306957e-06,8.581729421306957e-06,0.0,1.0,1.0,1.0,1.0,0.007158433232523593,0,5,0.0
test,5,3,2,1,40.0,plain_ls,0.009955344665609704,41.35853649271961,0,1,1431.4716449334608,1478.3368584842044,10,0.9975211556250053,16.337430170949492,16.337433700316037,8.581729421306957e-06,1.994489710656718e-07,1.994488089802046e-07,1.6208546720031628e-13,0.9990338459161321,0.9990960455602352,0.9997186437309945,0.6683157938363928,0.007158433232523593,0,5,60.175605882478365
test,5,3,2,1,40.0,protected_ls,0.009955344665609704,41.35853649271961,0,1,1440.7758786200911,1488.568922429532,10,0.9975054463188558,16.297215037894432,16.297218655575747,8.581729421306957e-06,2.0130442128548145e-07,2.0130425359858437e-07,1.6768689706830464e-13,0.9990412978211782,0.999084959873881,0.9997178300703274,0.668198156493309,0.007158433232523593,15,5,19.330547206423876
test,5,3,2,1,40.0,tp_uic_full,0.009955344665609704,41.35853649271961,0,1,1431.4706509411476,1478.3358216305692,10,0.9975211591540266,16.33743016110518,16.33743369566321,8.581729421306957e-06,1.994489715177701e-07,1.994488091938846e-07,1.6232388549762856e-13,0.9990338459494321,0.9990960474047007,0.9997186437613198,0.668315793981008,0.007158433232523593,15,5,60.17552723454475
test,5,3,2,1,40.0,perfect_channel,0.009955344665609704,41.35853649271961,0,1,1.7969890368524457,14.99101159766671,10,0.9975517789070562,inf,inf,8.581729421306957e-06,0.0,0.0,0.0,1.0,1.0,1.0,1.0,0.007158433232523593,0,5,nan
test,5,3,2,2,40.0,no_ic,0.00858467164767639,41.004330528108,0,1,8180.255907178843,8191.815738519181,10,0.997504838387851,0.0,0.0,7.909594530087996e-06,7.909594530087996e-06,7.909594530087996e-06,0.0,1.0,1.0,1.0,1.0,0.004921878137376901,0,5,0.0
test,5,3,2,2,40.0,plain_ls,0.00858467164767639,41.004330528108,0,1,8179.423402737988,8190.963000588018,10,0.9975058129997405,12.337139817221303,12.337141044980473,7.909594530087996e-06,4.6178544372864823e-07,4.617853131809999e-07,1.3054764837923742e-13,0.9989113369602811,0.9988181235515837,0.9995326711129819,0.6169760202040788,0.004921878137376901,0,5,63.821690268225524
test,5,3,2,2,40.0,protected_ls,0.00858467164767639,41.004330528108,0,1,8205.18373553226,8215.223533170429,10,0.9974759829729882,12.319461345701006,12.319462578638763,7.909594530087996e-06,4.6366902717233964e-07,4.6366889553931364e-07,1.3163302601433668e-13,0.9989150691394911,0.9988069537855849,0.9995318656292486,0.6168633716748582,0.004921878137376901,15,5,22.820812266046694
test,5,3,2,2,40.0,tp_uic_full,0.00858467164767639,41.004330528108,0,1,8179.419683163602,8190.959320990567,10,0.9975058153670228,12.337139814128356,12.33714104288011,7.909594530087996e-06,4.6178544405752116e-07,4.6178531340433176e-07,1.3065318942134907e-13,0.9989113370363151,0.9988181287509345,0.9995326711446647,0.6169760203157472,0.004921878137376901,15,5,63.821606479314966
test,5,3,2,2,40.0,perfect_channel,0.00858467164767639,41.004330528108,0,1,1.474029821186949,9.226320841306773,10,0.9975517789070562,inf,inf,7.909594530087996e-06,0.0,0.0,0.0,1.0,1.0,1.0,1.0,0.004921878137376901,0,5,nan
test,5,5,2,0,40.0,no_ic,0.0033811925543962467,37.555893361534814,0,1,1165.3367879318687,1086.0761267690941,10,0.993189330010127,0.0,0.0,3.5752836607377766e-06,3.5752836607377766e-06,3.5752836607377766e-06,0.0,1.0,1.0,1.0,1.0,0.044682048992747074,0,5,0.0
test,5,5,2,0,40.0,plain_ls,0.0033811925543962467,37.555893361534814,0,1,1165.6051615022664,1086.3320520041382,10,0.9931916237306764,14.557582954453629,14.557591516597267,3.5752836607377766e-06,1.2518497550939853e-07,1.2518472870665763e-07,2.468027408928076e-13,0.9999498665503574,0.9976641155156664,0.9998356390130654,0.9997260111056839,0.044682048992747074,0,5,58.152810070619346
test,5,5,2,0,40.0,protected_ls,0.0033811925543962467,37.555893361534814,0,1,1165.509290002146,1086.8236193748344,10,0.9931946114670167,14.521644909333961,14.521653547561309,3.5752836607377766e-06,1.2622518422524672e-07,1.2622493316040493e-07,2.510648417900036e-13,0.9999494534628712,0.9977088033195101,0.9998346694880822,0.9997262791282169,0.044682048992747074,15,5,20.046119023665547
test,5,5,2,0,40.0,tp_uic_full,0.0033811925543962467,37.555893361534814,0,1,1165.6064489112878,1086.3329691335593,10,0.9931916220596159,14.557582940344254,14.557591511911374,3.5752836607377766e-06,1.2518497591609997e-07,1.2518472884172773e-07,2.4707437223959856e-13,0.9999498669298327,0.9976643939163269,0.9998356394882456,0.9997260118913235,0.044682048992747074,15,5,58.15262822001184
test,5,5,2,0,40.0,perfect_channel,0.0033811925543962467,37.555893361534814,0,1,2.474854802962449,3.8229801105305805,10,0.993260513937429,inf,inf,3.5752836607377766e-06,0.0,0.0,0.0,1.0,1.0,1.0,1.0,0.044682048992747074,0,5,nan
test,5,5,2,1,40.0,no_ic,0.004102956690439807,37.39475412710728,0,1,8623.45627969565,8668.605696585095,10,0.9933621287013075,0.0,0.0,3.4450583391045226e-06,3.4450583391045226e-06,3.4450583391045226e-06,0.0,1.0,1.0,1.0,1.0,0.047578997568455024,0,5,0.0
test,5,5,2,1,40.0,plain_ls,0.004102956690439807,37.39475412710728,0,1,8623.112168828,8668.230780502588,10,0.9933662653701918,12.339105847501042,12.33911135318973,3.4450583391045226e-06,2.0104162962958708e-07,2.0104137476290769e-07,2.548666793870666e-13,0.9998451185545224,0.9962447361993662,0.9997653315360111,0.9995584642459547,0.047578997568455024,0,5,60.21014793051896
test,5,5,2,1,40.0,protected_ls,0.004102956690439807,37.39475412710728,0,1,8638.001395752224,8684.020009167558,10,0.9933376682571746,12.31437667583656,12.314382043306402,3.4450583391045226e-06,2.0218964657698045e-07,2.0218939668981756e-07,2.49887162887492e-13,0.9998446708202029,0.996192903695802,0.9997651916763552,0.9995607439032804,0.047578997568455024,15,5,21.842662547604817
test,5,5,2,1,40.0,tp_uic_full,0.004102956690439807,37.39475412710728,0,1,8623.103573847053,8668.22250829187,10,0.9933662657761074,12.339105867564609,12.339111348925982,3.4450583391045226e-06,2.010416287008135e-07,2.0104137496028296e-07,2.5374053054587426e-13,0.9998451192167729,0.9962449359061256,0.9997653321000779,0.9995584663885965,0.047578997568455024,15,5,60.20992462174188
test,5,5,2,1,40.0,perfect_channel,0.004102956690439807,37.39475412710728,0,1,4.536168233966556,7.102070054742926,10,0.993260513937429,inf,inf,3.4450583391045226e-06,0.0,0.0,0.0,1.0,1.0,1.0,1.0,0.047578997568455024,0,5,nan
test,5,5,2,2,40.0,no_ic,0.0029632915184209974,37.789281893363295,0,1,7829.357534005649,7831.395430380911,10,0.9931832064337551,0.0,0.0,3.772674679945059e-06,3.772674679945059e-06,3.772674679945059e-06,0.0,1.0,1.0,1.0,1.0,0.06179646616074062,0,5,0.0
test,5,5,2,2,40.0,plain_ls,0.0029632915184209974,37.789281893363295,0,1,7822.191861237289,7824.157853455072,10,0.993185646885041,9.763157514765815,9.763158577822777,3.772674679945059e-06,3.984130964009386e-07,3.984129988782249e-07,9.752271368166196e-14,0.9996143754420571,0.9940248737186624,0.999859817389511,0.9995173831370774,0.06179646616074062,0,5,63.18062403134478
test,5,5,2,2,40.0,protected_ls,0.0029632915184209974,37.789281893363295,0,1,7924.188375202117,7926.300206683092,10,0.9931831120338449,9.752401748253742,9.752402791668434,3.772674679945059e-06,3.9940103182894554e-07,3.9940093587081757e-07,9.595812795924329e-14,0.9996150651002503,0.994099467771695,0.999860579931518,0.9995178327671789,0.06179646616074062,15,5,25.5863933421695
test,5,5,2,2,40.0,tp_uic_full,0.0029632915184209974,37.789281893363295,0,1,7822.193496529959,7824.160026898899,10,0.9931856432030371,9.763157510005739,9.763158575356735,3.772674679945059e-06,3.9841309683761843e-07,3.984129991044546e-07,9.773316382657129e-14,0.9996143763042467,0.9940252614477338,0.9998598179778045,0.9995173841350992,0.06179646616074062,15,5,63.18039373327336
test,5,5,2,2,40.0,perfect_channel,0.0029632915184209974,37.789281893363295,0,1,2.8348095436189817,2.3994809967286628,10,0.993260513937429,inf,inf,3.772674679945059e-06,0.0,0.0,0.0,1.0,1.0,1.0,1.0,0.06179646616074062,0,5,nan
