trial,method,detected,total_targets,detected_fraction,false_alarm,total_false,false_alarm_fraction,selected_observations,remote_reports,local_observations,overhead_bits,overhead_delay_ms,D_mean,D_median,belief_capture_rate,weak_target_index,weak_target_detected,receiver_capacity_max_utilization,receiver_capacity_binding,fusion_capacity_max_utilization,fusion_capacity_binding,report_capacity_utilization,report_capacity_binding,assignment_capacity_max_utilization,assignment_capacity_binding,cpu_capacity_max_utilization,cpu_capacity_binding,selector_score_evaluations,coordination_messages,bid_rounds,detection_runtime_ms,fusion_nodes,selected_links
0,proposed_c2f_adaptive_pd,10,10,1.0,18,300,0.06,10,0,10,0.0,0.0,60592.03210431262,1153.3123605021833,1.0,7,1,0.0,0.0,0.0,0.0,0.0,0.0,0.0,0.0,0.0,0.0,10967.0,10967.0,0.0,0.0,"7,10,7,3,3,7,12,13,3,10",0:0-7;1:0-10;2:0-7;3:0-3;4:0-3;5:0-7;6:0-12;7:1-13;8:0-3;9:0-10
1,proposed_c2f_adaptive_pd,10,10,1.0,8,300,0.02666666666666667,10,0,10,0.0,0.0,959.9787920318671,260.3080615062295,1.0,9,1,0.0,0.0,0.0,0.0,0.0,0.0,0.0,0.0,0.0,0.0,10043.0,10043.0,0.0,0.0,"5,3,13,14,5,5,14,1,7,1",0:1-5;1:0-3;2:0-13;3:0-14;4:1-5;5:1-5;6:0-14;7:0-1;8:2-7;9:4-1
2,proposed_c2f_adaptive_pd,10,10,1.0,18,300,0.06,10,0,10,0.0,0.0,4075.305041673816,1096.8538731646472,1.0,6,1,0.0,0.0,0.0,0.0,0.0,0.0,0.0,0.0,0.0,0.0,13123.0,13123.0,0.0,0.0,"6,6,6,11,1,13,0,6,10,8",0:0-6;1:0-6;2:0-6;3:0-11;4:0-1;5:0-13;6:2-0;7:0-6;8:0-10;9:0-8
3,proposed_c2f_adaptive_pd,10,10,1.0,15,300,0.05,12,0,12,0.0,0.0,5260.843358915355,114.13005870624811,1.0,9,1,0.0,0.0,0.0,0.0,0.0,0.0,0.0,0.0,0.0,0.0,14932.0,14932.0,0.0,0.0,"5,12,3,7,4,10,5,14,12,0","0:0-5;1:0-12;2:0-3;3:0-7;4:0-4;5:14-10,6-10;6:0-5;7:0-14;8:0-12;9:12-0,9-0"
4,proposed_c2f_adaptive_pd,10,10,1.0,8,300,0.02666666666666667,16,4,12,2560.0,4.266666666666667,1813.7686207622944,410.2645321184241,1.0,4,1,0.0,0.0,0.0,0.0,0.0,0.0,0.0,0.0,0.0,0.0,20332.0,20332.0,0.0,0.0,"2,4,4,2,2,11,13,4,13,4","0:3-2;1:4-1,7-4;2:0-4;3:8-2;4:8-2,8-7,13-2,13-7,10-2,10-7;5:0-11;6:0-13;7:0-4;8:0-13;9:0-4"
5,proposed_c2f_adaptive_pd,10,10,1.0,18,300,0.06,10,0,10,0.0,0.0,7334.76847556791,2113.603572491868,1.0,7,1,0.0,0.0,0.0,0.0,0.0,0.0,0.0,0.0,0.0,0.0,13095.0,13095.0,0.0,0.0,"8,2,8,11,5,13,10,11,2,5",0:1-8;1:0-2;2:0-8;3:0-11;4:1-5;5:0-13;6:0-10;7:7-11;8:0-2;9:1-5
6,proposed_c2f_adaptive_pd,9,10,0.9,14,270,0.05185185185185185,10,0,10,0.0,0.0,1837.2497494739378,225.39268616180706,0.9,4,1,0.0,0.0,0.0,0.0,0.0,0.0,0.0,0.0,0.0,0.0,11751.0,11751.0,0.0,0.0,"8,10,5,6,3,9,13,6,6,10",0:0-8;1:0-10;2:0-5;3:0-6;4:6-3;5:0-9;6:4-13;7:0-6;8:0-6;9:2-10
7,proposed_c2f_adaptive_pd,9,10,0.9,18,270,0.06666666666666667,10,0,10,0.0,0.0,452830388.4260653,3793.6074631712418,0.9,0,1,0.0,0.0,0.0,0.0,0.0,0.0,0.0,0.0,0.0,0.0,13599.0,13599.0,0.0,0.0,"10,4,5,8,7,10,9,13,1,2",0:4-10;1:8-4;2:0-5;3:0-8;4:0-7;5:0-10;6:0-9;7:0-13;8:0-1;9:0-2
8,proposed_c2f_adaptive_pd,10,10,1.0,11,300,0.03666666666666667,18,7,11,4480.0,7.466666666666669,5856.244564361454,257.6247275911286,1.0,8,1,0.0,0.0,0.0,0.0,0.0,0.0,0.0,0.0,0.0,0.0,19674.0,19674.0,0.0,0.0,"5,2,10,2,6,13,7,9,10,5","0:0-5;1:0-2;2:2-10;3:1-0,14-0,8-2;4:0-6;5:0-13;6:0-7;7:8-9,10-9;8:10-13,10-14,14-13,14-10,8-13,0-13;9:9-5"
9,proposed_c2f_adaptive_pd,10,10,1.0,9,300,0.03,10,0,10,0.0,0.0,2718.5572626546104,488.4654416690556,1.0,3,1,0.0,0.0,0.0,0.0,0.0,0.0,0.0,0.0,0.0,0.0,11275.0,11275.0,0.0,0.0,"0,11,4,2,8,6,0,14,0,11",0:1-0;1:0-11;2:0-4;3:0-2;4:2-8;5:0-6;6:4-0;7:0-14;8:1-0;9:0-11
10,proposed_c2f_adaptive_pd,10,10,1.0,13,300,0.043333333333333335,10,0,10,0.0,0.0,9032.845779100053,6925.5690155687935,1.0,8,1,0.0,0.0,0.0,0.0,0.0,0.0,0.0,0.0,0.0,0.0,14663.0,14663.0,0.0,0.0,"12,11,12,2,12,10,10,10,0,8",0:0-12;1:0-11;2:0-12;3:0-2;4:0-12;5:0-10;6:0-10;7:2-10;8:1-0;9:0-8
11,proposed_c2f_adaptive_pd,9,10,0.9,22,300,0.07333333333333333,10,0,10,0.0,0.0,2476.8539745374487,170.2365330821886,1.0,3,1,0.0,0.0,0.0,0.0,0.0,0.0,0.0,0.0,0.0,0.0,14817.0,14817.0,0.0,0.0,"4,1,12,14,14,14,4,14,4,7",0:0-4;1:9-1;2:0-12;3:1-14;4:0-14;5:1-14;6:0-4;7:0-14;8:0-4;9:0-7
12,proposed_c2f_adaptive_pd,9,10,0.9,15,270,0.05555555555555555,10,0,10,0.0,0.0,1549.6151200562576,343.5396176112826,0.9,6,1,0.0,0.0,0.0,0.0,0.0,0.0,0.0,0.0,0.0,0.0,16203.0,16203.0,0.0,0.0,"12,4,6,7,11,7,11,7,7,2",0:0-12;1:0-4;2:0-6;3:2-7;4:0-11;5:0-7;6:1-11;7:0-7;8:0-7;9:0-2
13,proposed_c2f_adaptive_pd,10,10,1.0,16,300,0.05333333333333334,10,1,9,640.0,1.0666666666666667,1796.8520061496015,527.6406937290066,1.0,7,1,0.0,0.0,0.0,0.0,0.0,0.0,0.0,0.0,0.0,0.0,12770.0,12770.0,0.0,0.0,"4,10,6,14,2,2,12,14,4,4",0:1-4;1:0-10;2:0-6;3:6-2;4:1-2;5:0-2;6:0-12;7:0-14;8:0-4;9:1-4
14,proposed_c2f_adaptive_pd,10,10,1.0,16,300,0.05333333333333334,11,2,9,1280.0,2.1333333333333333,68897.36965238707,1058.3995399059836,1.0,8,1,0.0,0.0,0.0,0.0,0.0,0.0,0.0,0.0,0.0,0.0,15464.0,15464.0,0.0,0.0,"10,10,6,4,10,7,2,13,5,11","0:0-10;1:6-10;2:4-6;3:0-4;4:0-10;5:0-7;6:0-2;7:0-13;8:1-10,11-10;9:1-11"
15,proposed_c2f_adaptive_pd,10,10,1.0,11,300,0.03666666666666667,10,0,10,0.0,0.0,300683.42048090126,5532.768727181334,1.0,0,1,0.0,0.0,0.0,0.0,0.0,0.0,0.0,0.0,0.0,0.0,15587.0,15587.0,0.0,0.0,"5,0,1,10,5,7,5,13,0,1",0:2-5;1:1-0;2:0-1;3:0-10;4:0-5;5:4-7;6:0-5;7:1-13;8:1-0;9:0-1
16,proposed_c2f_adaptive_pd,10,10,1.0,19,300,0.06333333333333334,10,0,10,0.0,0.0,3499.1067233649496,1053.7655487113961,1.0,9,1,0.0,0.0,0.0,0.0,0.0,0.0,0.0,0.0,0.0,0.0,14201.0,14201.0,0.0,0.0,"5,12,10,14,5,8,12,12,6,5",0:0-5;1:0-12;2:0-10;3:0-14;4:0-5;5:0-8;6:0-12;7:0-12;8:0-6;9:0-5
17,proposed_c2f_adaptive_pd,10,10,1.0,19,300,0.06333333333333334,10,0,10,0.0,0.0,111508.99158933903,1102.7424728001765,1.0,2,1,0.0,0.0,0.0,0.0,0.0,0.0,0.0,0.0,0.0,0.0,14775.0,14775.0,0.0,0.0,"5,2,2,12,12,4,2,8,11,12",0:0-5;1:0-2;2:12-2;3:0-12;4:0-12;5:0-4;6:0-2;7:0-8;8:0-11;9:2-12
18,proposed_c2f_adaptive_pd,10,10,1.0,17,300,0.056666666666666664,17,5,12,3200.0,5.333333333333334,111598.08839354676,870.1423679836753,1.0,4,1,0.0,0.0,0.0,0.0,0.0,0.0,0.0,0.0,0.0,0.0,22577.0,22577.0,0.0,0.0,"3,4,2,4,8,4,2,4,14,10","0:0-3;1:0-4;2:2-12,7-12,10-12,12-2,7-2,10-2;3:0-4;4:8-5,14-5,14-8;5:0-4;6:4-2;7:5-4;8:0-14;9:12-10"
19,proposed_c2f_adaptive_pd,10,10,1.0,9,300,0.03,10,0,10,0.0,0.0,10265.031327672648,4488.477513457675,1.0,0,1,0.0,0.0,0.0,0.0,0.0,0.0,0.0,0.0,0.0,0.0,14047.0,14047.0,0.0,0.0,"14,4,11,6,11,13,11,2,13,0",0:0-14;1:0-4;2:0-11;3:0-6;4:0-11;5:0-13;6:0-11;7:0-2;8:0-13;9:1-0
20,proposed_c2f_adaptive_pd,10,10,1.0,18,300,0.06,10,0,10,0.0,0.0,10892.504329822235,1344.9354085038467,1.0,8,1,0.0,0.0,0.0,0.0,0.0,0.0,0.0,0.0,0.0,0.0,13431.0,13431.0,0.0,0.0,"9,2,0,11,9,0,12,6,12,12",0:0-9;1:0-2;2:1-0;3:0-11;4:0-9;5:1-0;6:0-12;7:0-6;8:0-12;9:0-12
21,proposed_c2f_adaptive_pd,10,10,1.0,18,300,0.06,10,0,10,0.0,0.0,601718.9158189197,1442.1969007968573,1.0,2,1,0.0,0.0,0.0,0.0,0.0,0.0,0.0,0.0,0.0,0.0,14355.0,14355.0,0.0,0.0,"13,1,8,0,2,2,8,10,10,10",0:0-13;1:0-1;2:11-8;3:1-0;4:0-2;5:0-2;6:0-8;7:0-10;8:0-10;9:0-10
22,proposed_c2f_adaptive_pd,10,10,1.0,15,300,0.05,10,0,10,0.0,0.0,5841127.295658765,3261.8939698962627,1.0,7,1,0.0,0.0,0.0,0.0,0.0,0.0,0.0,0.0,0.0,0.0,13893.0,13893.0,0.0,0.0,"11,13,2,12,4,1,11,6,10,0",0:0-11;1:0-13;2:0-2;3:0-12;4:0-4;5:0-1;6:0-11;7:7-6;8:0-10;9:2-0
23,proposed_c2f_adaptive_pd,9,10,0.9,13,300,0.043333333333333335,10,0,10,0.0,0.0,6859.811297737762,910.5314821324337,1.0,1,1,0.0,0.0,0.0,0.0,0.0,0.0,0.0,0.0,0.0,0.0,15279.0,15279.0,0.0,0.0,"13,1,1,7,1,6,9,8,7,7",0:0-13;1:0-1;2:0-1;3:0-7;4:0-1;5:1-6;6:2-9;7:0-8;8:0-7;9:0-7
24,proposed_c2f_adaptive_pd,9,10,0.9,14,300,0.04666666666666667,10,0,10,0.0,0.0,26447.627389855486,847.4986065343021,1.0,7,1,0.0,0.0,0.0,0.0,0.0,0.0,0.0,0.0,0.0,0.0,12661.0,12661.0,0.0,0.0,"4,4,12,10,11,4,0,10,2,6",0:0-4;1:0-4;2:0-12;3:0-10;4:0-11;5:1-4;6:1-0;7:0-10;8:4-2;9:0-6
25,proposed_c2f_adaptive_pd,10,10,1.0,16,300,0.05333333333333334,12,2,10,1280.0,2.1333333333333333,32341.583226983792,571.0628313955394,1.0,7,1,0.0,0.0,0.0,0.0,0.0,0.0,0.0,0.0,0.0,0.0,15285.0,15285.0,0.0,0.0,"2,13,7,9,9,7,12,4,4,12","0:0-2;1:0-13;2:7-5;3:1-9;4:12-9,8-9;5:7-5;6:0-12;7:9-4,12-4;8:0-4;9:0-12"
26,proposed_c2f_adaptive_pd,10,10,1.0,16,300,0.05333333333333334,15,5,10,3200.0,5.333333333333334,9357.429162370736,328.06815811669014,1.0,3,1,0.0,0.0,0.0,0.0,0.0,0.0,0.0,0.0,0.0,0.0,18263.0,18263.0,0.0,0.0,"4,3,6,0,0,0,3,3,6,7","0:0-4;1:0-3;2:1-6;3:11-1,9-0,9-11,8-11,13-11,1-11;4:1-0;5:1-0;6:0-3;7:0-3;8:0-6;9:6-7"
27,proposed_c2f_adaptive_pd,10,10,1.0,13,300,0.043333333333333335,10,0,10,0.0,0.0,34158.93583644235,561.1346298983902,1.0,8,1,0.0,0.0,0.0,0.0,0.0,0.0,0.0,0.0,0.0,0.0,11121.0,11121.0,0.0,0.0,"14,9,0,10,2,3,4,10,2,1",0:0-14;1:0-9;2:4-0;3:0-10;4:0-2;5:2-3;6:0-4;7:1-10;8:3-2;9:0-1
28,proposed_c2f_adaptive_pd,10,10,1.0,13,300,0.043333333333333335,10,0,10,0.0,0.0,20113.061555341308,731.996819997473,1.0,9,1,0.0,0.0,0.0,0.0,0.0,0.0,0.0,0.0,0.0,0.0,13599.0,13599.0,0.0,0.0,"10,0,6,6,10,14,3,7,3,7",0:1-10;1:2-0;2:0-6;3:0-6;4:2-10;5:0-14;6:0-3;7:0-7;8:0-3;9:3-7
29,proposed_c2f_adaptive_pd,10,10,1.0,7,300,0.023333333333333334,15,2,13,1280.0,2.1333333333333333,211944.42304982487,490.81321886735293,1.0,5,1,0.0,0.0,0.0,0.0,0.0,0.0,0.0,0.0,0.0,0.0,15473.0,15473.0,0.0,0.0,"1,13,7,3,1,13,2,13,2,4","0:0-1;1:0-13;2:1-7;3:0-3;4:0-1;5:10-13;6:0-2;7:0-13;8:0-2;9:4-11,11-4,0-4,0-11,1-4,6-4"
30,proposed_c2f_adaptive_pd,8,10,0.8,12,300,0.04,12,1,11,640.0,1.0666666666666667,93914.00759833418,189.77166764805656,0.9166666666666666,0,1,0.0,0.0,0.0,0.0,0.0,0.0,0.0,0.0,0.0,0.0,14180.0,14180.0,0.0,0.0,"4,7,0,7,11,14,14,9,12,14","0:14-4,7-4;1:7-3;2:1-0;3:6-7;4:0-11;5:0-14;6:1-14;7:0-9;8:10-12,13-12;9:8-14"
31,proposed_c2f_adaptive_pd,10,10,1.0,11,300,0.03666666666666667,10,0,10,0.0,0.0,5456.993218597947,5877.158140156447,1.0,8,1,0.0,0.0,0.0,0.0,0.0,0.0,0.0,0.0,0.0,0.0,14355.0,14355.0,0.0,0.0,"3,3,6,2,7,4,8,4,7,1",0:0-3;1:1-3;2:0-6;3:1-2;4:1-7;5:0-4;6:0-8;7:0-4;8:1-7;9:11-1
32,proposed_c2f_adaptive_pd,10,10,1.0,11,300,0.03666666666666667,10,0,10,0.0,0.0,59347.389423863206,714.2499642524773,1.0,6,1,0.0,0.0,0.0,0.0,0.0,0.0,0.0,0.0,0.0,0.0,12199.0,12199.0,0.0,0.0,"2,8,4,4,2,5,2,14,2,4",0:3-2;1:0-8;2:0-4;3:0-4;4:0-2;5:0-5;6:0-2;7:0-14;8:0-2;9:0-4
33,proposed_c2f_adaptive_pd,10,10,1.0,21,300,0.07,10,0,10,0.0,0.0,8275.10643489752,1559.8163272997413,1.0,7,1,0.0,0.0,0.0,0.0,0.0,0.0,0.0,0.0,0.0,0.0,12507.0,12507.0,0.0,0.0,"13,0,14,3,6,9,10,10,3,0",0:0-13;1:1-0;2:0-14;3:0-3;4:0-6;5:0-9;6:0-10;7:0-10;8:0-3;9:1-0
34,proposed_c2f_adaptive_pd,9,10,0.9,13,270,0.04814814814814815,10,0,10,0.0,0.0,9412.814576094333,3518.7153755432846,0.9,4,1,0.0,0.0,0.0,0.0,0.0,0.0,0.0,0.0,0.0,0.0,14047.0,14047.0,0.0,0.0,"8,13,10,0,10,2,13,6,14,8",0:1-8;1:0-13;2:0-10;3:1-0;4:7-10;5:0-2;6:0-13;7:0-6;8:0-14;9:0-8
35,proposed_c2f_adaptive_pd,10,10,1.0,8,300,0.02666666666666667,10,0,10,0.0,0.0,5314.247780271864,965.3505159436503,1.0,9,1,0.0,0.0,0.0,0.0,0.0,0.0,0.0,0.0,0.0,0.0,10967.0,10967.0,0.0,0.0,"3,4,6,14,6,3,4,13,12,3",0:0-3;1:0-4;2:0-6;3:0-14;4:0-6;5:2-3;6:0-4;7:0-13;8:2-12;9:4-3
36,proposed_c2f_adaptive_pd,10,10,1.0,15,300,0.05,11,0,11,0.0,0.0,25934.36110127043,746.0834886292439,1.0,9,1,0.0,0.0,0.0,0.0,0.0,0.0,0.0,0.0,0.0,0.0,14484.0,14484.0,0.0,0.0,"7,13,6,5,3,12,13,12,8,14","0:0-7;1:0-13;2:1-6;3:0-5;4:0-3;5:5-12;6:0-13;7:0-12;8:0-8;9:0-14,1-14"
37,proposed_c2f_adaptive_pd,10,10,1.0,23,300,0.07666666666666666,10,1,9,640.0,1.0666666666666667,19332.266050958315,4112.053644960337,1.0,5,1,0.0,0.0,0.0,0.0,0.0,0.0,0.0,0.0,0.0,0.0,12927.0,12927.0,0.0,0.0,"4,12,5,9,11,9,1,1,9,14",0:0-4;1:0-12;2:0-5;3:0-9;4:0-11;5:9-4;6:0-1;7:0-1;8:0-9;9:2-14
38,proposed_c2f_adaptive_pd,10,10,1.0,14,300,0.04666666666666667,12,0,12,0.0,0.0,16223.602903405215,546.8642420699211,1.0,2,1,0.0,0.0,0.0,0.0,0.0,0.0,0.0,0.0,0.0,0.0,18264.0,18264.0,0.0,0.0,"5,5,7,12,12,8,12,2,11,4","0:0-5;1:0-5;2:14-7,3-7;3:0-12;4:0-12;5:9-8,0-8;6:1-12;7:1-2;8:0-11;9:0-4"
39,proposed_c2f_adaptive_pd,9,10,0.9,13,300,0.043333333333333335,10,0,10,0.0,0.0,8250.661130618402,1150.0115410590365,1.0,7,1,0.0,0.0,0.0,0.0,0.0,0.0,0.0,0.0,0.0,0.0,12199.0,12199.0,0.0,0.0,"14,7,11,9,7,2,7,7,14,5",0:0-14;1:9-7;2:0-11;3:0-9;4:2-7;5:0-2;6:0-7;7:3-7;8:0-14;9:0-5
40,proposed_c2f_adaptive_pd,10,10,1.0,21,300,0.07,11,1,10,640.0,1.0666666666666667,35760.054849213935,1722.6936828732564,1.0,1,1,0.0,0.0,0.0,0.0,0.0,0.0,0.0,0.0,0.0,0.0,15100.0,15100.0,0.0,0.0,"13,13,13,12,12,11,5,11,6,5","0:0-13;1:13-11,11-13;2:11-13;3:0-12;4:0-12;5:0-11;6:0-5;7:0-11;8:0-6;9:0-5"
41,proposed_c2f_adaptive_pd,10,10,1.0,9,300,0.03,10,0,10,0.0,0.0,332970.6414485312,2626.6334347323063,1.0,8,1,0.0,0.0,0.0,0.0,0.0,0.0,0.0,0.0,0.0,0.0,12969.0,12969.0,0.0,0.0,"2,6,8,8,3,1,7,1,9,4",0:0-2;1:0-6;2:0-8;3:0-8;4:0-3;5:4-1;6:0-7;7:6-1;8:13-9;9:1-4
42,proposed_c2f_adaptive_pd,9,10,0.9,14,300,0.04666666666666667,10,0,10,0.0,0.0,15469.276381600434,1752.0816328675185,1.0,1,1,0.0,0.0,0.0,0.0,0.0,0.0,0.0,0.0,0.0,0.0,13739.0,13739.0,0.0,0.0,"10,12,2,0,0,12,13,3,12,0",0:2-10;1:9-12;2:0-2;3:1-0;4:2-0;5:0-12;6:0-13;7:0-3;8:0-12;9:1-0
43,proposed_c2f_adaptive_pd,9,10,0.9,16,270,0.05925925925925926,10,0,10,0.0,0.0,4423.269088077657,1301.7838271222176,0.9,0,1,0.0,0.0,0.0,0.0,0.0,0.0,0.0,0.0,0.0,0.0,14663.0,14663.0,0.0,0.0,"4,9,14,11,10,10,4,11,11,8",0:0-4;1:1-9;2:0-14;3:0-11;4:0-10;5:0-10;6:0-4;7:0-11;8:0-11;9:0-8
44,proposed_c2f_adaptive_pd,10,10,1.0,13,300,0.043333333333333335,10,0,10,0.0,0.0,6113.507208799473,623.8284136131324,1.0,9,1,0.0,0.0,0.0,0.0,0.0,0.0,0.0,0.0,0.0,0.0,13886.0,13886.0,0.0,0.0,"4,5,5,14,4,0,2,9,5,4",0:0-4;1:0-5;2:0-5;3:1-14;4:0-4;5:7-0;6:0-2;7:0-9;8:0-5;9:1-4
45,proposed_c2f_adaptive_pd,10,10,1.0,18,300,0.06,11,1,10,640.0,1.0666666666666667,526270.1595144768,5062.085195197577,1.0,2,1,0.0,0.0,0.0,0.0,0.0,0.0,0.0,0.0,0.0,0.0,15660.0,15660.0,0.0,0.0,"11,2,9,14,9,8,12,8,7,9","0:0-11;1:2-1;2:14-9,6-9;3:0-14;4:0-9;5:0-8;6:0-12;7:0-8;8:0-7;9:0-9"
46,proposed_c2f_adaptive_pd,10,10,1.0,16,300,0.05333333333333334,11,0,11,0.0,0.0,9528.2043053905,604.899553756401,1.0,3,1,0.0,0.0,0.0,0.0,0.0,0.0,0.0,0.0,0.0,0.0,14652.0,14652.0,0.0,0.0,"0,10,6,13,8,3,4,14,10,13","0:1-0;1:0-10;2:0-6;3:4-13;4:0-8;5:0-3;6:0-4;7:5-14,8-14;8:0-10;9:5-13"
47,proposed_c2f_adaptive_pd,10,10,1.0,19,300,0.06333333333333334,10,0,10,0.0,0.0,23030.78682886713,2145.73064955392,1.0,5,1,0.0,0.0,0.0,0.0,0.0,0.0,0.0,0.0,0.0,0.0,13585.0,13585.0,0.0,0.0,"4,6,2,9,2,4,6,4,8,3",0:0-4;1:0-6;2:0-2;3:0-9;4:0-2;5:0-4;6:11-6;7:0-4;8:0-8;9:0-3
48,proposed_c2f_adaptive_pd,10,10,1.0,13,300,0.043333333333333335,10,0,10,0.0,0.0,71022.06873041057,3828.693972320143,1.0,5,1,0.0,0.0,0.0,0.0,0.0,0.0,0.0,0.0,0.0,0.0,12507.0,12507.0,0.0,0.0,"10,12,6,5,0,12,1,13,6,1",0:0-10;1:0-12;2:0-6;3:0-5;4:1-0;5:0-12;6:0-1;7:0-13;8:0-6;9:0-1
49,proposed_c2f_adaptive_pd,9,10,0.9,13,270,0.04814814814814815,11,0,11,0.0,0.0,1612623.068796489,1723.240739719939,0.9090909090909091,6,1,0.0,0.0,0.0,0.0,0.0,0.0,0.0,0.0,0.0,0.0,15000.0,15000.0,0.0,0.0,"5,7,13,0,12,4,4,13,14,13","0:0-5;1:0-7;2:0-13;3:2-0;4:0-12;5:0-4;6:10-4,7-4;7:0-13;8:0-14;9:0-13"
50,proposed_c2f_adaptive_pd,10,10,1.0,11,300,0.03666666666666667,10,0,10,0.0,0.0,450749.8009209119,955.5087852344998,1.0,0,1,0.0,0.0,0.0,0.0,0.0,0.0,0.0,0.0,0.0,0.0,12045.0,12045.0,0.0,0.0,"0,5,5,3,12,10,6,5,3,3",0:10-0;1:0-5;2:0-5;3:0-3;4:0-12;5:0-10;6:0-6;7:0-5;8:0-3;9:0-3
51,proposed_c2f_adaptive_pd,10,10,1.0,16,300,0.05333333333333334,14,4,10,2560.0,4.266666666666667,1752.9215238962308,153.02213678743925,1.0,3,1,0.0,0.0,0.0,0.0,0.0,0.0,0.0,0.0,0.0,0.0,18165.0,18165.0,0.0,0.0,"12,2,4,0,9,0,0,4,0,5","0:4-12;1:2-5,12-5,8-2;2:14-4;3:0-5,8-5,12-0;4:0-9;5:1-0;6:2-0;7:1-4;8:3-0;9:0-5"
52,proposed_c2f_adaptive_pd,9,10,0.9,6,300,0.02,10,0,10,0.0,0.0,12193.937904359427,149.03285979712908,1.0,3,0,0.0,0.0,0.0,0.0,0.0,0.0,0.0,0.0,0.0,0.0,13767.0,13767.0,0.0,0.0,"7,2,5,12,7,1,7,7,14,2",0:0-7;1:0-2;2:0-5;3:10-12;4:0-7;5:0-1;6:0-7;7:1-7;8:0-14;9:0-2
53,proposed_c2f_adaptive_pd,10,10,1.0,24,300,0.08,10,0,10,0.0,0.0,26839.119229308668,799.6018120784986,1.0,9,1,0.0,0.0,0.0,0.0,0.0,0.0,0.0,0.0,0.0,0.0,13585.0,13585.0,0.0,0.0,"4,10,8,10,3,3,3,3,4,13",0:0-4;1:0-10;2:0-8;3:0-10;4:0-3;5:0-3;6:0-3;7:0-3;8:0-4;9:1-13
54,proposed_c2f_adaptive_pd,10,10,1.0,15,300,0.05,10,0,10,0.0,0.0,143545.96191876446,10514.549974400115,1.0,8,1,0.0,0.0,0.0,0.0,0.0,0.0,0.0,0.0,0.0,0.0,12815.0,12815.0,0.0,0.0,"14,9,12,4,8,14,4,7,8,5",0:0-14;1:0-9;2:0-12;3:0-4;4:0-8;5:0-14;6:0-4;7:0-7;8:0-8;9:0-5
55,proposed_c2f_adaptive_pd,10,10,1.0,21,300,0.07,10,0,10,0.0,0.0,22951.993486531737,571.6783600827263,1.0,9,1,0.0,0.0,0.0,0.0,0.0,0.0,0.0,0.0,0.0,0.0,16328.0,16328.0,0.0,0.0,"12,9,7,9,14,0,9,1,6,14",0:5-12;1:5-9;2:0-7;3:0-9;4:0-14;5:2-0;6:0-9;7:0-1;8:1-6;9:10-14
56,proposed_c2f_adaptive_pd,10,10,1.0,10,300,0.03333333333333333,10,1,9,640.0,1.0666666666666667,119664.32222486252,14883.056836799855,1.0,1,1,0.0,0.0,0.0,0.0,0.0,0.0,0.0,0.0,0.0,0.0,14775.0,14775.0,0.0,0.0,"12,0,6,11,2,9,14,6,2,4",0:0-12;1:1-10;2:0-6;3:1-11;4:0-2;5:0-9;6:0-14;7:1-6;8:0-2;9:0-4
57,proposed_c2f_adaptive_pd,10,10,1.0,16,300,0.05333333333333334,17,4,13,2560.0,4.266666666666667,1374.9852375101577,240.8924074507426,1.0,1,1,0.0,0.0,0.0,0.0,0.0,0.0,0.0,0.0,0.0,0.0,25400.0,25400.0,0.0,0.0,"10,5,10,1,1,2,10,10,5,13","0:0-10;1:5-3,3-5,2-5,11-3,11-5,9-3;2:0-10;3:2-1;4:2-1;5:0-2;6:1-10;7:1-10;8:5-3,2-5,3-5;9:2-13"
58,proposed_c2f_adaptive_pd,10,10,1.0,12,300,0.04,12,2,10,1280.0,2.1333333333333333,21552.339280638604,1243.7958942799592,1.0,7,1,0.0,0.0,0.0,0.0,0.0,0.0,0.0,0.0,0.0,0.0,20794.0,20794.0,0.0,0.0,"11,10,9,12,4,3,2,14,0,4","0:0-11;1:0-10;2:0-9;3:0-12;4:0-4;5:2-3;6:0-2;7:7-12,14-12;8:1-0;9:3-4,1-4"
59,proposed_c2f_adaptive_pd,10,10,1.0,16,300,0.05333333333333334,10,0,10,0.0,0.0,1899.8448943010221,285.9665839539883,1.0,6,1,0.0,0.0,0.0,0.0,0.0,0.0,0.0,0.0,0.0,0.0,13277.0,13277.0,0.0,0.0,"8,10,9,3,14,1,5,2,5,12",0:0-8;1:0-10;2:1-9;3:0-3;4:0-14;5:0-1;6:0-5;7:0-2;8:1-5;9:0-12
60,proposed_c2f_adaptive_pd,10,10,1.0,18,300,0.06,10,0,10,0.0,0.0,2736.5630634348986,1526.1545892113468,1.0,1,1,0.0,0.0,0.0,0.0,0.0,0.0,0.0,0.0,0.0,0.0,13893.0,13893.0,0.0,0.0,"0,11,6,10,9,11,3,6,13,9",0:1-0;1:0-11;2:0-6;3:4-10;4:0-9;5:0-11;6:0-3;7:0-6;8:3-13;9:0-9
61,proposed_c2f_adaptive_pd,10,10,1.0,12,300,0.04,13,1,12,640.0,1.0666666666666667,7784.312665533097,1276.142226886286,1.0,7,1,0.0,0.0,0.0,0.0,0.0,0.0,0.0,0.0,0.0,0.0,14742.0,14742.0,0.0,0.0,"5,2,9,12,5,9,7,9,12,11","0:0-5;1:0-2;2:0-9;3:0-12;4:0-5;5:0-9;6:0-7;7:6-13,14-9,6-9,10-9;8:0-12;9:14-11"
62,proposed_c2f_adaptive_pd,10,10,1.0,12,300,0.04,10,0,10,0.0,0.0,943.1205546633719,283.83773760450595,1.0,9,1,0.0,0.0,0.0,0.0,0.0,0.0,0.0,0.0,0.0,0.0,12353.0,12353.0,0.0,0.0,"14,8,7,12,12,8,14,11,4,1",0:0-14;1:0-8;2:0-7;3:0-12;4:0-12;5:0-8;6:0-14;7:0-11;8:0-4;9:10-1
63,proposed_c2f_adaptive_pd,10,10,1.0,15,300,0.05,17,5,12,3200.0,5.333333333333334,3069.080546162982,90.36037834884814,1.0,4,1,0.0,0.0,0.0,0.0,0.0,0.0,0.0,0.0,0.0,0.0,21837.0,21837.0,0.0,0.0,"10,12,3,4,7,0,11,7,11,13","0:0-10;1:0-12;2:1-3;3:11-4;4:8-7,14-7,8-11,7-9,3-11,3-9;5:1-0;6:0-11;7:8-7;8:11-4,9-11;9:8-13,11-13"
64,proposed_c2f_adaptive_pd,10,10,1.0,20,300,0.06666666666666667,10,0,10,0.0,0.0,1377.1836438288508,636.6237425199413,1.0,7,1,0.0,0.0,0.0,0.0,0.0,0.0,0.0,0.0,0.0,0.0,13585.0,13585.0,0.0,0.0,"1,6,0,1,6,2,9,10,13,0",0:0-1;1:0-6;2:1-0;3:0-1;4:7-6;5:0-2;6:0-9;7:1-10;8:0-13;9:1-0
65,proposed_c2f_adaptive_pd,9,10,0.9,22,300,0.07333333333333333,10,0,10,0.0,0.0,33998.66008494703,1118.6465181851158,1.0,1,1,0.0,0.0,0.0,0.0,0.0,0.0,0.0,0.0,0.0,0.0,11891.0,11891.0,0.0,0.0,"9,0,6,10,13,10,0,3,12,2",0:0-9;1:4-0;2:0-6;3:1-10;4:0-13;5:0-10;6:1-0;7:0-3;8:0-12;9:0-2
66,proposed_c2f_adaptive_pd,10,10,1.0,13,300,0.043333333333333335,10,0,10,0.0,0.0,6703.708553630537,324.35315810847794,1.0,1,1,0.0,0.0,0.0,0.0,0.0,0.0,0.0,0.0,0.0,0.0,12815.0,12815.0,0.0,0.0,"13,4,7,5,3,4,10,11,13,4",0:0-13;1:1-4;2:0-7;3:0-5;4:0-3;5:0-4;6:0-10;7:0-11;8:0-13;9:0-4
67,proposed_c2f_adaptive_pd,9,10,0.9,14,270,0.05185185185185185,10,0,10,0.0,0.0,25914.3703273074,9059.24437911866,0.9,2,1,0.0,0.0,0.0,0.0,0.0,0.0,0.0,0.0,0.0,0.0,11429.0,11429.0,0.0,0.0,"10,2,11,5,3,5,13,14,4,3",0:0-10;1:0-2;2:2-11;3:0-5;4:0-3;5:11-5;6:0-13;7:0-14;8:0-4;9:0-3
68,proposed_c2f_adaptive_pd,10,10,1.0,18,300,0.06,10,0,10,0.0,0.0,34245.60011849088,4067.4106291484795,1.0,4,1,0.0,0.0,0.0,0.0,0.0,0.0,0.0,0.0,0.0,0.0,13767.0,13767.0,0.0,0.0,"13,8,5,5,8,8,5,7,5,14",0:1-13;1:0-8;2:0-5;3:0-5;4:4-8;5:4-8;6:0-5;7:0-7;8:0-5;9:0-14
69,proposed_c2f_adaptive_pd,10,10,1.0,18,300,0.06,11,1,10,640.0,1.0666666666666667,138884.50804702236,957.5961581559002,1.0,5,1,0.0,0.0,0.0,0.0,0.0,0.0,0.0,0.0,0.0,0.0,16831.0,16831.0,0.0,0.0,"14,14,4,7,2,2,2,13,6,2","0:0-14;1:7-14;2:0-4;3:0-7;4:6-2;5:3-2;6:0-2;7:0-13;8:2-13,11-6;9:6-2"
70,proposed_c2f_adaptive_pd,10,10,1.0,13,300,0.043333333333333335,11,0,11,0.0,0.0,2775803.020802141,5710.654870967884,1.0,9,1,0.0,0.0,0.0,0.0,0.0,0.0,0.0,0.0,0.0,0.0,15828.0,15828.0,0.0,0.0,"9,9,3,6,9,3,9,9,6,14","0:2-9;1:0-9;2:0-3;3:0-6;4:0-9;5:1-3;6:0-9;7:0-9;8:0-6;9:12-14,4-14"
71,proposed_c2f_adaptive_pd,10,10,1.0,18,300,0.06,10,0,10,0.0,0.0,297215.6830882107,4564.888744705678,1.0,9,1,0.0,0.0,0.0,0.0,0.0,0.0,0.0,0.0,0.0,0.0,17435.0,17435.0,0.0,0.0,"7,12,0,0,12,4,0,0,1,1",0:0-7;1:1-12;2:1-0;3:1-0;4:0-12;5:0-4;6:1-0;7:1-0;8:0-1;9:12-1
72,proposed_c2f_adaptive_pd,10,10,1.0,19,300,0.06333333333333334,11,1,10,640.0,1.0666666666666667,70747.13270875256,497.8156255679985,1.0,3,1,0.0,0.0,0.0,0.0,0.0,0.0,0.0,0.0,0.0,0.0,15488.0,15488.0,0.0,0.0,"14,3,8,0,13,2,14,13,3,1","0:10-14,7-14;1:2-3;2:0-8;3:0-11;4:0-13;5:0-2;6:7-14;7:0-13;8:0-3;9:2-1"
73,proposed_c2f_adaptive_pd,10,10,1.0,20,300,0.06666666666666667,10,1,9,640.0,1.0666666666666667,16458.35102973585,742.2447964318901,1.0,9,1,0.0,0.0,0.0,0.0,0.0,0.0,0.0,0.0,0.0,0.0,15111.0,15111.0,0.0,0.0,"8,11,3,7,7,0,4,10,4,11",0:0-8;1:0-11;2:0-3;3:0-7;4:0-7;5:1-0;6:0-4;7:0-10;8:0-4;9:6-4
74,proposed_c2f_adaptive_pd,10,10,1.0,14,300,0.04666666666666667,12,0,12,0.0,0.0,107950.86000065327,217.79956743071384,1.0,7,1,0.0,0.0,0.0,0.0,0.0,0.0,0.0,0.0,0.0,0.0,18852.0,18852.0,0.0,0.0,"0,8,7,6,12,2,3,14,3,3","0:1-0;1:0-8;2:0-7;3:4-6;4:0-12;5:0-2;6:14-3,5-3;7:6-14,8-14;8:1-3;9:1-3"
75,proposed_c2f_adaptive_pd,9,10,0.9,13,300,0.043333333333333335,10,0,10,0.0,0.0,2262.3909792264503,57.27574220022272,1.0,0,1,0.0,0.0,0.0,0.0,0.0,0.0,0.0,0.0,0.0,0.0,11583.0,11583.0,0.0,0.0,"6,12,7,14,4,8,6,10,3,1",0:4-6;1:2-12;2:0-7;3:0-14;4:0-4;5:5-8;6:2-6;7:0-10;8:0-3;9:8-1
76,proposed_c2f_adaptive_pd,10,10,1.0,17,300,0.056666666666666664,10,0,10,0.0,0.0,16305.89390315329,529.61806654629,1.0,9,1,0.0,0.0,0.0,0.0,0.0,0.0,0.0,0.0,0.0,0.0,12969.0,12969.0,0.0,0.0,"11,5,1,10,10,8,4,9,11,12",0:0-11;1:1-5;2:0-1;3:3-10;4:0-10;5:0-8;6:1-4;7:0-9;8:0-11;9:4-12
77,proposed_c2f_adaptive_pd,10,10,1.0,16,300,0.05333333333333334,10,0,10,0.0,0.0,45756.03078678355,233.34881079046875,1.0,5,1,0.0,0.0,0.0,0.0,0.0,0.0,0.0,0.0,0.0,0.0,11583.0,11583.0,0.0,0.0,"11,13,10,3,12,6,13,11,14,4",0:6-11;1:1-13;2:0-10;3:0-3;4:0-12;5:13-6;6:1-13;7:0-11;8:0-14;9:3-4
78,proposed_c2f_adaptive_pd,10,10,1.0,17,300,0.056666666666666664,10,0,10,0.0,0.0,13160.699197111777,1324.9265763501357,1.0,0,1,0.0,0.0,0.0,0.0,0.0,0.0,0.0,0.0,0.0,0.0,13123.0,13123.0,0.0,0.0,"5,12,3,5,13,13,9,10,10,9",0:2-5;1:0-12;2:0-3;3:1-5;4:0-13;5:0-13;6:0-9;7:0-10;8:7-10;9:0-9
79,proposed_c2f_adaptive_pd,10,10,1.0,22,300,0.07333333333333333,10,0,10,0.0,0.0,20132.34913233399,3504.9517510801543,1.0,8,1,0.0,0.0,0.0,0.0,0.0,0.0,0.0,0.0,0.0,0.0,12969.0,12969.0,0.0,0.0,"10,4,14,2,7,7,4,10,3,10",0:0-10;1:0-4;2:0-14;3:0-2;4:0-7;5:1-7;6:0-4;7:0-10;8:2-3;9:0-10
80,proposed_c2f_adaptive_pd,8,10,0.8,24,270,0.08888888888888889,13,1,12,640.0,1.0666666666666667,62380.72226104268,1050.006611123468,0.9230769230769231,8,1,0.0,0.0,0.0,0.0,0.0,0.0,0.0,0.0,0.0,0.0,12459.0,12459.0,0.0,0.0,"8,1,13,0,9,3,11,11,5,2","0:0-8;1:0-1;2:0-13;3:1-0;4:0-9;5:0-3;6:0-11;7:0-11;8:5-4,4-5,14-5;9:14-2,1-2"
81,proposed_c2f_adaptive_pd,10,10,1.0,19,300,0.06333333333333334,20,10,10,6400.0,10.66666666666667,348556.65388264117,327.79576002589664,1.0,8,1,0.0,0.0,0.0,0.0,0.0,0.0,0.0,0.0,0.0,0.0,17222.0,17222.0,0.0,0.0,"4,12,0,1,0,10,8,1,8,8","0:0-4;1:0-12;2:1-0;3:2-1;4:1-0;5:0-10;6:8-13,11-13,11-6,2-13,1-13,11-8;7:0-1;8:8-13,12-13,0-6,0-13,1-6,0-8;9:0-8"
82,proposed_c2f_adaptive_pd,10,10,1.0,13,300,0.043333333333333335,10,0,10,0.0,0.0,178130.44149029528,993.7348754036434,1.0,3,1,0.0,0.0,0.0,0.0,0.0,0.0,0.0,0.0,0.0,0.0,10659.0,10659.0,0.0,0.0,"7,8,4,3,0,11,14,4,13,10",0:0-7;1:13-8;2:8-4;3:10-3;4:1-0;5:14-11;6:3-14;7:0-4;8:0-13;9:0-10
83,proposed_c2f_adaptive_pd,8,10,0.8,15,300,0.05,12,0,12,0.0,0.0,45641.20486552139,52.82021029384315,0.9166666666666666,5,1,0.0,0.0,0.0,0.0,0.0,0.0,0.0,0.0,0.0,0.0,12136.0,12136.0,0.0,0.0,"2,8,0,9,0,12,0,9,1,6","0:0-2;1:1-8;2:1-0;3:6-9;4:2-0;5:0-12,10-12,8-12;6:11-0;7:0-9;8:5-1;9:0-6"
84,proposed_c2f_adaptive_pd,10,10,1.0,9,300,0.03,10,0,10,0.0,0.0,899.7081459333746,723.3471526904937,1.0,2,1,0.0,0.0,0.0,0.0,0.0,0.0,0.0,0.0,0.0,0.0,12045.0,12045.0,0.0,0.0,"12,11,4,8,3,11,11,3,3,5",0:0-12;1:0-11;2:0-4;3:0-8;4:0-3;5:5-11;6:0-11;7:0-3;8:0-3;9:0-5
85,proposed_c2f_adaptive_pd,9,10,0.9,24,300,0.08,15,2,13,1280.0,2.1333333333333333,13609.659588757302,3102.6509977790824,1.0,7,1,0.0,0.0,0.0,0.0,0.0,0.0,0.0,0.0,0.0,0.0,17895.0,17895.0,0.0,0.0,"9,5,13,13,3,14,9,1,14,4","0:0-9;1:0-5;2:0-13;3:0-13;4:0-3;5:2-14;6:0-9;7:1-2,3-1,2-1,3-2,4-1,6-1;8:0-14;9:0-4"
86,proposed_c2f_adaptive_pd,10,10,1.0,14,300,0.04666666666666667,10,0,10,0.0,0.0,29533.157577397717,1215.9413164867183,1.0,6,1,0.0,0.0,0.0,0.0,0.0,0.0,0.0,0.0,0.0,0.0,11982.0,11982.0,0.0,0.0,"13,14,8,1,8,13,14,13,11,8",0:14-13;1:1-14;2:10-8;3:0-1;4:0-8;5:0-13;6:5-14;7:0-13;8:0-11;9:0-8
87,proposed_c2f_adaptive_pd,9,10,0.9,15,300,0.05,10,0,10,0.0,0.0,228752.95653868755,1331.8161822718448,1.0,7,1,0.0,0.0,0.0,0.0,0.0,0.0,0.0,0.0,0.0,0.0,12969.0,12969.0,0.0,0.0,"3,5,13,7,6,5,3,3,5,14",0:0-3;1:0-5;2:0-13;3:0-7;4:0-6;5:0-5;6:0-3;7:0-3;8:0-5;9:0-14
88,proposed_c2f_adaptive_pd,10,10,1.0,15,300,0.05,14,4,10,2560.0,4.266666666666667,13246493.461216208,433.16066241359044,1.0,1,1,0.0,0.0,0.0,0.0,0.0,0.0,0.0,0.0,0.0,0.0,18741.0,18741.0,0.0,0.0,"10,11,6,1,13,14,13,2,8,0","0:0-10;1:7-8,14-8,11-14,8-14,14-11;2:1-6;3:0-1;4:0-13;5:6-14;6:0-13;7:0-2;8:0-8;9:1-0"
89,proposed_c2f_adaptive_pd,9,10,0.9,14,300,0.04666666666666667,10,0,10,0.0,0.0,20365.566408196806,124.29518941643545,1.0,6,1,0.0,0.0,0.0,0.0,0.0,0.0,0.0,0.0,0.0,0.0,14201.0,14201.0,0.0,0.0,"11,14,5,8,14,8,6,6,10,10",0:0-11;1:0-14;2:0-5;3:6-8;4:0-14;5:0-8;6:1-6;7:0-6;8:0-10;9:0-10
90,proposed_c2f_adaptive_pd,10,10,1.0,15,300,0.05,11,1,10,640.0,1.0666666666666667,81917.09913918035,789.5088384683415,1.0,2,1,0.0,0.0,0.0,0.0,0.0,0.0,0.0,0.0,0.0,0.0,15996.0,15996.0,0.0,0.0,"6,6,7,14,14,12,14,14,12,13","0:0-6;1:0-6;2:7-12,6-7;3:0-14;4:0-14;5:2-12;6:1-14;7:0-14;8:0-12;9:1-13"
91,proposed_c2f_adaptive_pd,9,10,0.9,14,300,0.04666666666666667,11,1,10,640.0,1.0666666666666667,81258.9491012661,368.72932970128636,1.0,2,1,0.0,0.0,0.0,0.0,0.0,0.0,0.0,0.0,0.0,0.0,15471.0,15471.0,0.0,0.0,"6,8,14,14,6,14,4,5,6,12","0:10-6;1:0-8;2:13-2,6-14;3:0-14;4:0-6;5:0-14;6:1-4;7:0-5;8:5-6;9:0-12"
92,proposed_c2f_adaptive_pd,10,10,1.0,16,300,0.05333333333333334,11,1,10,640.0,1.0666666666666667,685.2004234201808,230.23796343612085,1.0,3,1,0.0,0.0,0.0,0.0,0.0,0.0,0.0,0.0,0.0,0.0,16500.0,16500.0,0.0,0.0,"6,13,12,8,1,13,5,13,8,13","0:0-6;1:0-13;2:0-12;3:8-9,13-8;4:2-1;5:1-13;6:0-5;7:0-13;8:1-8;9:0-13"
93,proposed_c2f_adaptive_pd,9,10,0.9,14,270,0.05185185185185185,11,1,10,640.0,1.0666666666666667,49391.0753863557,1376.7997464693694,0.9090909090909091,7,1,0.0,0.0,0.0,0.0,0.0,0.0,0.0,0.0,0.0,0.0,14820.0,14820.0,0.0,0.0,"13,11,1,4,6,2,9,9,9,12","0:0-13;1:0-11;2:0-1;3:0-4;4:0-6;5:0-2;6:0-9;7:4-11,0-9;8:0-9;9:0-12"
94,proposed_c2f_adaptive_pd,10,10,1.0,16,300,0.05333333333333334,10,0,10,0.0,0.0,17178.88776329048,149.73405858487658,1.0,6,1,0.0,0.0,0.0,0.0,0.0,0.0,0.0,0.0,0.0,0.0,14439.0,14439.0,0.0,0.0,"10,7,9,12,6,12,6,14,5,9",0:0-10;1:0-7;2:0-9;3:0-12;4:7-6;5:1-12;6:12-6;7:0-14;8:0-5;9:0-9
95,proposed_c2f_adaptive_pd,10,10,1.0,13,300,0.043333333333333335,10,0,10,0.0,0.0,228888.742571876,9589.94310583294,1.0,7,1,0.0,0.0,0.0,0.0,0.0,0.0,0.0,0.0,0.0,0.0,9427.0,9427.0,0.0,0.0,"4,4,6,10,11,10,1,0,5,14",0:0-4;1:7-4;2:2-6;3:1-10;4:0-11;5:0-10;6:0-1;7:1-0;8:0-5;9:0-14
96,proposed_c2f_adaptive_pd,10,10,1.0,12,300,0.04,10,1,9,640.0,1.0666666666666667,59386.97047605227,23379.016384006332,1.0,3,1,0.0,0.0,0.0,0.0,0.0,0.0,0.0,0.0,0.0,0.0,14775.0,14775.0,0.0,0.0,"14,3,6,14,13,11,10,7,1,0",0:0-14;1:0-3;2:0-6;3:11-12;4:0-13;5:5-11;6:0-10;7:0-7;8:0-1;9:1-0
97,proposed_c2f_adaptive_pd,10,10,1.0,15,300,0.05,10,0,10,0.0,0.0,21464.281597159777,1710.9993301944246,1.0,0,1,0.0,0.0,0.0,0.0,0.0,0.0,0.0,0.0,0.0,0.0,13739.0,13739.0,0.0,0.0,"9,12,13,7,13,5,5,5,1,13",0:2-9;1:0-12;2:0-13;3:0-7;4:0-13;5:1-5;6:0-5;7:0-5;8:0-1;9:0-13
98,proposed_c2f_adaptive_pd,10,10,1.0,10,300,0.03333333333333333,10,0,10,0.0,0.0,4987.375513766916,344.8907555335778,1.0,8,1,0.0,0.0,0.0,0.0,0.0,0.0,0.0,0.0,0.0,0.0,13277.0,13277.0,0.0,0.0,"1,4,8,10,7,5,0,14,3,3",0:0-1;1:0-4;2:0-8;3:0-10;4:0-7;5:0-5;6:1-0;7:0-14;8:0-3;9:0-3
99,proposed_c2f_adaptive_pd,10,10,1.0,16,300,0.05333333333333334,10,0,10,0.0,0.0,26861.10351090866,8263.367652791942,1.0,3,1,0.0,0.0,0.0,0.0,0.0,0.0,0.0,0.0,0.0,0.0,15125.0,15125.0,0.0,0.0,"13,12,2,13,11,4,11,1,11,14",0:0-13;1:0-12;2:0-2;3:3-13;4:0-11;5:0-4;6:0-11;7:0-1;8:0-11;9:0-14
