trial,arm,p_d,p_fa,belief_objective,truth_objective,belief_worst_pd,truth_worst_pd,truth_mean_pd,n_tx,n_links,n_captured,kappa_db_median,eta_median,eval_kappa_db_median,eval_eta_median,fraction_json,retention_json,eval_fraction_json,eval_retention_json,joint_rounds,accepted_rounds,termination,measure_seconds,capture_aware,redundancy_aware,selection_rcs_factor,selector_strategy,fusion_rule,exact_gaussian_threshold,capability_source,capability_retention_source,risk_polish_swaps,risk_polish_json,risk_secondary_swaps,risk_secondary_json,fusion_pd_polish_json,rho_mean,rho_vector_json,power_policy,history_json,selected_json,selected_eval_json,fusion_nodes_json
30,constant_serial_baseline,0.0,0.03333333333333333,-1.4999943294057936,-1.4999603239886068,0.03696555317511963,0.036965849486658875,0.0448303215629652,6,3,3,0.0,1.0,0.0,1.0,null,null,null,null,0,0,serial,0.0,False,False,1.0,c2f,max_in_rate,False,predicted,predicted_risk,0,[],0,[],"{""before"":[0.03696555317511963,0.048756611868041456,0.04875100294187574],""after"":[0.03696555317511963,0.048756611868041456,0.04875100294187574],""reports_before"":[0,1,1],""reports_after"":[0,1,1],""candidate_evaluations"":15}",0.7999999999999999,"[0.8,0.8,0.8,0.8,0.8,0.8]",uniform,[],"{""0"":[[0,2]],""1"":[[5,1]],""2"":[[2,1]]}","{""0"":[[0,2]],""1"":[[5,1]],""2"":[[2,1]]}","[2,2,2]"
30,constant_joint_baseline,0.0,0.03333333333333333,-1.526449494680005,-1.5251972829650178,0.037366759629216414,0.03825867121026183,0.039533536780124744,3,5,5,0.0,1.0,0.0,1.0,null,null,null,null,1,0,strict_reject,0.0,False,False,1.0,c2f,max_in_rate,False,predicted,predicted_risk,1,"[{""round"":0,""remove_target"":1,""remove_link"":[0,5],""add_target"":0,""add_link"":[0,2],""worst_pd_before"":0.036965610089111645,""worst_pd_after"":0.037366759629216414,""service_before"":0.11809175207931438,""service_after"":0.11797047269148572}]",0,[],"{""before"":[0.040320539364073094,0.037366759629216414,0.04028317369819621],""after"":[0.040320539364073094,0.037366759629216414,0.04028317369819621],""reports_before"":[2,0,0],""reports_after"":[1,0,0],""candidate_evaluations"":9}",0.7999999999999999,"[0.8,0.8,0.8,0.8,0.8,0.8]",uniform,"[{""round"":0,""mask_before"":[0,2,5],""mask_candidate"":[0,2],""objective_before"":-1.526449494680005,""objective_candidate"":-1.5290288778782717,""gain"":-0.0025793831982667825,""accepted"":false,""measure_seconds"":0.0,""reason"":""insufficient_gain""}]","{""0"":[[2,0],[0,2]],""1"":[[2,5]],""2"":[[2,5],[0,5]]}","{""0"":[[2,0],[0,2]],""1"":[[2,5]],""2"":[[2,5],[0,5]]}","[0,5,5]"
30,constant_serial_capture,0.0,0.03333333333333333,-1.4999943626679388,-1.4999603239886068,0.036965552923516616,0.036965849486658875,0.0448303215629652,6,3,3,0.0,1.0,0.0,1.0,null,null,null,null,0,0,serial,0.0,True,False,1.0,c2f,max_in_rate,False,predicted,predicted_risk,0,[],0,[],"{""before"":[0.036965552923516616,0.04875660094036894,0.04875099671145453],""after"":[0.036965552923516616,0.04875660094036894,0.04875099671145453],""reports_before"":[0,1,1],""reports_after"":[0,1,1],""candidate_evaluations"":15}",0.7999999999999999,"[0.8,0.8,0.8,0.8,0.8,0.8]",uniform,[],"{""0"":[[0,2]],""1"":[[5,1]],""2"":[[2,1]]}","{""0"":[[0,2]],""1"":[[5,1]],""2"":[[2,1]]}","[2,2,2]"
30,constant_joint_capture,0.0,0.03333333333333333,-1.526450634851299,-1.5251972829650178,0.03736643581759519,0.03825867121026183,0.039533536780124744,3,5,5,0.0,1.0,0.0,1.0,null,null,null,null,1,0,strict_reject,0.0,True,False,1.0,c2f,max_in_rate,False,predicted,predicted_risk,1,"[{""round"":0,""remove_target"":1,""remove_link"":[0,5],""add_target"":0,""add_link"":[0,2],""worst_pd_before"":0.03696560974145834,""worst_pd_after"":0.03736643581759519,""service_before"":0.11809136472965846,""service_after"":0.11796989275547329}]",0,[],"{""before"":[0.04032053892737626,0.03736643581759519,0.040282918010501836],""after"":[0.04032053892737626,0.03736643581759519,0.040282918010501836],""reports_before"":[2,0,0],""reports_after"":[1,0,0],""candidate_evaluations"":9}",0.7999999999999999,"[0.8,0.8,0.8,0.8,0.8,0.8]",uniform,"[{""round"":0,""mask_before"":[0,2,5],""mask_candidate"":[0,2],""objective_before"":-1.526450634851299,""objective_candidate"":-1.5290289277233162,""gain"":-0.0025782928720172738,""accepted"":false,""measure_seconds"":0.0,""reason"":""insufficient_gain""}]","{""0"":[[2,0],[0,2]],""1"":[[2,5]],""2"":[[2,5],[0,5]]}","{""0"":[[2,0],[0,2]],""1"":[[2,5]],""2"":[[2,5],[0,5]]}","[0,5,5]"
30,constant_serial_redundancy,0.0,0.03333333333333333,-1.505625756655518,-1.5051279917640294,0.03696555317511963,0.036965849486658875,0.04485925770346417,6,5,5,0.0,1.0,0.0,1.0,null,null,null,null,0,0,serial,0.0,False,True,1.0,c2f,max_in_rate,False,predicted,predicted_risk,0,[],0,[],"{""before"":[0.03696555317511963,0.04855568642810862,0.048795842371958414],""after"":[0.03696555317511963,0.04855568642810862,0.048795842371958414],""reports_before"":[0,1,2],""reports_after"":[0,1,2],""candidate_evaluations"":15}",0.7999999999999999,"[0.8,0.8,0.8,0.8,0.8,0.8]",uniform,[],"{""0"":[[0,2]],""1"":[[5,1],[0,2]],""2"":[[2,1],[5,1]]}","{""0"":[[0,2]],""1"":[[5,1],[0,2]],""2"":[[2,1],[5,1]]}","[2,2,2]"
30,constant_joint_redundancy,0.0,0.06666666666666667,-1.5208954971390714,-1.5192667597807228,0.036965610089111645,0.03696601951898085,0.03964473577932016,3,5,5,0.0,1.0,0.0,1.0,null,null,null,null,1,0,strict_reject,0.0,False,True,1.0,c2f,max_in_rate,False,predicted,predicted_risk,0,[],0,[],"{""before"":[0.036965610089111645,0.04084296829200654,0.04028317369819621],""after"":[0.036965610089111645,0.04084296829200654,0.04028317369819621],""reports_before"":[1,0,0],""reports_after"":[0,0,0],""candidate_evaluations"":9}",0.7999999999999999,"[0.8,0.8,0.8,0.8,0.8,0.8]",uniform,"[{""round"":0,""mask_before"":[0,2,5],""mask_candidate"":[0,2],""objective_before"":-1.5208954971390714,""objective_candidate"":-1.5347650966559487,""gain"":-0.013869599516877384,""accepted"":false,""measure_seconds"":0.0,""reason"":""insufficient_gain""}]","{""0"":[[2,0]],""1"":[[2,5],[0,5]],""2"":[[2,5],[0,5]]}","{""0"":[[2,0]],""1"":[[2,5],[0,5]],""2"":[[2,5],[0,5]]}","[0,5,5]"
30,constant_serial_combined,0.0,0.03333333333333333,-1.5056251986017124,-1.5051279917640294,0.036965552923516616,0.036965849486658875,0.04485925770346417,6,5,5,0.0,1.0,0.0,1.0,null,null,null,null,0,0,serial,0.0,True,True,1.0,c2f,max_in_rate,False,predicted,predicted_risk,0,[],0,[],"{""before"":[0.036965552923516616,0.0485559619993146,0.048795859224590225],""after"":[0.036965552923516616,0.0485559619993146,0.048795859224590225],""reports_before"":[0,1,2],""reports_after"":[0,1,2],""candidate_evaluations"":15}",0.7999999999999999,"[0.8,0.8,0.8,0.8,0.8,0.8]",uniform,[],"{""0"":[[0,2]],""1"":[[5,1],[0,2]],""2"":[[2,1],[5,1]]}","{""0"":[[0,2]],""1"":[[5,1],[0,2]],""2"":[[2,1],[5,1]]}","[2,2,2]"
30,constant_joint_combined,0.0,0.06666666666666667,-1.5208962510220885,-1.5192667597807228,0.03696560974145834,0.03696601951898085,0.03964473577932016,3,5,5,0.0,1.0,0.0,1.0,null,null,null,null,1,0,strict_reject,0.0,True,True,1.0,c2f,max_in_rate,False,predicted,predicted_risk,0,[],0,[],"{""before"":[0.03696560974145834,0.040842836977698284,0.040282918010501836],""after"":[0.03696560974145834,0.040842836977698284,0.040282918010501836],""reports_before"":[1,0,0],""reports_after"":[0,0,0],""candidate_evaluations"":9}",0.7999999999999999,"[0.8,0.8,0.8,0.8,0.8,0.8]",uniform,"[{""round"":0,""mask_before"":[0,2,5],""mask_candidate"":[0,2],""objective_before"":-1.5208962510220885,""objective_candidate"":-1.5347668426764849,""gain"":-0.013870591654396414,""accepted"":false,""measure_seconds"":0.0,""reason"":""insufficient_gain""}]","{""0"":[[2,0]],""1"":[[2,5],[0,5]],""2"":[[2,5],[0,5]]}","{""0"":[[2,0]],""1"":[[2,5],[0,5]],""2"":[[2,5],[0,5]]}","[0,5,5]"
30,tpuic_serial_baseline,0.3333333333333333,0.06666666666666667,-0.6407072716230985,-0.20002841360732843,0.07116269077494113,0.16054048530155615,0.4766747193514475,6,9,9,39.011351643986266,0.9782408563409796,40.13435742533531,0.9998572647600683,"[[4.636918494639691e-05,4.8685464358250045e-05,4.8685464358250045e-05],[0.00011189572875791945,0.00011189094747603518,0.00011189774914785074],[4.2230000699150245e-05,4.868709857535535e-05,4.222924320261996e-05],[0.00014091056954802965,0.0001408999506605789,0.00014089913292716357],[0.00040033296883420025,0.00040033296883420025,0.00040033296883420025],[0.0004483619726471292,0.0004483619726471292,0.0004483619726471292]]","[[0.9967325593319044,0.797916241701398,0.9924534152104246],[0.9949330741799867,0.9765033765600003,0.7601100068757286],[0.9900146829353055,0.9312144995857613,0.9355526549056219],[0.9981179509221152,0.9955296539827726,0.9799783361219588],[0.8117373806880892,0.7336575366640068,0.99773658090748],[1.0,0.6945720945310561,0.9648954763209068]]","[[5.079542562131003e-05,5.029443974848454e-05,5.029443974848454e-05],[0.00010142350120449138,0.00010141374230745636,0.0001014287946966193],[2.9369104344583575e-05,2.7240164007833854e-05,2.936086466154057e-05],[9.268974894554032e-05,9.26805414467442e-05,9.26776892649013e-05],[0.00034467217467171044,0.00034467217467171044,0.00034467217467171044],[0.0003226489768153703,0.0003226489768153703,0.0003226489768153703]]","[[0.9999087544767448,0.9994638976628705,0.9998722804708762],[0.9998914906247409,0.9994658792474326,0.9999219578256915],[0.9992249027071938,1.0,0.9995407378672921],[0.9999967689251728,0.9999511778581127,0.9999442801633128],[0.9977564640929801,0.9955052748762809,0.9998422490492604],[1.0,0.9986877318407447,0.9993962917382753]]",0,0,serial,47.186618600040674,False,False,1.0,c2f,max_in_rate,False,predicted,predicted_risk,2,"[{""round"":0,""remove_target"":2,""remove_link"":[5,2],""add_target"":0,""add_link"":[5,0],""worst_pd_before"":0.05801875947430719,""worst_pd_after"":0.06589753229525813,""service_before"":0.7929365015256268,""service_after"":0.7969766443596897},{""round"":1,""remove_target"":2,""remove_link"":[2,0],""add_target"":0,""add_link"":[4,2],""worst_pd_before"":0.06589753229525813,""worst_pd_after"":0.06979936779911204,""service_before"":0.7969766443596897,""service_after"":0.6921320578561964}]",2,"[{""round"":0,""exchange_kind"":""single"",""remove_target"":0,""add_target"":0,""nominal_worst_before"":0.06979936779911204,""nominal_worst_after"":0.07116269077494113,""nominal_objective_before"":-0.7299144068081035,""nominal_objective_after"":-0.7254290228645711,""risk_worst_before"":0.06305936795105467,""risk_worst_after"":0.06413183035957795,""remove_link"":[5,1],""add_link"":[4,0]},{""round"":1,""exchange_kind"":""single"",""remove_target"":1,""add_target"":1,""nominal_worst_before"":0.07116269077494113,""nominal_worst_after"":0.07116269077494113,""nominal_objective_before"":-0.7254290228645711,""nominal_objective_after"":-0.7184692572588288,""risk_worst_before"":0.06413183035957795,""risk_worst_after"":0.06413183035957795,""remove_link"":[0,2],""add_link"":[4,2]}]","{""before"":[0.07116269077494113,0.41751969571734293,0.21561377978441826],""after"":[0.07116269077494113,0.5797648493645263,0.21561377978441826],""reports_before"":[2,2,0],""reports_after"":[2,3,0],""candidate_evaluations"":15}",0.7999999999999999,"[0.8,0.8,0.8,0.8,0.8,0.8]",uniform,[],"{""0"":[[5,2],[5,0],[4,2],[4,0]],""1"":[[5,2],[5,0],[5,1],[4,2]],""2"":[[0,2]]}","{""0"":[[5,2],[5,0],[4,2],[4,0]],""1"":[[5,2],[5,0],[5,1],[4,2]],""2"":[[0,2]]}","[2,0,2]"
30,tpuic_joint_baseline,0.6666666666666666,0.044444444444444446,0.5240776974549012,1.285325905381324,0.3271977775581647,0.48591615938993515,0.8274941739488472,3,15,15,37.10282819465844,0.9947794334550464,37.855606572929815,0.9999230713909457,"[[0.0008259777206644541,0.0009079090148309294,0.0008261047851924329],[9.440210098862632e-05,9.440206684777494e-05,9.440206684777494e-05],[3.462864405346327e-05,3.462864405346327e-05,3.462864405346327e-05],[0.00010328219429956025,0.00010328367394569784,0.00010328219429956025],[0.0004079441476671966,0.0004079441476671966,0.0004079441476671966],[0.0003676230069953784,0.0004624227299449594,0.00036762851471968647]]","[[0.9959275628534895,0.5656142275678848,0.9984524762153852],[0.9942206792629686,0.9662872675913239,0.9756218249924897],[0.9951931522649015,0.8976399695952637,0.999120096366495],[0.9978561162048871,0.9943657146451914,0.9984262506503727],[0.9676546936988748,0.7948588050653667,0.9991368894471774],[0.9998969301667326,0.6561697349251441,0.999468491876682]]","[[0.00034442177502951846,0.0003987461853390755,0.00034536135144556306],[0.00012928692218134617,0.00012928771323698156,0.00012928771323698156],[7.591531186857608e-05,7.591531186857608e-05,7.591531186857608e-05],[7.472815650433871e-05,7.472809673745284e-05,7.472815650433871e-05],[0.0008687637078350982,0.0008687637078350982,0.0008687637078350982],[0.00020764497775686483,0.0003708703762071743,0.00020765215751885274]]","[[0.9999507826057361,1.0,0.9999875316413601],[0.9999352147989531,0.9993812382735913,0.9998927226283604],[0.9993416023843611,1.0,1.0],[0.9999493457612498,0.9999759099800068,0.9997282190503689],[0.9992170553922103,0.995697716984467,0.9997568946786136],[0.9998122962227749,0.9999109279829385,0.9999723954029434]]",1,0,fixed_point,28.91008080006577,False,False,1.0,c2f,max_in_rate,False,predicted,predicted_risk,1,"[{""round"":0,""remove_target"":0,""remove_link"":[5,1],""add_target"":0,""add_link"":[0,5],""worst_pd_before"":0.3259943207673333,""worst_pd_after"":0.3271977775581647,""service_before"":1.5838740357586523,""service_after"":1.5850774925494837}]",0,[],"{""before"":[0.3271977775581647,0.933010316559725,0.4578797149913189],""after"":[0.3271977775581647,0.933010316559725,0.4578797149913189],""reports_before"":[5,1,5],""reports_after"":[4,1,5],""candidate_evaluations"":12}",0.7999999999999999,"[0.8,0.8,0.8,0.8,0.8,0.8]",uniform,"[{""round"":0,""mask_before"":[0,4,5],""mask_candidate"":[0,4,5],""objective_before"":0.5240776974549012,""accepted"":false,""reason"":""fixed_point""}]","{""0"":[[4,5],[5,4],[5,3],[4,3],[5,0],[0,5]],""1"":[[5,3],[5,0],[4,0]],""2"":[[0,2],[4,0],[0,3],[0,1],[4,2],[0,4]]}","{""0"":[[4,5],[5,4],[5,3],[4,3],[5,0],[0,5]],""1"":[[5,3],[5,0],[4,0]],""2"":[[0,2],[4,0],[0,3],[0,1],[4,2],[0,4]]}","[3,0,0]"
30,tpuic_serial_capture,0.3333333333333333,0.06666666666666667,-0.6418418739143623,-0.20002841360732843,0.07110246424239304,0.16054048530155615,0.4766747193514475,6,9,9,39.011351643986266,0.9782408563409796,40.13435742533531,0.9998572647600683,"[[4.636918494639691e-05,4.8685464358250045e-05,4.8685464358250045e-05],[0.00011189572875791945,0.00011189094747603518,0.00011189774914785074],[4.2230000699150245e-05,4.868709857535535e-05,4.222924320261996e-05],[0.00014091056954802965,0.0001408999506605789,0.00014089913292716357],[0.00040033296883420025,0.00040033296883420025,0.00040033296883420025],[0.0004483619726471292,0.0004483619726471292,0.0004483619726471292]]","[[0.9967325593319044,0.797916241701398,0.9924534152104246],[0.9949330741799867,0.9765033765600003,0.7601100068757286],[0.9900146829353055,0.9312144995857613,0.9355526549056219],[0.9981179509221152,0.9955296539827726,0.9799783361219588],[0.8117373806880892,0.7336575366640068,0.99773658090748],[1.0,0.6945720945310561,0.9648954763209068]]","[[5.079542562131003e-05,5.029443974848454e-05,5.029443974848454e-05],[0.00010142350120449138,0.00010141374230745636,0.0001014287946966193],[2.9369104344583575e-05,2.7240164007833854e-05,2.936086466154057e-05],[9.268974894554032e-05,9.26805414467442e-05,9.26776892649013e-05],[0.00034467217467171044,0.00034467217467171044,0.00034467217467171044],[0.0003226489768153703,0.0003226489768153703,0.0003226489768153703]]","[[0.9999087544767448,0.9994638976628705,0.9998722804708762],[0.9998914906247409,0.9994658792474326,0.9999219578256915],[0.9992249027071938,1.0,0.9995407378672921],[0.9999967689251728,0.9999511778581127,0.9999442801633128],[0.9977564640929801,0.9955052748762809,0.9998422490492604],[1.0,0.9986877318407447,0.9993962917382753]]",0,0,serial,0.0,True,False,1.0,c2f,max_in_rate,False,predicted,predicted_risk,2,"[{""round"":0,""remove_target"":2,""remove_link"":[5,2],""add_target"":0,""add_link"":[5,0],""worst_pd_before"":0.057976956585082326,""worst_pd_after"":0.06584433660387748,""service_before"":0.7916807834134083,""service_after"":0.7957170108790529},{""round"":1,""remove_target"":2,""remove_link"":[2,0],""add_target"":0,""add_link"":[4,2],""worst_pd_before"":0.06584433660387748,""worst_pd_after"":0.06974063999870612,""service_before"":0.7957170108790529,""service_after"":0.6911619538286529}]",2,"[{""round"":0,""exchange_kind"":""single"",""remove_target"":0,""add_target"":0,""nominal_worst_before"":0.06974063999870612,""nominal_worst_after"":0.07110246424239304,""nominal_objective_before"":-0.7310437078530762,""nominal_objective_after"":-0.7265661344363651,""risk_worst_before"":0.06301624317132591,""risk_worst_after"":0.064087779177164,""remove_link"":[5,1],""add_link"":[4,0]},{""round"":1,""exchange_kind"":""single"",""remove_target"":1,""add_target"":1,""nominal_worst_before"":0.07110246424239304,""nominal_worst_after"":0.07110246424239304,""nominal_objective_before"":-0.7265661344363651,""nominal_objective_after"":-0.719614356209846,""risk_worst_before"":0.064087779177164,""risk_worst_after"":0.064087779177164,""remove_link"":[0,2],""add_link"":[4,2]}]","{""before"":[0.07110246424239304,0.41709171812258583,0.2151072036026847],""after"":[0.07110246424239304,0.5791410986632664,0.2151072036026847],""reports_before"":[2,2,0],""reports_after"":[2,3,0],""candidate_evaluations"":15}",0.7999999999999999,"[0.8,0.8,0.8,0.8,0.8,0.8]",uniform,[],"{""0"":[[5,2],[5,0],[4,2],[4,0]],""1"":[[5,2],[5,0],[5,1],[4,2]],""2"":[[0,2]]}","{""0"":[[5,2],[5,0],[4,2],[4,0]],""1"":[[5,2],[5,0],[5,1],[4,2]],""2"":[[0,2]]}","[2,0,2]"
30,tpuic_joint_capture,0.6666666666666666,0.044444444444444446,0.5206977476069398,1.285325905381324,0.32647791226476447,0.48591615938993515,0.8274941739488472,3,15,15,37.10282819465844,0.9947794334550464,37.855606572929815,0.9999230713909457,"[[0.0008259777206644541,0.0009079090148309294,0.0008261047851924329],[9.440210098862632e-05,9.440206684777494e-05,9.440206684777494e-05],[3.462864405346327e-05,3.462864405346327e-05,3.462864405346327e-05],[0.00010328219429956025,0.00010328367394569784,0.00010328219429956025],[0.0004079441476671966,0.0004079441476671966,0.0004079441476671966],[0.0003676230069953784,0.0004624227299449594,0.00036762851471968647]]","[[0.9959275628534895,0.5656142275678848,0.9984524762153852],[0.9942206792629686,0.9662872675913239,0.9756218249924897],[0.9951931522649015,0.8976399695952637,0.999120096366495],[0.9978561162048871,0.9943657146451914,0.9984262506503727],[0.9676546936988748,0.7948588050653667,0.9991368894471774],[0.9998969301667326,0.6561697349251441,0.999468491876682]]","[[0.00034442177502951846,0.0003987461853390755,0.00034536135144556306],[0.00012928692218134617,0.00012928771323698156,0.00012928771323698156],[7.591531186857608e-05,7.591531186857608e-05,7.591531186857608e-05],[7.472815650433871e-05,7.472809673745284e-05,7.472815650433871e-05],[0.0008687637078350982,0.0008687637078350982,0.0008687637078350982],[0.00020764497775686483,0.0003708703762071743,0.00020765215751885274]]","[[0.9999507826057361,1.0,0.9999875316413601],[0.9999352147989531,0.9993812382735913,0.9998927226283604],[0.9993416023843611,1.0,1.0],[0.9999493457612498,0.9999759099800068,0.9997282190503689],[0.9992170553922103,0.995697716984467,0.9997568946786136],[0.9998122962227749,0.9999109279829385,0.9999723954029434]]",1,0,fixed_point,0.0,True,False,1.0,c2f,max_in_rate,False,predicted,predicted_risk,1,"[{""round"":0,""remove_target"":0,""remove_link"":[5,1],""add_target"":0,""add_link"":[0,5],""worst_pd_before"":0.3252742100602705,""worst_pd_after"":0.32647791226476447,""service_before"":1.582114106092538,""service_after"":1.583317808297032}]",0,[],"{""before"":[0.32647791226476447,0.9326480060717296,0.4568398960322674],""after"":[0.32647791226476447,0.9326480060717296,0.4568398960322674],""reports_before"":[5,1,5],""reports_after"":[4,1,5],""candidate_evaluations"":12}",0.7999999999999999,"[0.8,0.8,0.8,0.8,0.8,0.8]",uniform,"[{""round"":0,""mask_before"":[0,4,5],""mask_candidate"":[0,4,5],""objective_before"":0.5206977476069398,""accepted"":false,""reason"":""fixed_point""}]","{""0"":[[4,5],[5,4],[5,3],[4,3],[5,0],[0,5]],""1"":[[5,3],[5,0],[4,0]],""2"":[[0,2],[4,0],[0,3],[0,1],[4,2],[0,4]]}","{""0"":[[4,5],[5,4],[5,3],[4,3],[5,0],[0,5]],""1"":[[5,3],[5,0],[4,0]],""2"":[[0,2],[4,0],[0,3],[0,1],[4,2],[0,4]]}","[3,0,0]"
30,tpuic_serial_redundancy,0.6666666666666666,0.044444444444444446,-0.5227042189679545,0.044576705995032,0.07303098867321851,0.20744370925911335,0.5164555998100647,6,9,9,39.011351643986266,0.9782408563409796,40.13435742533531,0.9998572647600683,"[[4.636918494639691e-05,4.8685464358250045e-05,4.8685464358250045e-05],[0.00011189572875791945,0.00011189094747603518,0.00011189774914785074],[4.2230000699150245e-05,4.868709857535535e-05,4.222924320261996e-05],[0.00014091056954802965,0.0001408999506605789,0.00014089913292716357],[0.00040033296883420025,0.00040033296883420025,0.00040033296883420025],[0.0004483619726471292,0.0004483619726471292,0.0004483619726471292]]","[[0.9967325593319044,0.797916241701398,0.9924534152104246],[0.9949330741799867,0.9765033765600003,0.7601100068757286],[0.9900146829353055,0.9312144995857613,0.9355526549056219],[0.9981179509221152,0.9955296539827726,0.9799783361219588],[0.8117373806880892,0.7336575366640068,0.99773658090748],[1.0,0.6945720945310561,0.9648954763209068]]","[[5.079542562131003e-05,5.029443974848454e-05,5.029443974848454e-05],[0.00010142350120449138,0.00010141374230745636,0.0001014287946966193],[2.9369104344583575e-05,2.7240164007833854e-05,2.936086466154057e-05],[9.268974894554032e-05,9.26805414467442e-05,9.26776892649013e-05],[0.00034467217467171044,0.00034467217467171044,0.00034467217467171044],[0.0003226489768153703,0.0003226489768153703,0.0003226489768153703]]","[[0.9999087544767448,0.9994638976628705,0.9998722804708762],[0.9998914906247409,0.9994658792474326,0.9999219578256915],[0.9992249027071938,1.0,0.9995407378672921],[0.9999967689251728,0.9999511778581127,0.9999442801633128],[0.9977564640929801,0.9955052748762809,0.9998422490492604],[1.0,0.9986877318407447,0.9993962917382753]]",0,0,serial,0.0,False,True,1.0,c2f,max_in_rate,False,predicted,predicted_risk,2,"[{""round"":0,""remove_target"":2,""remove_link"":[5,2],""add_target"":0,""add_link"":[5,0],""worst_pd_before"":0.05801875947430719,""worst_pd_after"":0.06589753229525813,""service_before"":0.7929365015256268,""service_after"":0.7969766443596897},{""round"":1,""remove_target"":1,""remove_link"":[0,2],""add_target"":0,""add_link"":[2,0],""worst_pd_before"":0.06589753229525813,""worst_pd_after"":0.06626626184250009,""service_before"":0.7969766443596897,""service_after"":0.7849633954500832}]",0,[],"{""before"":[0.06626626184250009,0.39433693181581747,0.3243602017917656],""after"":[0.07303098867321851,0.5627921830047844,0.3243602017917656],""reports_before"":[3,2,1],""reports_after"":[2,2,1],""candidate_evaluations"":15}",0.7999999999999999,"[0.8,0.8,0.8,0.8,0.8,0.8]",uniform,[],"{""0"":[[5,2],[5,1],[5,0],[2,0]],""1"":[[5,2],[5,0],[5,1]],""2"":[[0,2],[2,0]]}","{""0"":[[5,2],[5,1],[5,0],[2,0]],""1"":[[5,2],[5,0],[5,1]],""2"":[[0,2],[2,0]]}","[0,0,2]"
30,tpuic_joint_redundancy,1.0,0.05555555555555555,0.18161832733180727,2.4243687823348044,0.19088868540013837,0.912798276335172,0.9551695717376525,3,15,15,38.65180246984001,0.9923871315557868,38.067407775632276,0.9999593074205557,"[[2.3331855762772755e-05,2.4930193728765896e-05,2.3331836572413588e-05],[7.298544390073135e-05,7.298543407552598e-05,7.298543407552598e-05],[2.4870166642704502e-05,2.4870166642704502e-05,2.4870166642704502e-05],[0.00025492191665812914,0.000254919614040176,0.00025493262440128293],[0.0004290127075873871,0.0004290127075873871,0.0004290127075873871],[0.0011240417244521386,0.0011240417244521386,0.0008614941822029627]]","[[0.9993698341998071,0.578619701421063,0.9935229550109648],[0.9925810071890049,0.9681379700947993,0.7176556035933049],[0.9921932559225689,0.8687626297099512,0.9999128272803478],[0.9992221976308479,0.9943914239536378,0.979311550175157],[0.7912925387128422,0.8401911297018956,0.998146317990271],[0.9999943315786681,0.3244304459171539,0.9976855006207345]]","[[1.4407446741661872e-05,1.97445171440951e-05,1.4407438890047058e-05],[0.0001560482882121273,0.0001560483649069655,0.0001560483649069655],[6.045023880558663e-06,6.045023880558663e-06,6.045023880558663e-06],[0.00021925065972565227,0.00021925232463624225,0.0002192556203513252],[0.0005858198477335125,0.0005858198477335125,0.0005858198477335125],[0.00029448321656685864,0.00029448321656685864,6.539682790222586e-05]]","[[0.9999364463623228,1.0,0.99981456533823],[0.9999587843700112,0.9994252427986062,0.9999598304711004],[0.9994485803004887,1.0,1.0],[0.9999943764453708,0.9999601365995697,0.9999422724256692],[0.9969151989239962,0.9954503795106624,1.0],[1.0,0.9968953784135174,0.9999955300435731]]",1,0,fixed_point,27.487802900141105,False,True,1.0,c2f,max_in_rate,False,predicted,predicted_risk,2,"[{""round"":0,""remove_target"":0,""remove_link"":[0,5],""add_target"":0,""add_link"":[5,0],""worst_pd_before"":0.18842087926297904,""worst_pd_after"":0.19088868540013837,""service_before"":1.680374749712508,""service_after"":1.6828425558496676},{""round"":1,""remove_target"":2,""remove_link"":[0,5],""add_target"":2,""add_link"":[2,1],""worst_pd_before"":0.19088868540013837,""worst_pd_after"":0.19088868540013837,""service_before"":1.6828425558496676,""service_after"":1.6936513286169474}]",0,[],"{""before"":[0.19088868540013837,0.9271694318075567,0.702762643216809],""after"":[0.19088868540013837,0.9271694318075567,0.702762643216809],""reports_before"":[5,1,5],""reports_after"":[5,1,4],""candidate_evaluations"":6}",0.7999999999999999,"[0.8,0.8,0.8,0.8,0.8,0.8]",uniform,"[{""round"":0,""mask_before"":[0,2,5],""mask_candidate"":[0,2,5],""objective_before"":0.18161832733180727,""accepted"":false,""reason"":""fixed_point""}]","{""0"":[[5,3],[5,4],[2,5],[5,2],[5,1],[5,0]],""1"":[[5,3],[2,5],[0,5]],""2"":[[2,0],[0,2],[2,3],[2,5],[0,3],[2,1]]}","{""0"":[[5,3],[5,4],[2,5],[5,2],[5,1],[5,0]],""1"":[[5,3],[2,5],[0,5]],""2"":[[2,0],[0,2],[2,3],[2,5],[0,3],[2,1]]}","[5,5,3]"
30,tpuic_serial_combined,0.6666666666666666,0.044444444444444446,-0.5239252900561111,0.044576705995032,0.07296068590512488,0.20744370925911335,0.5164555998100647,6,9,9,39.011351643986266,0.9782408563409796,40.13435742533531,0.9998572647600683,"[[4.636918494639691e-05,4.8685464358250045e-05,4.8685464358250045e-05],[0.00011189572875791945,0.00011189094747603518,0.00011189774914785074],[4.2230000699150245e-05,4.868709857535535e-05,4.222924320261996e-05],[0.00014091056954802965,0.0001408999506605789,0.00014089913292716357],[0.00040033296883420025,0.00040033296883420025,0.00040033296883420025],[0.0004483619726471292,0.0004483619726471292,0.0004483619726471292]]","[[0.9967325593319044,0.797916241701398,0.9924534152104246],[0.9949330741799867,0.9765033765600003,0.7601100068757286],[0.9900146829353055,0.9312144995857613,0.9355526549056219],[0.9981179509221152,0.9955296539827726,0.9799783361219588],[0.8117373806880892,0.7336575366640068,0.99773658090748],[1.0,0.6945720945310561,0.9648954763209068]]","[[5.079542562131003e-05,5.029443974848454e-05,5.029443974848454e-05],[0.00010142350120449138,0.00010141374230745636,0.0001014287946966193],[2.9369104344583575e-05,2.7240164007833854e-05,2.936086466154057e-05],[9.268974894554032e-05,9.26805414467442e-05,9.26776892649013e-05],[0.00034467217467171044,0.00034467217467171044,0.00034467217467171044],[0.0003226489768153703,0.0003226489768153703,0.0003226489768153703]]","[[0.9999087544767448,0.9994638976628705,0.9998722804708762],[0.9998914906247409,0.9994658792474326,0.9999219578256915],[0.9992249027071938,1.0,0.9995407378672921],[0.9999967689251728,0.9999511778581127,0.9999442801633128],[0.9977564640929801,0.9955052748762809,0.9998422490492604],[1.0,0.9986877318407447,0.9993962917382753]]",0,0,serial,0.0,True,True,1.0,c2f,max_in_rate,False,predicted,predicted_risk,2,"[{""round"":0,""remove_target"":2,""remove_link"":[5,2],""add_target"":0,""add_link"":[5,0],""worst_pd_before"":0.057976956585082326,""worst_pd_after"":0.06584433660387748,""service_before"":0.7916807834134083,""service_after"":0.7957170108790529},{""round"":1,""remove_target"":1,""remove_link"":[0,2],""add_target"":0,""add_link"":[2,0],""worst_pd_before"":0.06584433660387748,""worst_pd_after"":0.06621273306113365,""service_before"":0.7957170108790529,""service_after"":0.7837381698350363}]",0,[],"{""before"":[0.06621273306113365,0.39396687272598924,0.3235585640479134],""after"":[0.07296068590512488,0.5621980076908915,0.3235585640479134],""reports_before"":[3,2,1],""reports_after"":[2,2,1],""candidate_evaluations"":15}",0.7999999999999999,"[0.8,0.8,0.8,0.8,0.8,0.8]",uniform,[],"{""0"":[[5,2],[5,1],[5,0],[2,0]],""1"":[[5,2],[5,0],[5,1]],""2"":[[0,2],[2,0]]}","{""0"":[[5,2],[5,1],[5,0],[2,0]],""1"":[[5,2],[5,0],[5,1]],""2"":[[0,2],[2,0]]}","[0,0,2]"
30,tpuic_joint_combined,1.0,0.05555555555555555,0.17973424736556004,2.4243687823348044,0.19048084868022291,0.912798276335172,0.9551695717376525,3,15,15,38.65180246984001,0.9923871315557868,38.067407775632276,0.9999593074205557,"[[2.3331855762772755e-05,2.4930193728765896e-05,2.3331836572413588e-05],[7.298544390073135e-05,7.298543407552598e-05,7.298543407552598e-05],[2.4870166642704502e-05,2.4870166642704502e-05,2.4870166642704502e-05],[0.00025492191665812914,0.000254919614040176,0.00025493262440128293],[0.0004290127075873871,0.0004290127075873871,0.0004290127075873871],[0.0011240417244521386,0.0011240417244521386,0.0008614941822029627]]","[[0.9993698341998071,0.578619701421063,0.9935229550109648],[0.9925810071890049,0.9681379700947993,0.7176556035933049],[0.9921932559225689,0.8687626297099512,0.9999128272803478],[0.9992221976308479,0.9943914239536378,0.979311550175157],[0.7912925387128422,0.8401911297018956,0.998146317990271],[0.9999943315786681,0.3244304459171539,0.9976855006207345]]","[[1.4407446741661872e-05,1.97445171440951e-05,1.4407438890047058e-05],[0.0001560482882121273,0.0001560483649069655,0.0001560483649069655],[6.045023880558663e-06,6.045023880558663e-06,6.045023880558663e-06],[0.00021925065972565227,0.00021925232463624225,0.0002192556203513252],[0.0005858198477335125,0.0005858198477335125,0.0005858198477335125],[0.00029448321656685864,0.00029448321656685864,6.539682790222586e-05]]","[[0.9999364463623228,1.0,0.99981456533823],[0.9999587843700112,0.9994252427986062,0.9999598304711004],[0.9994485803004887,1.0,1.0],[0.9999943764453708,0.9999601365995697,0.9999422724256692],[0.9969151989239962,0.9954503795106624,1.0],[1.0,0.9968953784135174,0.9999955300435731]]",1,0,fixed_point,0.0,True,True,1.0,c2f,max_in_rate,False,predicted,predicted_risk,2,"[{""round"":0,""remove_target"":0,""remove_link"":[0,5],""add_target"":0,""add_link"":[5,0],""worst_pd_before"":0.18801950017957253,""worst_pd_after"":0.19048084868022291,""service_before"":1.6787938761212584,""service_after"":1.6812552246219088},{""round"":1,""remove_target"":2,""remove_link"":[0,5],""add_target"":2,""add_link"":[2,1],""worst_pd_before"":0.19048084868022291,""worst_pd_after"":0.19048084868022291,""service_before"":1.6812552246219088,""service_after"":1.6920509699004578}]",0,[],"{""before"":[0.19048084868022291,0.926778458595463,0.7015701212202347],""after"":[0.19048084868022291,0.926778458595463,0.7015701212202347],""reports_before"":[5,1,5],""reports_after"":[5,1,4],""candidate_evaluations"":6}",0.7999999999999999,"[0.8,0.8,0.8,0.8,0.8,0.8]",uniform,"[{""round"":0,""mask_before"":[0,2,5],""mask_candidate"":[0,2,5],""objective_before"":0.17973424736556004,""accepted"":false,""reason"":""fixed_point""}]","{""0"":[[5,3],[5,4],[2,5],[5,2],[5,1],[5,0]],""1"":[[5,3],[2,5],[0,5]],""2"":[[2,0],[0,2],[2,3],[2,5],[0,3],[2,1]]}","{""0"":[[5,3],[5,4],[2,5],[5,2],[5,1],[5,0]],""1"":[[5,3],[2,5],[0,5]],""2"":[[2,0],[0,2],[2,3],[2,5],[0,3],[2,1]]}","[5,5,3]"
31,constant_serial_baseline,0.0,0.044444444444444446,-1.5424603670815435,-1.541968120068179,0.040489548867778336,0.04081140269927795,0.041216553848226894,6,9,9,0.0,1.0,0.0,1.0,null,null,null,null,0,0,serial,0.0,False,False,1.0,c2f,max_in_rate,False,predicted,predicted_risk,2,"[{""round"":0,""remove_target"":0,""remove_link"":[0,1],""add_target"":2,""add_link"":[2,4],""worst_pd_before"":0.038245068981073396,""worst_pd_after"":0.04040696637032854,""service_before"":0.11828986935261321,""service_after"":0.12230032165982441},{""round"":1,""remove_target"":2,""remove_link"":[2,1],""add_target"":0,""add_link"":[3,2],""worst_pd_before"":0.04040696637032854,""worst_pd_after"":0.040489394656257685,""service_before"":0.12230032165982441,""service_after"":0.12339919368882253}]",0,[],"{""before"":[0.04172388393107189,0.04118591510149295,0.040489394656257685],""after"":[0.04172405378178221,0.04118591510149295,0.040489548867778336],""reports_before"":[1,0,1],""reports_after"":[3,0,3],""candidate_evaluations"":15}",0.7999999999999999,"[0.8,0.8,0.8,0.8,0.8,0.8]",uniform,[],"{""0"":[[3,1],[2,1],[3,2]],""1"":[[3,1],[2,1],[0,1]],""2"":[[0,1],[3,1],[2,4]]}","{""0"":[[3,1],[2,1],[3,2]],""1"":[[3,1],[2,1],[0,1]],""2"":[[0,1],[3,1],[2,4]]}","[3,1,5]"
31,constant_joint_baseline,0.0,0.044444444444444446,-1.5283675714865788,-1.517231738546131,0.041042552536906855,0.04057916825932537,0.04365774220788804,3,8,8,0.0,1.0,0.0,1.0,null,null,null,null,1,0,fixed_point,0.0,False,False,1.0,c2f,max_in_rate,False,predicted,predicted_risk,2,"[{""round"":0,""remove_target"":2,""remove_link"":[3,2],""add_target"":1,""add_link"":[3,0],""worst_pd_before"":0.03937588429704434,""worst_pd_after"":0.04102991013569434,""service_before"":0.1219166659051738,""service_after"":0.12360531072933445},{""round"":1,""remove_target"":0,""remove_link"":[3,2],""add_target"":0,""add_link"":[0,4],""worst_pd_before"":0.04102991013569434,""worst_pd_after"":0.041042552536906855,""service_before"":0.12360531072933445,""service_after"":0.12515206499892273}]",0,[],"{""before"":[0.042576664405282634,0.04153284805673324,0.041042552536906855],""after"":[0.042576664405282634,0.04153284805673324,0.041042552536906855],""reports_before"":[2,1,1],""reports_after"":[2,1,1],""candidate_evaluations"":12}",0.7999999999999999,"[0.8,0.8,0.8,0.8,0.8,0.8]",uniform,"[{""round"":0,""mask_before"":[0,2,3],""mask_candidate"":[0,2,3],""objective_before"":-1.5283675714865788,""accepted"":false,""reason"":""fixed_point""}]","{""0"":[[0,2],[3,0],[0,4]],""1"":[[3,2],[0,2],[3,0]],""2"":[[0,2],[2,0]]}","{""0"":[[0,2],[3,0],[0,4]],""1"":[[3,2],[0,2],[3,0]],""2"":[[0,2],[2,0]]}","[2,2,2]"
31,constant_serial_capture,0.0,0.044444444444444446,-1.542457437401116,-1.541968120068179,0.04049170298505674,0.04081140269927795,0.041216553848226894,6,9,9,0.0,1.0,0.0,1.0,null,null,null,null,0,0,serial,0.0,True,False,1.0,c2f,max_in_rate,False,predicted,predicted_risk,2,"[{""round"":0,""remove_target"":0,""remove_link"":[0,1],""add_target"":2,""add_link"":[2,4],""worst_pd_before"":0.03824338432725001,""worst_pd_after"":0.040406551323979224,""service_before"":0.11828670156842644,""service_after"":0.12230164737283822},{""round"":1,""remove_target"":2,""remove_link"":[2,1],""add_target"":0,""add_link"":[3,2],""worst_pd_before"":0.040406551323979224,""worst_pd_after"":0.04049154894938652,""service_before"":0.12230164737283822,""service_after"":0.12340068228753182}]",0,[],"{""before"":[0.04172362344179791,0.04118550989634737,0.04049154894938652],""after"":[0.04172379330364443,0.04118550989634737,0.04049170298505674],""reports_before"":[1,0,1],""reports_after"":[3,0,3],""candidate_evaluations"":15}",0.7999999999999999,"[0.8,0.8,0.8,0.8,0.8,0.8]",uniform,[],"{""0"":[[3,1],[2,1],[3,2]],""1"":[[3,1],[2,1],[0,1]],""2"":[[0,1],[3,1],[2,4]]}","{""0"":[[3,1],[2,1],[3,2]],""1"":[[3,1],[2,1],[0,1]],""2"":[[0,1],[3,1],[2,4]]}","[3,1,5]"
31,constant_joint_capture,0.0,0.044444444444444446,-1.5283708739502122,-1.517231738546131,0.04104193782614017,0.04057916825932537,0.04365774220788804,3,8,8,0.0,1.0,0.0,1.0,null,null,null,null,1,0,fixed_point,0.0,True,False,1.0,c2f,max_in_rate,False,predicted,predicted_risk,2,"[{""round"":0,""remove_target"":2,""remove_link"":[3,2],""add_target"":1,""add_link"":[3,0],""worst_pd_before"":0.039375336841685295,""worst_pd_after"":0.04102909512332559,""service_before"":0.12191458441407005,""service_after"":0.12360368398705751},{""round"":1,""remove_target"":0,""remove_link"":[3,2],""add_target"":0,""add_link"":[0,4],""worst_pd_before"":0.04102909512332559,""worst_pd_after"":0.04104193782614017,""service_before"":0.12360368398705751,""service_after"":0.12515037498988762}]",0,[],"{""before"":[0.042575786126155694,0.04153265103759175,0.04104193782614017],""after"":[0.042575786126155694,0.04153265103759175,0.04104193782614017],""reports_before"":[2,1,1],""reports_after"":[2,1,1],""candidate_evaluations"":12}",0.7999999999999999,"[0.8,0.8,0.8,0.8,0.8,0.8]",uniform,"[{""round"":0,""mask_before"":[0,2,3],""mask_candidate"":[0,2,3],""objective_before"":-1.5283708739502122,""accepted"":false,""reason"":""fixed_point""}]","{""0"":[[0,2],[3,0],[0,4]],""1"":[[3,2],[0,2],[3,0]],""2"":[[0,2],[2,0]]}","{""0"":[[0,2],[3,0],[0,4]],""1"":[[3,2],[0,2],[3,0]],""2"":[[0,2],[2,0]]}","[2,2,2]"
31,constant_serial_redundancy,0.0,0.044444444444444446,-1.5424603670815435,-1.541968120068179,0.040489548867778336,0.04081140269927795,0.041216553848226894,6,9,9,0.0,1.0,0.0,1.0,null,null,null,null,0,0,serial,0.0,False,True,1.0,c2f,max_in_rate,False,predicted,predicted_risk,2,"[{""round"":0,""remove_target"":0,""remove_link"":[0,1],""add_target"":2,""add_link"":[2,4],""worst_pd_before"":0.038245068981073396,""worst_pd_after"":0.04040696637032854,""service_before"":0.11828986935261321,""service_after"":0.12230032165982441},{""round"":1,""remove_target"":2,""remove_link"":[2,1],""add_target"":0,""add_link"":[3,2],""worst_pd_before"":0.04040696637032854,""worst_pd_after"":0.040489394656257685,""service_before"":0.12230032165982441,""service_after"":0.12339919368882253}]",0,[],"{""before"":[0.04172388393107189,0.04118591510149295,0.040489394656257685],""after"":[0.04172405378178221,0.04118591510149295,0.040489548867778336],""reports_before"":[1,0,1],""reports_after"":[3,0,3],""candidate_evaluations"":15}",0.7999999999999999,"[0.8,0.8,0.8,0.8,0.8,0.8]",uniform,[],"{""0"":[[3,1],[2,1],[3,2]],""1"":[[3,1],[2,1],[0,1]],""2"":[[0,1],[3,1],[2,4]]}","{""0"":[[3,1],[2,1],[3,2]],""1"":[[3,1],[2,1],[0,1]],""2"":[[0,1],[3,1],[2,4]]}","[3,1,5]"
31,constant_joint_redundancy,0.0,0.044444444444444446,-1.5283675714865788,-1.517231738546131,0.041042552536906855,0.04057916825932537,0.04365774220788804,3,8,8,0.0,1.0,0.0,1.0,null,null,null,null,1,0,fixed_point,0.0,False,True,1.0,c2f,max_in_rate,False,predicted,predicted_risk,2,"[{""round"":0,""remove_target"":2,""remove_link"":[3,2],""add_target"":1,""add_link"":[3,0],""worst_pd_before"":0.03937588429704434,""worst_pd_after"":0.04102991013569434,""service_before"":0.1219166659051738,""service_after"":0.12360531072933445},{""round"":1,""remove_target"":0,""remove_link"":[3,2],""add_target"":0,""add_link"":[0,4],""worst_pd_before"":0.04102991013569434,""worst_pd_after"":0.041042552536906855,""service_before"":0.12360531072933445,""service_after"":0.12515206499892273}]",0,[],"{""before"":[0.042576664405282634,0.04153284805673324,0.041042552536906855],""after"":[0.042576664405282634,0.04153284805673324,0.041042552536906855],""reports_before"":[2,1,1],""reports_after"":[2,1,1],""candidate_evaluations"":12}",0.7999999999999999,"[0.8,0.8,0.8,0.8,0.8,0.8]",uniform,"[{""round"":0,""mask_before"":[0,2,3],""mask_candidate"":[0,2,3],""objective_before"":-1.5283675714865788,""accepted"":false,""reason"":""fixed_point""}]","{""0"":[[0,2],[3,0],[0,4]],""1"":[[3,2],[0,2],[3,0]],""2"":[[0,2],[2,0]]}","{""0"":[[0,2],[3,0],[0,4]],""1"":[[3,2],[0,2],[3,0]],""2"":[[0,2],[2,0]]}","[2,2,2]"
31,constant_serial_combined,0.0,0.044444444444444446,-1.542457437401116,-1.541968120068179,0.04049170298505674,0.04081140269927795,0.041216553848226894,6,9,9,0.0,1.0,0.0,1.0,null,null,null,null,0,0,serial,0.0,True,True,1.0,c2f,max_in_rate,False,predicted,predicted_risk,2,"[{""round"":0,""remove_target"":0,""remove_link"":[0,1],""add_target"":2,""add_link"":[2,4],""worst_pd_before"":0.03824338432725001,""worst_pd_after"":0.040406551323979224,""service_before"":0.11828670156842644,""service_after"":0.12230164737283822},{""round"":1,""remove_target"":2,""remove_link"":[2,1],""add_target"":0,""add_link"":[3,2],""worst_pd_before"":0.040406551323979224,""worst_pd_after"":0.04049154894938652,""service_before"":0.12230164737283822,""service_after"":0.12340068228753182}]",0,[],"{""before"":[0.04172362344179791,0.04118550989634737,0.04049154894938652],""after"":[0.04172379330364443,0.04118550989634737,0.04049170298505674],""reports_before"":[1,0,1],""reports_after"":[3,0,3],""candidate_evaluations"":15}",0.7999999999999999,"[0.8,0.8,0.8,0.8,0.8,0.8]",uniform,[],"{""0"":[[3,1],[2,1],[3,2]],""1"":[[3,1],[2,1],[0,1]],""2"":[[0,1],[3,1],[2,4]]}","{""0"":[[3,1],[2,1],[3,2]],""1"":[[3,1],[2,1],[0,1]],""2"":[[0,1],[3,1],[2,4]]}","[3,1,5]"
31,constant_joint_combined,0.0,0.044444444444444446,-1.5283708739502122,-1.517231738546131,0.04104193782614017,0.04057916825932537,0.04365774220788804,3,8,8,0.0,1.0,0.0,1.0,null,null,null,null,1,0,fixed_point,0.0,True,True,1.0,c2f,max_in_rate,False,predicted,predicted_risk,2,"[{""round"":0,""remove_target"":2,""remove_link"":[3,2],""add_target"":1,""add_link"":[3,0],""worst_pd_before"":0.039375336841685295,""worst_pd_after"":0.04102909512332559,""service_before"":0.12191458441407005,""service_after"":0.12360368398705751},{""round"":1,""remove_target"":0,""remove_link"":[3,2],""add_target"":0,""add_link"":[0,4],""worst_pd_before"":0.04102909512332559,""worst_pd_after"":0.04104193782614017,""service_before"":0.12360368398705751,""service_after"":0.12515037498988762}]",0,[],"{""before"":[0.042575786126155694,0.04153265103759175,0.04104193782614017],""after"":[0.042575786126155694,0.04153265103759175,0.04104193782614017],""reports_before"":[2,1,1],""reports_after"":[2,1,1],""candidate_evaluations"":12}",0.7999999999999999,"[0.8,0.8,0.8,0.8,0.8,0.8]",uniform,"[{""round"":0,""mask_before"":[0,2,3],""mask_candidate"":[0,2,3],""objective_before"":-1.5283708739502122,""accepted"":false,""reason"":""fixed_point""}]","{""0"":[[0,2],[3,0],[0,4]],""1"":[[3,2],[0,2],[3,0]],""2"":[[0,2],[2,0]]}","{""0"":[[0,2],[3,0],[0,4]],""1"":[[3,2],[0,2],[3,0]],""2"":[[0,2],[2,0]]}","[2,2,2]"
31,tpuic_serial_baseline,0.3333333333333333,0.044444444444444446,-0.1872947015446477,-0.2761998089151349,0.0823993546870748,0.08831503202508532,0.5218942211671053,6,14,13,34.344095547639085,0.9789029001971719,36.44680807422313,0.9984455140413244,"[[0.00040989088547664155,0.0004037907657690085,0.00040989088547664155],[7.197688503598259e-05,7.197688503598259e-05,7.197688503598259e-05],[0.00010794824331865963,0.00010795152506937754,0.00011073983497125007],[0.00039237602201611164,0.0003925138367943682,0.00039237489453705665],[0.0003447304755686094,0.000339399118936278,0.0003447304755686094],[0.0005974910265484268,0.0005974759393044175,0.0005974810628002091]]","[[0.9983520627867273,0.9922000301566539,0.6900193166257665],[0.9977393771735629,0.999535901584481,0.8834580592622165],[0.9928565710285697,0.9984025624380183,0.5421072528267717],[0.9985567207090191,0.8901844916415201,0.8038616860347236],[0.9090383982053647,0.9994005078232073,0.8604950555268128],[0.9992942080299362,0.7727793047748267,0.9656057702376899]]","[[0.00020474127894476812,0.00021356821706224502,0.00020474127894476812],[7.02525601893703e-05,7.02525601893703e-05,7.02525601893703e-05],[6.492305670767508e-05,6.4927592833763e-05,7.056627268787357e-05],[0.0006151590922395711,0.0006152760109448157,0.0006152112057695959],[0.0002777199756005746,0.00024049262520674605,0.0002777199756005746],[0.0007991167157541643,0.0007990254862925023,0.0007991068498511381]]","[[0.9996409774085876,0.9988686692837181,0.9980223587989309],[0.9965826532632841,0.9998928588499548,0.9992902938892971],[0.9935965645392908,0.9993303305922427,0.7386433224780514],[0.999894961530295,0.9968696082904013,0.8668218028490103],[1.0,0.9996804321054737,0.988694440042856],[0.9993732806635764,0.9943322487019169,0.9968290551346949]]",0,0,serial,52.58144870004617,False,False,1.0,c2f,max_in_rate,False,predicted,predicted_risk,1,"[{""round"":0,""remove_target"":1,""remove_link"":[0,1],""add_target"":1,""add_link"":[0,2],""worst_pd_before"":0.08163782604187099,""worst_pd_after"":0.0823993546870748,""service_before"":1.6816378260418712,""service_after"":1.682399354687075}]",0,[],"{""before"":[0.8624590773013268,0.0823993546870748,0.8873366032624949],""after"":[0.8624590773013268,0.0823993546870748,0.8873366032624949],""reports_before"":[1,4,1],""reports_after"":[1,4,1],""candidate_evaluations"":15}",0.7999999999999999,"[0.8,0.8,0.8,0.8,0.8,0.8]",uniform,[],"{""0"":[[0,4],[0,1],[3,1],[2,1]],""1"":[[3,2],[3,1],[3,4],[2,1],[2,4],[0,2]],""2"":[[0,4],[0,1],[3,1],[2,1]]}","{""0"":[[0,4],[0,1],[3,1],[2,1]],""1"":[[3,2],[3,1],[3,4],[2,1],[2,4],[0,2]],""2"":[[0,1],[3,1],[2,1]]}","[1,1,1]"
31,tpuic_joint_baseline,0.3333333333333333,0.07777777777777778,0.09732663030828723,-0.0647964836441984,0.15426544444802145,0.13487531640291958,0.5625264720804896,3,10,10,34.237100044961124,0.9868098867363131,34.88575376160715,0.9991263139794333,"[[0.0003902998980184162,0.0003903003561561577,0.0003902998980184162],[4.914723788329128e-05,4.9041267714544144e-05,4.907599946208498e-05],[0.0004234735893065574,0.00042358689034524197,0.00042334906619826654],[0.00026456420961042104,0.0002638510203845737,0.00026392989196423835],[0.00036399183210975716,0.00036406719959063485,0.0003639998280908359],[0.0004531452690939623,0.0004531434592686525,0.00045317279684140054]]","[[0.9983990124928442,0.9880883645514257,0.5061531995632389],[0.997261730653584,0.9995219092962833,0.9219860176142447],[0.9896220708651234,0.997497089406875,0.3320619776030758],[0.9996812753802248,0.814248940034529,0.8381546495530807],[0.9855314089212006,0.9999358108388406,0.887176885398167],[0.9998988263100808,0.6814393171884994,0.9571949877226616]]","[[0.0004033479423471778,0.00040336264062107576,0.0004033479423471778],[9.019214731210616e-05,9.010133630599962e-05,9.007208665284263e-05],[0.00017756368683829874,0.00017777560287602422,0.00017720945698165814],[0.0005431185680415119,0.0005433544125423522,0.0005429786775341877],[0.0002612845278366232,0.00026131804588934573,0.00026131486061612406],[0.0004429555084050995,0.00044294359141472975,0.0004427789482396718]]","[[0.9997502299790055,0.9999471669677478,0.9995841424262868],[0.997576100522753,0.9999417930540972,0.9971054004150817],[0.9945333267180453,0.9987274865250511,0.41950146685170364],[0.9998861738342502,0.9976387130191023,0.9369756448911876],[0.9995564128323529,0.999857648469831,0.9994594361919108],[0.9992790548853548,0.9989735730735119,0.9975566656560582]]",1,0,fixed_point,39.10780390002765,False,False,1.0,c2f,max_in_rate,False,predicted,predicted_risk,1,"[{""round"":0,""remove_target"":1,""remove_link"":[0,2],""add_target"":1,""add_link"":[3,4],""worst_pd_before"":0.1538169602867266,""worst_pd_after"":0.15426544444802145,""service_before"":1.7538169602867266,""service_after"":1.7542654444480217}]",0,[],"{""before"":[0.9830945823873161,0.15426544444802145,0.9625023149079974],""after"":[0.9830945823873161,0.15426544444802145,0.9625023149079974],""reports_before"":[1,5,1],""reports_after"":[1,4,1],""candidate_evaluations"":13}",0.7999999999999999,"[0.8,0.8,0.8,0.8,0.8,0.8]",uniform,"[{""round"":0,""mask_before"":[0,2,3],""mask_candidate"":[0,2,3],""objective_before"":0.09732663030828723,""accepted"":false,""reason"":""fixed_point""}]","{""0"":[[0,4],[0,2]],""1"":[[3,2],[3,0],[2,3],[0,3],[3,1],[3,4]],""2"":[[0,3],[0,2]]}","{""0"":[[0,4],[0,2]],""1"":[[3,2],[3,0],[2,3],[0,3],[3,1],[3,4]],""2"":[[0,3],[0,2]]}","[2,3,2]"
31,tpuic_serial_capture,0.3333333333333333,0.044444444444444446,-0.18753602833462796,-0.2761998089151349,0.082359005793352,0.08831503202508532,0.5218942211671053,6,14,13,34.344095547639085,0.9789029001971719,36.44680807422313,0.9984455140413244,"[[0.00040989088547664155,0.0004037907657690085,0.00040989088547664155],[7.197688503598259e-05,7.197688503598259e-05,7.197688503598259e-05],[0.00010794824331865963,0.00010795152506937754,0.00011073983497125007],[0.00039237602201611164,0.0003925138367943682,0.00039237489453705665],[0.0003447304755686094,0.000339399118936278,0.0003447304755686094],[0.0005974910265484268,0.0005974759393044175,0.0005974810628002091]]","[[0.9983520627867273,0.9922000301566539,0.6900193166257665],[0.9977393771735629,0.999535901584481,0.8834580592622165],[0.9928565710285697,0.9984025624380183,0.5421072528267717],[0.9985567207090191,0.8901844916415201,0.8038616860347236],[0.9090383982053647,0.9994005078232073,0.8604950555268128],[0.9992942080299362,0.7727793047748267,0.9656057702376899]]","[[0.00020474127894476812,0.00021356821706224502,0.00020474127894476812],[7.02525601893703e-05,7.02525601893703e-05,7.02525601893703e-05],[6.492305670767508e-05,6.4927592833763e-05,7.056627268787357e-05],[0.0006151590922395711,0.0006152760109448157,0.0006152112057695959],[0.0002777199756005746,0.00024049262520674605,0.0002777199756005746],[0.0007991167157541643,0.0007990254862925023,0.0007991068498511381]]","[[0.9996409774085876,0.9988686692837181,0.9980223587989309],[0.9965826532632841,0.9998928588499548,0.9992902938892971],[0.9935965645392908,0.9993303305922427,0.7386433224780514],[0.999894961530295,0.9968696082904013,0.8668218028490103],[1.0,0.9996804321054737,0.988694440042856],[0.9993732806635764,0.9943322487019169,0.9968290551346949]]",0,0,serial,0.0,True,False,1.0,c2f,max_in_rate,False,predicted,predicted_risk,1,"[{""round"":0,""remove_target"":1,""remove_link"":[0,1],""add_target"":1,""add_link"":[0,2],""worst_pd_before"":0.08159749872188983,""worst_pd_after"":0.082359005793352,""service_before"":1.68159749872189,""service_after"":1.682359005793352}]",0,[],"{""before"":[0.8619088516071365,0.082359005793352,0.8868605142360193],""after"":[0.8619088516071365,0.082359005793352,0.8868605142360193],""reports_before"":[1,4,1],""reports_after"":[1,4,1],""candidate_evaluations"":15}",0.7999999999999999,"[0.8,0.8,0.8,0.8,0.8,0.8]",uniform,[],"{""0"":[[0,4],[0,1],[3,1],[2,1]],""1"":[[3,2],[3,1],[3,4],[2,1],[2,4],[0,2]],""2"":[[0,4],[0,1],[3,1],[2,1]]}","{""0"":[[0,4],[0,1],[3,1],[2,1]],""1"":[[3,2],[3,1],[3,4],[2,1],[2,4],[0,2]],""2"":[[0,1],[3,1],[2,1]]}","[1,1,1]"
31,tpuic_joint_capture,0.3333333333333333,0.07777777777777778,0.09678951853787002,-0.0647964836441984,0.15412541082503817,0.13487531640291958,0.5625264720804896,3,10,10,34.237100044961124,0.9868098867363131,34.88575376160715,0.9991263139794333,"[[0.0003902998980184162,0.0003903003561561577,0.0003902998980184162],[4.914723788329128e-05,4.9041267714544144e-05,4.907599946208498e-05],[0.0004234735893065574,0.00042358689034524197,0.00042334906619826654],[0.00026456420961042104,0.0002638510203845737,0.00026392989196423835],[0.00036399183210975716,0.00036406719959063485,0.0003639998280908359],[0.0004531452690939623,0.0004531434592686525,0.00045317279684140054]]","[[0.9983990124928442,0.9880883645514257,0.5061531995632389],[0.997261730653584,0.9995219092962833,0.9219860176142447],[0.9896220708651234,0.997497089406875,0.3320619776030758],[0.9996812753802248,0.814248940034529,0.8381546495530807],[0.9855314089212006,0.9999358108388406,0.887176885398167],[0.9998988263100808,0.6814393171884994,0.9571949877226616]]","[[0.0004033479423471778,0.00040336264062107576,0.0004033479423471778],[9.019214731210616e-05,9.010133630599962e-05,9.007208665284263e-05],[0.00017756368683829874,0.00017777560287602422,0.00017720945698165814],[0.0005431185680415119,0.0005433544125423522,0.0005429786775341877],[0.0002612845278366232,0.00026131804588934573,0.00026131486061612406],[0.0004429555084050995,0.00044294359141472975,0.0004427789482396718]]","[[0.9997502299790055,0.9999471669677478,0.9995841424262868],[0.997576100522753,0.9999417930540972,0.9971054004150817],[0.9945333267180453,0.9987274865250511,0.41950146685170364],[0.9998861738342502,0.9976387130191023,0.9369756448911876],[0.9995564128323529,0.999857648469831,0.9994594361919108],[0.9992790548853548,0.9989735730735119,0.9975566656560582]]",1,0,fixed_point,0.0,True,False,1.0,c2f,max_in_rate,False,predicted,predicted_risk,1,"[{""round"":0,""remove_target"":1,""remove_link"":[0,2],""add_target"":1,""add_link"":[3,4],""worst_pd_before"":0.15368240092514096,""worst_pd_after"":0.15412541082503817,""service_before"":1.753682400925141,""service_after"":1.7541254108250381}]",0,[],"{""before"":[0.982980058348836,0.15412541082503817,0.9622492996225448],""after"":[0.982980058348836,0.15412541082503817,0.9622492996225448],""reports_before"":[1,5,1],""reports_after"":[1,4,1],""candidate_evaluations"":13}",0.7999999999999999,"[0.8,0.8,0.8,0.8,0.8,0.8]",uniform,"[{""round"":0,""mask_before"":[0,2,3],""mask_candidate"":[0,2,3],""objective_before"":0.09678951853787002,""accepted"":false,""reason"":""fixed_point""}]","{""0"":[[0,4],[0,2]],""1"":[[3,2],[3,0],[2,3],[0,3],[3,1],[3,4]],""2"":[[0,3],[0,2]]}","{""0"":[[0,4],[0,2]],""1"":[[3,2],[3,0],[2,3],[0,3],[3,1],[3,4]],""2"":[[0,3],[0,2]]}","[2,3,2]"
31,tpuic_serial_redundancy,0.3333333333333333,0.044444444444444446,-0.1872947015446477,-0.2761998089151349,0.0823993546870748,0.08831503202508532,0.5218942211671053,6,14,13,34.344095547639085,0.9789029001971719,36.44680807422313,0.9984455140413244,"[[0.00040989088547664155,0.0004037907657690085,0.00040989088547664155],[7.197688503598259e-05,7.197688503598259e-05,7.197688503598259e-05],[0.00010794824331865963,0.00010795152506937754,0.00011073983497125007],[0.00039237602201611164,0.0003925138367943682,0.00039237489453705665],[0.0003447304755686094,0.000339399118936278,0.0003447304755686094],[0.0005974910265484268,0.0005974759393044175,0.0005974810628002091]]","[[0.9983520627867273,0.9922000301566539,0.6900193166257665],[0.9977393771735629,0.999535901584481,0.8834580592622165],[0.9928565710285697,0.9984025624380183,0.5421072528267717],[0.9985567207090191,0.8901844916415201,0.8038616860347236],[0.9090383982053647,0.9994005078232073,0.8604950555268128],[0.9992942080299362,0.7727793047748267,0.9656057702376899]]","[[0.00020474127894476812,0.00021356821706224502,0.00020474127894476812],[7.02525601893703e-05,7.02525601893703e-05,7.02525601893703e-05],[6.492305670767508e-05,6.4927592833763e-05,7.056627268787357e-05],[0.0006151590922395711,0.0006152760109448157,0.0006152112057695959],[0.0002777199756005746,0.00024049262520674605,0.0002777199756005746],[0.0007991167157541643,0.0007990254862925023,0.0007991068498511381]]","[[0.9996409774085876,0.9988686692837181,0.9980223587989309],[0.9965826532632841,0.9998928588499548,0.9992902938892971],[0.9935965645392908,0.9993303305922427,0.7386433224780514],[0.999894961530295,0.9968696082904013,0.8668218028490103],[1.0,0.9996804321054737,0.988694440042856],[0.9993732806635764,0.9943322487019169,0.9968290551346949]]",0,0,serial,0.0,False,True,1.0,c2f,max_in_rate,False,predicted,predicted_risk,1,"[{""round"":0,""remove_target"":1,""remove_link"":[0,1],""add_target"":1,""add_link"":[0,2],""worst_pd_before"":0.08163782604187099,""worst_pd_after"":0.0823993546870748,""service_before"":1.6816378260418712,""service_after"":1.682399354687075}]",0,[],"{""before"":[0.8624590773013268,0.0823993546870748,0.8873366032624949],""after"":[0.8624590773013268,0.0823993546870748,0.8873366032624949],""reports_before"":[1,4,1],""reports_after"":[1,4,1],""candidate_evaluations"":15}",0.7999999999999999,"[0.8,0.8,0.8,0.8,0.8,0.8]",uniform,[],"{""0"":[[0,4],[0,1],[3,1],[2,1]],""1"":[[3,2],[3,1],[3,4],[2,1],[2,4],[0,2]],""2"":[[0,4],[0,1],[3,1],[2,1]]}","{""0"":[[0,4],[0,1],[3,1],[2,1]],""1"":[[3,2],[3,1],[3,4],[2,1],[2,4],[0,2]],""2"":[[0,1],[3,1],[2,1]]}","[1,1,1]"
31,tpuic_joint_redundancy,0.3333333333333333,0.07777777777777778,0.09732663030828723,-0.0647964836441984,0.15426544444802145,0.13487531640291958,0.5625264720804896,3,10,10,34.237100044961124,0.9868098867363131,34.88575376160715,0.9991263139794333,"[[0.0003902998980184162,0.0003903003561561577,0.0003902998980184162],[4.914723788329128e-05,4.9041267714544144e-05,4.907599946208498e-05],[0.0004234735893065574,0.00042358689034524197,0.00042334906619826654],[0.00026456420961042104,0.0002638510203845737,0.00026392989196423835],[0.00036399183210975716,0.00036406719959063485,0.0003639998280908359],[0.0004531452690939623,0.0004531434592686525,0.00045317279684140054]]","[[0.9983990124928442,0.9880883645514257,0.5061531995632389],[0.997261730653584,0.9995219092962833,0.9219860176142447],[0.9896220708651234,0.997497089406875,0.3320619776030758],[0.9996812753802248,0.814248940034529,0.8381546495530807],[0.9855314089212006,0.9999358108388406,0.887176885398167],[0.9998988263100808,0.6814393171884994,0.9571949877226616]]","[[0.0004033479423471778,0.00040336264062107576,0.0004033479423471778],[9.019214731210616e-05,9.010133630599962e-05,9.007208665284263e-05],[0.00017756368683829874,0.00017777560287602422,0.00017720945698165814],[0.0005431185680415119,0.0005433544125423522,0.0005429786775341877],[0.0002612845278366232,0.00026131804588934573,0.00026131486061612406],[0.0004429555084050995,0.00044294359141472975,0.0004427789482396718]]","[[0.9997502299790055,0.9999471669677478,0.9995841424262868],[0.997576100522753,0.9999417930540972,0.9971054004150817],[0.9945333267180453,0.9987274865250511,0.41950146685170364],[0.9998861738342502,0.9976387130191023,0.9369756448911876],[0.9995564128323529,0.999857648469831,0.9994594361919108],[0.9992790548853548,0.9989735730735119,0.9975566656560582]]",1,0,fixed_point,0.0,False,True,1.0,c2f,max_in_rate,False,predicted,predicted_risk,1,"[{""round"":0,""remove_target"":1,""remove_link"":[0,2],""add_target"":1,""add_link"":[3,4],""worst_pd_before"":0.1538169602867266,""worst_pd_after"":0.15426544444802145,""service_before"":1.7538169602867266,""service_after"":1.7542654444480217}]",0,[],"{""before"":[0.9830945823873161,0.15426544444802145,0.9625023149079974],""after"":[0.9830945823873161,0.15426544444802145,0.9625023149079974],""reports_before"":[1,5,1],""reports_after"":[1,4,1],""candidate_evaluations"":13}",0.7999999999999999,"[0.8,0.8,0.8,0.8,0.8,0.8]",uniform,"[{""round"":0,""mask_before"":[0,2,3],""mask_candidate"":[0,2,3],""objective_before"":0.09732663030828723,""accepted"":false,""reason"":""fixed_point""}]","{""0"":[[0,4],[0,2]],""1"":[[3,2],[3,0],[2,3],[0,3],[3,1],[3,4]],""2"":[[0,3],[0,2]]}","{""0"":[[0,4],[0,2]],""1"":[[3,2],[3,0],[2,3],[0,3],[3,1],[3,4]],""2"":[[0,3],[0,2]]}","[2,3,2]"
31,tpuic_serial_combined,0.3333333333333333,0.044444444444444446,-0.18753602833462796,-0.2761998089151349,0.082359005793352,0.08831503202508532,0.5218942211671053,6,14,13,34.344095547639085,0.9789029001971719,36.44680807422313,0.9984455140413244,"[[0.00040989088547664155,0.0004037907657690085,0.00040989088547664155],[7.197688503598259e-05,7.197688503598259e-05,7.197688503598259e-05],[0.00010794824331865963,0.00010795152506937754,0.00011073983497125007],[0.00039237602201611164,0.0003925138367943682,0.00039237489453705665],[0.0003447304755686094,0.000339399118936278,0.0003447304755686094],[0.0005974910265484268,0.0005974759393044175,0.0005974810628002091]]","[[0.9983520627867273,0.9922000301566539,0.6900193166257665],[0.9977393771735629,0.999535901584481,0.8834580592622165],[0.9928565710285697,0.9984025624380183,0.5421072528267717],[0.9985567207090191,0.8901844916415201,0.8038616860347236],[0.9090383982053647,0.9994005078232073,0.8604950555268128],[0.9992942080299362,0.7727793047748267,0.9656057702376899]]","[[0.00020474127894476812,0.00021356821706224502,0.00020474127894476812],[7.02525601893703e-05,7.02525601893703e-05,7.02525601893703e-05],[6.492305670767508e-05,6.4927592833763e-05,7.056627268787357e-05],[0.0006151590922395711,0.0006152760109448157,0.0006152112057695959],[0.0002777199756005746,0.00024049262520674605,0.0002777199756005746],[0.0007991167157541643,0.0007990254862925023,0.0007991068498511381]]","[[0.9996409774085876,0.9988686692837181,0.9980223587989309],[0.9965826532632841,0.9998928588499548,0.9992902938892971],[0.9935965645392908,0.9993303305922427,0.7386433224780514],[0.999894961530295,0.9968696082904013,0.8668218028490103],[1.0,0.9996804321054737,0.988694440042856],[0.9993732806635764,0.9943322487019169,0.9968290551346949]]",0,0,serial,0.0,True,True,1.0,c2f,max_in_rate,False,predicted,predicted_risk,1,"[{""round"":0,""remove_target"":1,""remove_link"":[0,1],""add_target"":1,""add_link"":[0,2],""worst_pd_before"":0.08159749872188983,""worst_pd_after"":0.082359005793352,""service_before"":1.68159749872189,""service_after"":1.682359005793352}]",0,[],"{""before"":[0.8619088516071365,0.082359005793352,0.8868605142360193],""after"":[0.8619088516071365,0.082359005793352,0.8868605142360193],""reports_before"":[1,4,1],""reports_after"":[1,4,1],""candidate_evaluations"":15}",0.7999999999999999,"[0.8,0.8,0.8,0.8,0.8,0.8]",uniform,[],"{""0"":[[0,4],[0,1],[3,1],[2,1]],""1"":[[3,2],[3,1],[3,4],[2,1],[2,4],[0,2]],""2"":[[0,4],[0,1],[3,1],[2,1]]}","{""0"":[[0,4],[0,1],[3,1],[2,1]],""1"":[[3,2],[3,1],[3,4],[2,1],[2,4],[0,2]],""2"":[[0,1],[3,1],[2,1]]}","[1,1,1]"
31,tpuic_joint_combined,0.3333333333333333,0.07777777777777778,0.09678951853787002,-0.0647964836441984,0.15412541082503817,0.13487531640291958,0.5625264720804896,3,10,10,34.237100044961124,0.9868098867363131,34.88575376160715,0.9991263139794333,"[[0.0003902998980184162,0.0003903003561561577,0.0003902998980184162],[4.914723788329128e-05,4.9041267714544144e-05,4.907599946208498e-05],[0.0004234735893065574,0.00042358689034524197,0.00042334906619826654],[0.00026456420961042104,0.0002638510203845737,0.00026392989196423835],[0.00036399183210975716,0.00036406719959063485,0.0003639998280908359],[0.0004531452690939623,0.0004531434592686525,0.00045317279684140054]]","[[0.9983990124928442,0.9880883645514257,0.5061531995632389],[0.997261730653584,0.9995219092962833,0.9219860176142447],[0.9896220708651234,0.997497089406875,0.3320619776030758],[0.9996812753802248,0.814248940034529,0.8381546495530807],[0.9855314089212006,0.9999358108388406,0.887176885398167],[0.9998988263100808,0.6814393171884994,0.9571949877226616]]","[[0.0004033479423471778,0.00040336264062107576,0.0004033479423471778],[9.019214731210616e-05,9.010133630599962e-05,9.007208665284263e-05],[0.00017756368683829874,0.00017777560287602422,0.00017720945698165814],[0.0005431185680415119,0.0005433544125423522,0.0005429786775341877],[0.0002612845278366232,0.00026131804588934573,0.00026131486061612406],[0.0004429555084050995,0.00044294359141472975,0.0004427789482396718]]","[[0.9997502299790055,0.9999471669677478,0.9995841424262868],[0.997576100522753,0.9999417930540972,0.9971054004150817],[0.9945333267180453,0.9987274865250511,0.41950146685170364],[0.9998861738342502,0.9976387130191023,0.9369756448911876],[0.9995564128323529,0.999857648469831,0.9994594361919108],[0.9992790548853548,0.9989735730735119,0.9975566656560582]]",1,0,fixed_point,0.0,True,True,1.0,c2f,max_in_rate,False,predicted,predicted_risk,1,"[{""round"":0,""remove_target"":1,""remove_link"":[0,2],""add_target"":1,""add_link"":[3,4],""worst_pd_before"":0.15368240092514096,""worst_pd_after"":0.15412541082503817,""service_before"":1.753682400925141,""service_after"":1.7541254108250381}]",0,[],"{""before"":[0.982980058348836,0.15412541082503817,0.9622492996225448],""after"":[0.982980058348836,0.15412541082503817,0.9622492996225448],""reports_before"":[1,5,1],""reports_after"":[1,4,1],""candidate_evaluations"":13}",0.7999999999999999,"[0.8,0.8,0.8,0.8,0.8,0.8]",uniform,"[{""round"":0,""mask_before"":[0,2,3],""mask_candidate"":[0,2,3],""objective_before"":0.09678951853787002,""accepted"":false,""reason"":""fixed_point""}]","{""0"":[[0,4],[0,2]],""1"":[[3,2],[3,0],[2,3],[0,3],[3,1],[3,4]],""2"":[[0,3],[0,2]]}","{""0"":[[0,4],[0,2]],""1"":[[3,2],[3,0],[2,3],[0,3],[3,1],[3,4]],""2"":[[0,3],[0,2]]}","[2,3,2]"
32,constant_serial_baseline,0.0,0.022222222222222223,-1.5059915452645374,-1.5060126317977418,0.040457106785023574,0.040395336471280775,0.04649365670219532,6,7,7,0.0,1.0,0.0,1.0,null,null,null,null,0,0,serial,0.0,False,False,1.0,c2f,max_in_rate,False,predicted,predicted_risk,1,"[{""round"":0,""remove_target"":1,""remove_link"":[0,2],""add_target"":2,""add_link"":[5,4],""worst_pd_before"":0.03696560418883615,""worst_pd_after"":0.04038827797901734,""service_before"":0.11877905832726512,""service_after"":0.1213852382856673}]",0,[],"{""before"":[0.040539853521626396,0.04038827797901734,0.040457106785023574],""after"":[0.049527155128986866,0.04950441201158965,0.040457106785023574],""reports_before"":[0,0,2],""reports_after"":[3,2,0],""candidate_evaluations"":9}",0.7999999999999999,"[0.8,0.8,0.8,0.8,0.8,0.8]",uniform,[],"{""0"":[[5,2],[4,2],[0,2]],""1"":[[5,2],[4,2]],""2"":[[0,4],[5,4]]}","{""0"":[[5,2],[4,2],[0,2]],""1"":[[5,2],[4,2]],""2"":[[0,4],[5,4]]}","[5,5,4]"
32,constant_joint_baseline,0.0,0.011111111111111112,-1.4866963831973448,-1.4867613015979881,0.04869032916662044,0.04869322374818461,0.04881991168162924,3,4,4,0.0,1.0,0.0,1.0,null,null,null,null,1,0,fixed_point,0.0,False,False,1.0,c2f,max_in_rate,False,predicted,predicted_risk,2,"[{""round"":0,""remove_target"":0,""remove_link"":[0,4],""add_target"":2,""add_link"":[0,2],""worst_pd_before"":0.04868413541310451,""worst_pd_after"":0.04869032916662044,""service_before"":0.1461166021210089,""service_after"":0.1464920814311649},{""round"":1,""remove_target"":2,""remove_link"":[5,2],""add_target"":2,""add_link"":[4,2],""worst_pd_before"":0.04869032916662044,""worst_pd_after"":0.04869032916662044,""service_before"":0.1464920814311649,""service_after"":0.14649302434072448}]",0,[],"{""before"":[0.04873670795339964,0.04869032916662044,0.04906598722070442],""after"":[0.04873670795339964,0.04869032916662044,0.04906598722070442],""reports_before"":[1,1,2],""reports_after"":[1,1,2],""candidate_evaluations"":12}",0.7999999999999999,"[0.8,0.8,0.8,0.8,0.8,0.8]",uniform,"[{""round"":0,""mask_before"":[0,4,5],""mask_candidate"":[0,4,5],""objective_before"":-1.4866963831973448,""accepted"":false,""reason"":""fixed_point""}]","{""0"":[[5,2]],""1"":[[0,2]],""2"":[[0,2],[4,2]]}","{""0"":[[5,2]],""1"":[[0,2]],""2"":[[0,2],[4,2]]}","[4,4,4]"
32,constant_serial_capture,0.0,0.022222222222222223,-1.5059915988647439,-1.5060126317977418,0.04045710922276875,0.040395336471280775,0.04649365670219532,6,7,7,0.0,1.0,0.0,1.0,null,null,null,null,0,0,serial,0.0,True,False,1.0,c2f,max_in_rate,False,predicted,predicted_risk,1,"[{""round"":0,""remove_target"":1,""remove_link"":[0,2],""add_target"":2,""add_link"":[5,4],""worst_pd_before"":0.03696560377317412,""worst_pd_after"":0.040388283793678065,""service_before"":0.11877823190104023,""service_after"":0.12138534896733393}]",0,[],"{""before"":[0.0405399559508871,0.040388283793678065,0.04045710922276875],""after"":[0.0495271283735061,0.049504408241924105,0.04045710922276875],""reports_before"":[0,0,2],""reports_after"":[3,2,0],""candidate_evaluations"":9}",0.7999999999999999,"[0.8,0.8,0.8,0.8,0.8,0.8]",uniform,[],"{""0"":[[5,2],[4,2],[0,2]],""1"":[[5,2],[4,2]],""2"":[[0,4],[5,4]]}","{""0"":[[5,2],[4,2],[0,2]],""1"":[[5,2],[4,2]],""2"":[[0,4],[5,4]]}","[5,5,4]"
32,constant_joint_capture,0.0,0.011111111111111112,-1.4866966826364487,-1.4867613015979881,0.04869031154374527,0.04869322374818461,0.04881991168162924,3,4,4,0.0,1.0,0.0,1.0,null,null,null,null,1,0,fixed_point,0.0,True,False,1.0,c2f,max_in_rate,False,predicted,predicted_risk,2,"[{""round"":0,""remove_target"":0,""remove_link"":[0,4],""add_target"":2,""add_link"":[0,2],""worst_pd_before"":0.04868412858845265,""worst_pd_after"":0.04869031154374527,""service_before"":0.1461164643190365,""service_after"":0.1464919649508972},{""round"":1,""remove_target"":2,""remove_link"":[5,2],""add_target"":2,""add_link"":[4,2],""worst_pd_before"":0.04869031154374527,""worst_pd_after"":0.04869031154374527,""service_before"":0.1464919649508972,""service_after"":0.14649287071564512}]",0,[],"{""before"":[0.0487365949402526,0.04869031154374527,0.04906596423164725],""after"":[0.0487365949402526,0.04869031154374527,0.04906596423164725],""reports_before"":[1,1,2],""reports_after"":[1,1,2],""candidate_evaluations"":12}",0.7999999999999999,"[0.8,0.8,0.8,0.8,0.8,0.8]",uniform,"[{""round"":0,""mask_before"":[0,4,5],""mask_candidate"":[0,4,5],""objective_before"":-1.4866966826364487,""accepted"":false,""reason"":""fixed_point""}]","{""0"":[[5,2]],""1"":[[0,2]],""2"":[[0,2],[4,2]]}","{""0"":[[5,2]],""1"":[[0,2]],""2"":[[0,2],[4,2]]}","[4,4,4]"
32,constant_serial_redundancy,0.0,0.022222222222222223,-1.5059915452645374,-1.5060126317977418,0.040457106785023574,0.040395336471280775,0.04649365670219532,6,7,7,0.0,1.0,0.0,1.0,null,null,null,null,0,0,serial,0.0,False,True,1.0,c2f,max_in_rate,False,predicted,predicted_risk,1,"[{""round"":0,""remove_target"":1,""remove_link"":[0,2],""add_target"":2,""add_link"":[5,4],""worst_pd_before"":0.03696560418883615,""worst_pd_after"":0.04038827797901734,""service_before"":0.11877905832726512,""service_after"":0.1213852382856673}]",0,[],"{""before"":[0.040539853521626396,0.04038827797901734,0.040457106785023574],""after"":[0.049527155128986866,0.04950441201158965,0.040457106785023574],""reports_before"":[0,0,2],""reports_after"":[3,2,0],""candidate_evaluations"":9}",0.7999999999999999,"[0.8,0.8,0.8,0.8,0.8,0.8]",uniform,[],"{""0"":[[5,2],[4,2],[0,2]],""1"":[[5,2],[4,2]],""2"":[[0,4],[5,4]]}","{""0"":[[5,2],[4,2],[0,2]],""1"":[[5,2],[4,2]],""2"":[[0,4],[5,4]]}","[5,5,4]"
32,constant_joint_redundancy,0.0,0.03333333333333333,-1.4882253282854838,-1.489472507335228,0.04828228666032055,0.047778880944200595,0.048356574478868826,3,5,5,0.0,1.0,0.0,1.0,null,null,null,null,1,0,fixed_point,0.0,False,True,1.0,c2f,max_in_rate,False,predicted,predicted_risk,0,[],0,[],"{""before"":[0.04874213754128396,0.04828228666032055,0.04868413541310451],""after"":[0.04874213754128396,0.04828228666032055,0.04868413541310451],""reports_before"":[1,2,1],""reports_after"":[1,2,1],""candidate_evaluations"":12}",0.7999999999999999,"[0.8,0.8,0.8,0.8,0.8,0.8]",uniform,"[{""round"":0,""mask_before"":[0,4,5],""mask_candidate"":[0,4,5],""objective_before"":-1.4882253282854838,""accepted"":false,""reason"":""fixed_point""}]","{""0"":[[5,2],[0,4]],""1"":[[0,2],[4,3]],""2"":[[5,2]]}","{""0"":[[5,2],[0,4]],""1"":[[0,2],[4,3]],""2"":[[5,2]]}","[4,4,4]"
32,constant_serial_combined,0.0,0.022222222222222223,-1.5059915988647439,-1.5060126317977418,0.04045710922276875,0.040395336471280775,0.04649365670219532,6,7,7,0.0,1.0,0.0,1.0,null,null,null,null,0,0,serial,0.0,True,True,1.0,c2f,max_in_rate,False,predicted,predicted_risk,1,"[{""round"":0,""remove_target"":1,""remove_link"":[0,2],""add_target"":2,""add_link"":[5,4],""worst_pd_before"":0.03696560377317412,""worst_pd_after"":0.040388283793678065,""service_before"":0.11877823190104023,""service_after"":0.12138534896733393}]",0,[],"{""before"":[0.0405399559508871,0.040388283793678065,0.04045710922276875],""after"":[0.0495271283735061,0.049504408241924105,0.04045710922276875],""reports_before"":[0,0,2],""reports_after"":[3,2,0],""candidate_evaluations"":9}",0.7999999999999999,"[0.8,0.8,0.8,0.8,0.8,0.8]",uniform,[],"{""0"":[[5,2],[4,2],[0,2]],""1"":[[5,2],[4,2]],""2"":[[0,4],[5,4]]}","{""0"":[[5,2],[4,2],[0,2]],""1"":[[5,2],[4,2]],""2"":[[0,4],[5,4]]}","[5,5,4]"
32,constant_joint_combined,0.0,0.03333333333333333,-1.4882251171680394,-1.489472507335228,0.04828251468036541,0.047778880944200595,0.048356574478868826,3,5,5,0.0,1.0,0.0,1.0,null,null,null,null,1,0,fixed_point,0.0,True,True,1.0,c2f,max_in_rate,False,predicted,predicted_risk,0,[],0,[],"{""before"":[0.04874202418683857,0.04828251468036541,0.04868412858845265],""after"":[0.04874202418683857,0.04828251468036541,0.04868412858845265],""reports_before"":[1,2,1],""reports_after"":[1,2,1],""candidate_evaluations"":12}",0.7999999999999999,"[0.8,0.8,0.8,0.8,0.8,0.8]",uniform,"[{""round"":0,""mask_before"":[0,4,5],""mask_candidate"":[0,4,5],""objective_before"":-1.4882251171680394,""accepted"":false,""reason"":""fixed_point""}]","{""0"":[[5,2],[0,4]],""1"":[[0,2],[4,3]],""2"":[[5,2]]}","{""0"":[[5,2],[0,4]],""1"":[[0,2],[4,3]],""2"":[[5,2]]}","[4,4,4]"
32,tpuic_serial_baseline,0.3333333333333333,0.0,-1.0878258609591516,-0.9706150940576161,0.05265303991147398,0.08563292009927832,0.16874732488772395,6,15,15,37.591824640314286,0.9919982112312346,37.82985029051025,0.9999338376689506,"[[0.00036308712526341043,0.000363034967394174,0.000363034967394174],[8.382412897396499e-05,8.382412897396499e-05,8.382412897396499e-05],[0.0007920835370370531,0.0007920835370370531,0.0007921424627266435],[0.00025414045461983324,0.0002541446173346501,0.00025414045461983324],[7.357448075195644e-05,7.357431460216231e-05,7.357431460216231e-05],[0.00011927825295377549,0.00011927825295377549,0.00011927825295377549]]","[[0.9929614714485157,0.9054963792673014,0.9991935680255722],[0.9987913437774647,0.9996152122936777,0.9993250680244848],[0.9532019899857189,0.9813622861403033,0.9985339297052789],[0.8919564465860742,0.8483109024577854,0.9991472403687958],[0.9353525393297464,0.9804256482194659,0.9994885904975739],[0.9910349510139534,0.9682012108873005,0.9995991302111977]]","[[0.0002883070265776563,0.0002881731059291508,0.0002881731059291508],[0.00013028480085926187,0.00013028480085926187,0.00013028480085926187],[0.000336803991786509,0.000336803991786509,0.0003369222024527107],[0.00020853683492591733,0.00020851446515147723,0.00020853683492591733],[5.4751762448429084e-05,5.475189854243045e-05,5.475189854243045e-05],[8.05554324404607e-05,8.05554324404607e-05,8.05554324404607e-05]]","[[0.9999944692163296,0.9841490688583471,0.9999799763559419],[0.9999985125578531,0.9999931053543764,0.9992443532386429],[0.9999943313116468,0.9941898836042641,0.9998446023215384],[0.9999611201301142,0.9993553779690221,0.9997883264223484],[0.9999926337003984,0.9991580061029454,0.9999523872486151],[0.9999990006610675,0.9995538848943989,0.9999152880892862]]",0,0,serial,59.40364999999292,False,False,1.0,c2f,max_in_rate,False,predicted,predicted_risk,2,"[{""round"":0,""remove_target"":1,""remove_link"":[0,2],""add_target"":2,""add_link"":[2,0],""worst_pd_before"":0.04919102972598685,""worst_pd_after"":0.051165426425056955,""service_before"":0.4577339512943912,""service_after"":0.4568554781474548},{""round"":1,""remove_target"":1,""remove_link"":[0,3],""add_target"":2,""add_link"":[2,4],""worst_pd_before"":0.051165426425056955,""worst_pd_after"":0.05264780940555509,""service_before"":0.4568554781474548,""service_after"":0.45417017624647177}]",0,[],"{""before"":[0.29816697550024196,0.10335539134067473,0.05264780940555509],""after"":[0.29816697550024196,0.10335539134067473,0.05265303991147398],""reports_before"":[4,4,3],""reports_after"":[4,3,5],""candidate_evaluations"":9}",0.7999999999999999,"[0.8,0.8,0.8,0.8,0.8,0.8]",uniform,[],"{""0"":[[2,5],[5,2],[5,4],[2,4],[5,1],[0,2]],""1"":[[0,5],[0,4],[5,0],[0,1]],""2"":[[5,2],[0,2],[2,5],[2,0],[2,4]]}","{""0"":[[2,5],[5,2],[5,4],[2,4],[5,1],[0,2]],""1"":[[0,5],[0,4],[5,0],[0,1]],""2"":[[5,2],[0,2],[2,5],[2,0],[2,4]]}","[2,0,3]"
32,tpuic_joint_baseline,0.3333333333333333,0.044444444444444446,-0.7477801285749534,-0.43388430828813696,0.0626032569035083,0.12988345768650228,0.3463152238380179,3,16,16,34.82930105992568,0.9963300066079744,38.278566908287786,0.9999440251439387,"[[0.00039908709528578416,0.0003990770071651025,0.00039926245520656174],[0.0001052333910695919,0.0001052333910695919,0.0001052339835271152],[0.0008752171278476584,0.0008752171278476584,0.0008752171278476584],[0.0005249623096115492,0.0005249586517436168,0.0005249793562811189],[0.00011989143430624859,0.00011989040968524225,0.00011989208446044044],[0.00027107101465523824,0.0002710475416093381,0.0002710507997146263]]","[[0.9943603287996331,0.9924164128352247,0.998460133167099],[0.9987984910767852,0.9997380533671429,0.9995696268794413],[0.9982996844163158,0.9701355155359138,0.9994179156122975],[0.844030861548707,0.8967989883514773,0.9994549083880749],[0.9137966991129586,0.9928107898423612,0.999472569388323],[0.9819735532693705,0.9912476334102409,0.9995828816691344]]","[[0.00015955865777640913,0.00015947202402667558,0.00015957634302063192],[5.8952761253941686e-05,5.8952761253941686e-05,5.895259704015601e-05],[0.0007156071563392375,0.0007156071563392375,0.0007156071563392375],[0.00019506973168109933,0.00019504616499893033,0.0001951346731910241],[9.409086208591328e-05,9.40897573164154e-05,9.40949743558587e-05],[0.00013854859052289434,0.00013850638488713702,0.00013851479596847845]]","[[0.9999924389439663,0.9653001402572177,0.9999809976467569],[0.9999984732931513,0.999989268001984,0.9995117033805588],[0.9999889620036571,0.9798121657328162,0.9999610187683204],[0.9998921338229952,0.9998114586021212,0.999927031519557],[0.9999927883214654,0.9994282515502707,0.999888586560877],[0.9999997025788095,0.999868275671118,0.9999757929733029]]",1,0,fixed_point,40.0871023000218,False,False,1.0,c2f,max_in_rate,False,predicted,predicted_risk,2,"[{""round"":0,""remove_target"":1,""remove_link"":[2,5],""add_target"":2,""add_link"":[5,0],""worst_pd_before"":0.061130304640892044,""worst_pd_after"":0.0626032569035083,""service_before"":0.8249350390473746,""service_after"":0.823377333782718},{""round"":1,""remove_target"":1,""remove_link"":[0,3],""add_target"":0,""add_link"":[5,4],""worst_pd_before"":0.0626032569035083,""worst_pd_after"":0.0626032569035083,""service_before"":0.823377333782718,""service_after"":0.8412740995989513}]",0,[],"{""before"":[0.6017738122868609,0.176897030408582,0.0626032569035083],""after"":[0.6017738122868609,0.176897030408582,0.0626032569035083],""reports_before"":[4,3,4],""reports_after"":[4,3,4],""candidate_evaluations"":13}",0.7999999999999999,"[0.8,0.8,0.8,0.8,0.8,0.8]",uniform,"[{""round"":0,""mask_before"":[0,2,5],""mask_candidate"":[0,2,5],""objective_before"":-0.7477801285749534,""accepted"":false,""reason"":""fixed_point""}]","{""0"":[[2,5],[5,2],[0,5],[2,4],[5,0],[5,4]],""1"":[[0,5],[5,0],[0,4],[0,1]],""2"":[[2,5],[5,2],[0,5],[0,2],[2,0],[5,0]]}","{""0"":[[2,5],[5,2],[0,5],[2,4],[5,0],[5,4]],""1"":[[0,5],[5,0],[0,4],[0,1]],""2"":[[2,5],[5,2],[0,5],[0,2],[2,0],[5,0]]}","[5,5,5]"
32,tpuic_serial_capture,0.3333333333333333,0.0,-1.0887971285792606,-0.9706150940576161,0.05263296478151423,0.08563292009927832,0.16874732488772395,6,15,15,37.591824640314286,0.9919982112312346,37.82985029051025,0.9999338376689506,"[[0.00036308712526341043,0.000363034967394174,0.000363034967394174],[8.382412897396499e-05,8.382412897396499e-05,8.382412897396499e-05],[0.0007920835370370531,0.0007920835370370531,0.0007921424627266435],[0.00025414045461983324,0.0002541446173346501,0.00025414045461983324],[7.357448075195644e-05,7.357431460216231e-05,7.357431460216231e-05],[0.00011927825295377549,0.00011927825295377549,0.00011927825295377549]]","[[0.9929614714485157,0.9054963792673014,0.9991935680255722],[0.9987913437774647,0.9996152122936777,0.9993250680244848],[0.9532019899857189,0.9813622861403033,0.9985339297052789],[0.8919564465860742,0.8483109024577854,0.9991472403687958],[0.9353525393297464,0.9804256482194659,0.9994885904975739],[0.9910349510139534,0.9682012108873005,0.9995991302111977]]","[[0.0002883070265776563,0.0002881731059291508,0.0002881731059291508],[0.00013028480085926187,0.00013028480085926187,0.00013028480085926187],[0.000336803991786509,0.000336803991786509,0.0003369222024527107],[0.00020853683492591733,0.00020851446515147723,0.00020853683492591733],[5.4751762448429084e-05,5.475189854243045e-05,5.475189854243045e-05],[8.05554324404607e-05,8.05554324404607e-05,8.05554324404607e-05]]","[[0.9999944692163296,0.9841490688583471,0.9999799763559419],[0.9999985125578531,0.9999931053543764,0.9992443532386429],[0.9999943313116468,0.9941898836042641,0.9998446023215384],[0.9999611201301142,0.9993553779690221,0.9997883264223484],[0.9999926337003984,0.9991580061029454,0.9999523872486151],[0.9999990006610675,0.9995538848943989,0.9999152880892862]]",0,0,serial,0.0,True,False,1.0,c2f,max_in_rate,False,predicted,predicted_risk,2,"[{""round"":0,""remove_target"":1,""remove_link"":[0,2],""add_target"":2,""add_link"":[2,0],""worst_pd_before"":0.04917499580680517,""worst_pd_after"":0.05114765703251868,""service_before"":0.45679959995024233,""service_after"":0.4559267230489092},{""round"":1,""remove_target"":1,""remove_link"":[0,3],""add_target"":2,""add_link"":[2,4],""worst_pd_before"":0.05114765703251868,""worst_pd_after"":0.05262771843125919,""service_before"":0.4559267230489092,""service_after"":0.4532487333932039}]",0,[],"{""before"":[0.29740807443020223,0.10321294053174243,0.05262771843125919],""after"":[0.29740807443020223,0.10321294053174243,0.05263296478151423],""reports_before"":[4,4,3],""reports_after"":[4,3,5],""candidate_evaluations"":9}",0.7999999999999999,"[0.8,0.8,0.8,0.8,0.8,0.8]",uniform,[],"{""0"":[[2,5],[5,2],[5,4],[2,4],[5,1],[0,2]],""1"":[[0,5],[0,4],[5,0],[0,1]],""2"":[[5,2],[0,2],[2,5],[2,0],[2,4]]}","{""0"":[[2,5],[5,2],[5,4],[2,4],[5,1],[0,2]],""1"":[[0,5],[0,4],[5,0],[0,1]],""2"":[[5,2],[0,2],[2,5],[2,0],[2,4]]}","[2,0,3]"
32,tpuic_joint_capture,0.3333333333333333,0.044444444444444446,-0.7489256402403994,-0.43388430828813696,0.06256025252089595,0.12988345768650228,0.3463152238380179,3,16,16,34.82930105992568,0.9963300066079744,38.278566908287786,0.9999440251439387,"[[0.00039908709528578416,0.0003990770071651025,0.00039926245520656174],[0.0001052333910695919,0.0001052333910695919,0.0001052339835271152],[0.0008752171278476584,0.0008752171278476584,0.0008752171278476584],[0.0005249623096115492,0.0005249586517436168,0.0005249793562811189],[0.00011989143430624859,0.00011989040968524225,0.00011989208446044044],[0.00027107101465523824,0.0002710475416093381,0.0002710507997146263]]","[[0.9943603287996331,0.9924164128352247,0.998460133167099],[0.9987984910767852,0.9997380533671429,0.9995696268794413],[0.9982996844163158,0.9701355155359138,0.9994179156122975],[0.844030861548707,0.8967989883514773,0.9994549083880749],[0.9137966991129586,0.9928107898423612,0.999472569388323],[0.9819735532693705,0.9912476334102409,0.9995828816691344]]","[[0.00015955865777640913,0.00015947202402667558,0.00015957634302063192],[5.8952761253941686e-05,5.8952761253941686e-05,5.895259704015601e-05],[0.0007156071563392375,0.0007156071563392375,0.0007156071563392375],[0.00019506973168109933,0.00019504616499893033,0.0001951346731910241],[9.409086208591328e-05,9.40897573164154e-05,9.40949743558587e-05],[0.00013854859052289434,0.00013850638488713702,0.00013851479596847845]]","[[0.9999924389439663,0.9653001402572177,0.9999809976467569],[0.9999984732931513,0.999989268001984,0.9995117033805588],[0.9999889620036571,0.9798121657328162,0.9999610187683204],[0.9998921338229952,0.9998114586021212,0.999927031519557],[0.9999927883214654,0.9994282515502707,0.999888586560877],[0.9999997025788095,0.999868275671118,0.9999757929733029]]",1,0,fixed_point,0.0,True,False,1.0,c2f,max_in_rate,False,predicted,predicted_risk,2,"[{""round"":0,""remove_target"":1,""remove_link"":[2,5],""add_target"":2,""add_link"":[5,0],""worst_pd_before"":0.06108975938160153,""worst_pd_after"":0.06256025252089595,""service_before"":0.8232903153077513,""service_after"":0.8217409784864658},{""round"":1,""remove_target"":1,""remove_link"":[0,3],""add_target"":0,""add_link"":[5,4],""worst_pd_before"":0.06256025252089595,""worst_pd_after"":0.06256025252089595,""service_before"":0.8217409784864658,""service_after"":0.8396196403868301}]",0,[],"{""before"":[0.6005066611950884,0.17655272667084573,0.06256025252089595],""after"":[0.6005066611950884,0.17655272667084573,0.06256025252089595],""reports_before"":[4,3,4],""reports_after"":[4,3,4],""candidate_evaluations"":13}",0.7999999999999999,"[0.8,0.8,0.8,0.8,0.8,0.8]",uniform,"[{""round"":0,""mask_before"":[0,2,5],""mask_candidate"":[0,2,5],""objective_before"":-0.7489256402403994,""accepted"":false,""reason"":""fixed_point""}]","{""0"":[[2,5],[5,2],[0,5],[2,4],[5,0],[5,4]],""1"":[[0,5],[5,0],[0,4],[0,1]],""2"":[[2,5],[5,2],[0,5],[0,2],[2,0],[5,0]]}","{""0"":[[2,5],[5,2],[0,5],[2,4],[5,0],[5,4]],""1"":[[0,5],[5,0],[0,4],[0,1]],""2"":[[2,5],[5,2],[0,5],[0,2],[2,0],[5,0]]}","[5,5,5]"
32,tpuic_serial_redundancy,0.3333333333333333,0.0,-1.0878258609591516,-0.9706150940576161,0.05265303991147398,0.08563292009927832,0.16874732488772395,6,15,15,37.591824640314286,0.9919982112312346,37.82985029051025,0.9999338376689506,"[[0.00036308712526341043,0.000363034967394174,0.000363034967394174],[8.382412897396499e-05,8.382412897396499e-05,8.382412897396499e-05],[0.0007920835370370531,0.0007920835370370531,0.0007921424627266435],[0.00025414045461983324,0.0002541446173346501,0.00025414045461983324],[7.357448075195644e-05,7.357431460216231e-05,7.357431460216231e-05],[0.00011927825295377549,0.00011927825295377549,0.00011927825295377549]]","[[0.9929614714485157,0.9054963792673014,0.9991935680255722],[0.9987913437774647,0.9996152122936777,0.9993250680244848],[0.9532019899857189,0.9813622861403033,0.9985339297052789],[0.8919564465860742,0.8483109024577854,0.9991472403687958],[0.9353525393297464,0.9804256482194659,0.9994885904975739],[0.9910349510139534,0.9682012108873005,0.9995991302111977]]","[[0.0002883070265776563,0.0002881731059291508,0.0002881731059291508],[0.00013028480085926187,0.00013028480085926187,0.00013028480085926187],[0.000336803991786509,0.000336803991786509,0.0003369222024527107],[0.00020853683492591733,0.00020851446515147723,0.00020853683492591733],[5.4751762448429084e-05,5.475189854243045e-05,5.475189854243045e-05],[8.05554324404607e-05,8.05554324404607e-05,8.05554324404607e-05]]","[[0.9999944692163296,0.9841490688583471,0.9999799763559419],[0.9999985125578531,0.9999931053543764,0.9992443532386429],[0.9999943313116468,0.9941898836042641,0.9998446023215384],[0.9999611201301142,0.9993553779690221,0.9997883264223484],[0.9999926337003984,0.9991580061029454,0.9999523872486151],[0.9999990006610675,0.9995538848943989,0.9999152880892862]]",0,0,serial,0.0,False,True,1.0,c2f,max_in_rate,False,predicted,predicted_risk,2,"[{""round"":0,""remove_target"":1,""remove_link"":[0,2],""add_target"":2,""add_link"":[2,0],""worst_pd_before"":0.04919102972598685,""worst_pd_after"":0.051165426425056955,""service_before"":0.4577339512943912,""service_after"":0.4568554781474548},{""round"":1,""remove_target"":1,""remove_link"":[0,3],""add_target"":2,""add_link"":[2,4],""worst_pd_before"":0.051165426425056955,""worst_pd_after"":0.05264780940555509,""service_before"":0.4568554781474548,""service_after"":0.45417017624647177}]",0,[],"{""before"":[0.29816697550024196,0.10335539134067473,0.05264780940555509],""after"":[0.29816697550024196,0.10335539134067473,0.05265303991147398],""reports_before"":[4,4,3],""reports_after"":[4,3,5],""candidate_evaluations"":9}",0.7999999999999999,"[0.8,0.8,0.8,0.8,0.8,0.8]",uniform,[],"{""0"":[[2,5],[5,2],[5,4],[2,4],[5,1],[0,2]],""1"":[[0,5],[0,4],[5,0],[0,1]],""2"":[[5,2],[0,2],[2,5],[2,0],[2,4]]}","{""0"":[[2,5],[5,2],[5,4],[2,4],[5,1],[0,2]],""1"":[[0,5],[0,4],[5,0],[0,1]],""2"":[[5,2],[0,2],[2,5],[2,0],[2,4]]}","[2,0,3]"
32,tpuic_joint_redundancy,0.3333333333333333,0.044444444444444446,-0.7477801285749534,-0.43388430828813696,0.0626032569035083,0.12988345768650228,0.3463152238380179,3,16,16,34.82930105992568,0.9963300066079744,38.278566908287786,0.9999440251439387,"[[0.00039908709528578416,0.0003990770071651025,0.00039926245520656174],[0.0001052333910695919,0.0001052333910695919,0.0001052339835271152],[0.0008752171278476584,0.0008752171278476584,0.0008752171278476584],[0.0005249623096115492,0.0005249586517436168,0.0005249793562811189],[0.00011989143430624859,0.00011989040968524225,0.00011989208446044044],[0.00027107101465523824,0.0002710475416093381,0.0002710507997146263]]","[[0.9943603287996331,0.9924164128352247,0.998460133167099],[0.9987984910767852,0.9997380533671429,0.9995696268794413],[0.9982996844163158,0.9701355155359138,0.9994179156122975],[0.844030861548707,0.8967989883514773,0.9994549083880749],[0.9137966991129586,0.9928107898423612,0.999472569388323],[0.9819735532693705,0.9912476334102409,0.9995828816691344]]","[[0.00015955865777640913,0.00015947202402667558,0.00015957634302063192],[5.8952761253941686e-05,5.8952761253941686e-05,5.895259704015601e-05],[0.0007156071563392375,0.0007156071563392375,0.0007156071563392375],[0.00019506973168109933,0.00019504616499893033,0.0001951346731910241],[9.409086208591328e-05,9.40897573164154e-05,9.40949743558587e-05],[0.00013854859052289434,0.00013850638488713702,0.00013851479596847845]]","[[0.9999924389439663,0.9653001402572177,0.9999809976467569],[0.9999984732931513,0.999989268001984,0.9995117033805588],[0.9999889620036571,0.9798121657328162,0.9999610187683204],[0.9998921338229952,0.9998114586021212,0.999927031519557],[0.9999927883214654,0.9994282515502707,0.999888586560877],[0.9999997025788095,0.999868275671118,0.9999757929733029]]",1,0,fixed_point,0.0,False,True,1.0,c2f,max_in_rate,False,predicted,predicted_risk,2,"[{""round"":0,""remove_target"":1,""remove_link"":[2,5],""add_target"":2,""add_link"":[5,0],""worst_pd_before"":0.061130304640892044,""worst_pd_after"":0.0626032569035083,""service_before"":0.8249350390473746,""service_after"":0.823377333782718},{""round"":1,""remove_target"":1,""remove_link"":[0,3],""add_target"":0,""add_link"":[5,4],""worst_pd_before"":0.0626032569035083,""worst_pd_after"":0.0626032569035083,""service_before"":0.823377333782718,""service_after"":0.8412740995989513}]",0,[],"{""before"":[0.6017738122868609,0.176897030408582,0.0626032569035083],""after"":[0.6017738122868609,0.176897030408582,0.0626032569035083],""reports_before"":[4,3,4],""reports_after"":[4,3,4],""candidate_evaluations"":13}",0.7999999999999999,"[0.8,0.8,0.8,0.8,0.8,0.8]",uniform,"[{""round"":0,""mask_before"":[0,2,5],""mask_candidate"":[0,2,5],""objective_before"":-0.7477801285749534,""accepted"":false,""reason"":""fixed_point""}]","{""0"":[[2,5],[5,2],[0,5],[2,4],[5,0],[5,4]],""1"":[[0,5],[5,0],[0,4],[0,1]],""2"":[[2,5],[5,2],[0,5],[0,2],[2,0],[5,0]]}","{""0"":[[2,5],[5,2],[0,5],[2,4],[5,0],[5,4]],""1"":[[0,5],[5,0],[0,4],[0,1]],""2"":[[2,5],[5,2],[0,5],[0,2],[2,0],[5,0]]}","[5,5,5]"
32,tpuic_serial_combined,0.3333333333333333,0.0,-1.0887971285792606,-0.9706150940576161,0.05263296478151423,0.08563292009927832,0.16874732488772395,6,15,15,37.591824640314286,0.9919982112312346,37.82985029051025,0.9999338376689506,"[[0.00036308712526341043,0.000363034967394174,0.000363034967394174],[8.382412897396499e-05,8.382412897396499e-05,8.382412897396499e-05],[0.0007920835370370531,0.0007920835370370531,0.0007921424627266435],[0.00025414045461983324,0.0002541446173346501,0.00025414045461983324],[7.357448075195644e-05,7.357431460216231e-05,7.357431460216231e-05],[0.00011927825295377549,0.00011927825295377549,0.00011927825295377549]]","[[0.9929614714485157,0.9054963792673014,0.9991935680255722],[0.9987913437774647,0.9996152122936777,0.9993250680244848],[0.9532019899857189,0.9813622861403033,0.9985339297052789],[0.8919564465860742,0.8483109024577854,0.9991472403687958],[0.9353525393297464,0.9804256482194659,0.9994885904975739],[0.9910349510139534,0.9682012108873005,0.9995991302111977]]","[[0.0002883070265776563,0.0002881731059291508,0.0002881731059291508],[0.00013028480085926187,0.00013028480085926187,0.00013028480085926187],[0.000336803991786509,0.000336803991786509,0.0003369222024527107],[0.00020853683492591733,0.00020851446515147723,0.00020853683492591733],[5.4751762448429084e-05,5.475189854243045e-05,5.475189854243045e-05],[8.05554324404607e-05,8.05554324404607e-05,8.05554324404607e-05]]","[[0.9999944692163296,0.9841490688583471,0.9999799763559419],[0.9999985125578531,0.9999931053543764,0.9992443532386429],[0.9999943313116468,0.9941898836042641,0.9998446023215384],[0.9999611201301142,0.9993553779690221,0.9997883264223484],[0.9999926337003984,0.9991580061029454,0.9999523872486151],[0.9999990006610675,0.9995538848943989,0.9999152880892862]]",0,0,serial,0.0,True,True,1.0,c2f,max_in_rate,False,predicted,predicted_risk,2,"[{""round"":0,""remove_target"":1,""remove_link"":[0,2],""add_target"":2,""add_link"":[2,0],""worst_pd_before"":0.04917499580680517,""worst_pd_after"":0.05114765703251868,""service_before"":0.45679959995024233,""service_after"":0.4559267230489092},{""round"":1,""remove_target"":1,""remove_link"":[0,3],""add_target"":2,""add_link"":[2,4],""worst_pd_before"":0.05114765703251868,""worst_pd_after"":0.05262771843125919,""service_before"":0.4559267230489092,""service_after"":0.4532487333932039}]",0,[],"{""before"":[0.29740807443020223,0.10321294053174243,0.05262771843125919],""after"":[0.29740807443020223,0.10321294053174243,0.05263296478151423],""reports_before"":[4,4,3],""reports_after"":[4,3,5],""candidate_evaluations"":9}",0.7999999999999999,"[0.8,0.8,0.8,0.8,0.8,0.8]",uniform,[],"{""0"":[[2,5],[5,2],[5,4],[2,4],[5,1],[0,2]],""1"":[[0,5],[0,4],[5,0],[0,1]],""2"":[[5,2],[0,2],[2,5],[2,0],[2,4]]}","{""0"":[[2,5],[5,2],[5,4],[2,4],[5,1],[0,2]],""1"":[[0,5],[0,4],[5,0],[0,1]],""2"":[[5,2],[0,2],[2,5],[2,0],[2,4]]}","[2,0,3]"
32,tpuic_joint_combined,0.3333333333333333,0.044444444444444446,-0.7489256402403994,-0.43388430828813696,0.06256025252089595,0.12988345768650228,0.3463152238380179,3,16,16,34.82930105992568,0.9963300066079744,38.278566908287786,0.9999440251439387,"[[0.00039908709528578416,0.0003990770071651025,0.00039926245520656174],[0.0001052333910695919,0.0001052333910695919,0.0001052339835271152],[0.0008752171278476584,0.0008752171278476584,0.0008752171278476584],[0.0005249623096115492,0.0005249586517436168,0.0005249793562811189],[0.00011989143430624859,0.00011989040968524225,0.00011989208446044044],[0.00027107101465523824,0.0002710475416093381,0.0002710507997146263]]","[[0.9943603287996331,0.9924164128352247,0.998460133167099],[0.9987984910767852,0.9997380533671429,0.9995696268794413],[0.9982996844163158,0.9701355155359138,0.9994179156122975],[0.844030861548707,0.8967989883514773,0.9994549083880749],[0.9137966991129586,0.9928107898423612,0.999472569388323],[0.9819735532693705,0.9912476334102409,0.9995828816691344]]","[[0.00015955865777640913,0.00015947202402667558,0.00015957634302063192],[5.8952761253941686e-05,5.8952761253941686e-05,5.895259704015601e-05],[0.0007156071563392375,0.0007156071563392375,0.0007156071563392375],[0.00019506973168109933,0.00019504616499893033,0.0001951346731910241],[9.409086208591328e-05,9.40897573164154e-05,9.40949743558587e-05],[0.00013854859052289434,0.00013850638488713702,0.00013851479596847845]]","[[0.9999924389439663,0.9653001402572177,0.9999809976467569],[0.9999984732931513,0.999989268001984,0.9995117033805588],[0.9999889620036571,0.9798121657328162,0.9999610187683204],[0.9998921338229952,0.9998114586021212,0.999927031519557],[0.9999927883214654,0.9994282515502707,0.999888586560877],[0.9999997025788095,0.999868275671118,0.9999757929733029]]",1,0,fixed_point,0.0,True,True,1.0,c2f,max_in_rate,False,predicted,predicted_risk,2,"[{""round"":0,""remove_target"":1,""remove_link"":[2,5],""add_target"":2,""add_link"":[5,0],""worst_pd_before"":0.06108975938160153,""worst_pd_after"":0.06256025252089595,""service_before"":0.8232903153077513,""service_after"":0.8217409784864658},{""round"":1,""remove_target"":1,""remove_link"":[0,3],""add_target"":0,""add_link"":[5,4],""worst_pd_before"":0.06256025252089595,""worst_pd_after"":0.06256025252089595,""service_before"":0.8217409784864658,""service_after"":0.8396196403868301}]",0,[],"{""before"":[0.6005066611950884,0.17655272667084573,0.06256025252089595],""after"":[0.6005066611950884,0.17655272667084573,0.06256025252089595],""reports_before"":[4,3,4],""reports_after"":[4,3,4],""candidate_evaluations"":13}",0.7999999999999999,"[0.8,0.8,0.8,0.8,0.8,0.8]",uniform,"[{""round"":0,""mask_before"":[0,2,5],""mask_candidate"":[0,2,5],""objective_before"":-0.7489256402403994,""accepted"":false,""reason"":""fixed_point""}]","{""0"":[[2,5],[5,2],[0,5],[2,4],[5,0],[5,4]],""1"":[[0,5],[5,0],[0,4],[0,1]],""2"":[[2,5],[5,2],[0,5],[0,2],[2,0],[5,0]]}","{""0"":[[2,5],[5,2],[0,5],[2,4],[5,0],[5,4]],""1"":[[0,5],[5,0],[0,4],[0,1]],""2"":[[2,5],[5,2],[0,5],[0,2],[2,0],[5,0]]}","[5,5,5]"
