condition,trial,seed,pd_before,pd_after,pfa_before,pfa_after,reports_before,reports_after,report_lower_bound,already_at_count_bound,changed_targets,candidate_pd_evaluations,min_predicted_pd_change,fine_evaluations_before,fine_evaluations_after
nominal,0,2026,1.0,1.0,0.05,0.05,0,0,0,1,0,0,0.0,56.0,56.0
nominal,1,2026,1.0,1.0,0.03333333333333333,0.03333333333333333,0,0,0,1,0,0,0.0,56.0,56.0
nominal,2,2026,1.0,1.0,0.07,0.07,0,0,0,1,0,0,0.0,59.0,59.0
nominal,3,2026,1.0,1.0,0.043333333333333335,0.043333333333333335,3,3,3,1,0,0,0.0,60.0,60.0
nominal,4,2026,1.0,1.0,0.04666666666666667,0.04666666666666667,0,0,0,1,0,0,0.0,55.0,55.0
nominal,5,2026,0.9,0.9,0.043333333333333335,0.043333333333333335,0,0,0,1,0,0,0.0,55.0,55.0
nominal,6,2026,1.0,1.0,0.04666666666666667,0.04666666666666667,0,0,0,1,0,0,0.0,57.0,57.0
nominal,7,2026,1.0,1.0,0.04666666666666667,0.04666666666666667,0,0,0,1,0,0,0.0,56.0,56.0
nominal,8,2026,1.0,1.0,0.07333333333333333,0.07333333333333333,0,0,0,1,0,0,0.0,63.0,63.0
nominal,9,2026,0.9,0.9,0.04666666666666667,0.04666666666666667,0,0,0,1,0,0,0.0,55.0,55.0
nominal,10,2026,1.0,1.0,0.03666666666666667,0.03666666666666667,1,1,1,1,0,0,0.0,60.0,60.0
nominal,11,2026,1.0,1.0,0.043333333333333335,0.043333333333333335,0,0,0,1,0,0,0.0,55.0,55.0
nominal,12,2026,1.0,1.0,0.06,0.06,0,0,0,1,0,0,0.0,61.0,61.0
nominal,13,2026,1.0,1.0,0.04666666666666667,0.04666666666666667,3,3,3,1,0,0,0.0,67.0,67.0
nominal,14,2026,1.0,1.0,0.05,0.05,0,0,0,1,0,0,0.0,55.0,55.0
nominal,15,2026,1.0,1.0,0.056666666666666664,0.056666666666666664,0,0,0,1,0,0,0.0,55.0,55.0
nominal,16,2026,0.9,0.9,0.04,0.04,0,0,0,1,0,0,0.0,56.0,56.0
nominal,17,2026,1.0,1.0,0.04666666666666667,0.04666666666666667,0,0,0,1,0,0,0.0,56.0,56.0
nominal,18,2026,0.9,0.9,0.07333333333333333,0.07333333333333333,1,1,1,1,0,0,0.0,61.0,61.0
nominal,19,2026,1.0,1.0,0.06333333333333334,0.06333333333333334,3,3,3,1,0,0,0.0,67.0,67.0
nominal,20,2026,1.0,1.0,0.06333333333333334,0.06333333333333334,1,1,1,1,0,0,0.0,60.0,60.0
nominal,21,2026,1.0,1.0,0.06,0.06,1,1,1,1,0,0,0.0,81.0,81.0
nominal,22,2026,1.0,1.0,0.06333333333333334,0.06333333333333334,0,0,0,1,0,0,0.0,55.0,55.0
nominal,23,2026,0.9,0.9,0.04666666666666667,0.04666666666666667,1,1,1,1,0,0,0.0,64.0,64.0
nominal,24,2026,1.0,1.0,0.06333333333333334,0.06333333333333334,0,0,0,1,0,0,0.0,93.0,93.0
nominal,25,2026,1.0,1.0,0.05,0.05,0,0,0,1,0,0,0.0,67.0,67.0
nominal,26,2026,1.0,1.0,0.043333333333333335,0.043333333333333335,2,2,2,1,0,0,0.0,74.0,74.0
nominal,27,2026,1.0,1.0,0.05,0.05,1,1,1,1,0,0,0.0,60.0,60.0
nominal,28,2026,1.0,1.0,0.07333333333333333,0.07333333333333333,0,0,0,1,0,0,0.0,56.0,56.0
nominal,29,2026,0.9,0.9,0.05,0.05,4,4,4,1,0,0,0.0,78.0,78.0
nominal,30,2026,1.0,1.0,0.07666666666666666,0.07666666666666666,0,0,0,1,0,0,0.0,55.0,55.0
nominal,31,2026,1.0,1.0,0.06,0.06,0,0,0,1,0,0,0.0,55.0,55.0
nominal,32,2026,1.0,1.0,0.04,0.04,1,1,1,1,0,0,0.0,59.0,59.0
nominal,33,2026,1.0,1.0,0.05,0.05,0,0,0,1,0,0,0.0,56.0,56.0
nominal,34,2026,1.0,1.0,0.05333333333333334,0.05333333333333334,0,0,0,1,0,0,0.0,62.0,62.0
nominal,35,2026,1.0,1.0,0.08333333333333333,0.08333333333333333,4,2,2,0,1,1,0.0,60.0,60.0
nominal,36,2026,1.0,1.0,0.06,0.06,0,0,0,1,0,0,0.0,56.0,56.0
nominal,37,2026,1.0,1.0,0.02666666666666667,0.02666666666666667,0,0,0,1,0,0,0.0,67.0,67.0
nominal,38,2026,1.0,1.0,0.06333333333333334,0.06333333333333334,2,2,2,1,0,0,0.0,60.0,60.0
nominal,39,2026,0.9,0.9,0.04666666666666667,0.04666666666666667,0,0,0,1,0,0,0.0,56.0,56.0
nominal,40,2026,1.0,1.0,0.05333333333333334,0.05333333333333334,0,0,0,1,0,0,0.0,59.0,59.0
nominal,41,2026,1.0,1.0,0.06,0.06,0,0,0,1,0,0,0.0,55.0,55.0
nominal,42,2026,1.0,1.0,0.056666666666666664,0.056666666666666664,0,0,0,1,0,0,0.0,55.0,55.0
nominal,43,2026,0.9,0.9,0.06333333333333334,0.06333333333333334,0,0,0,1,0,0,0.0,55.0,55.0
nominal,44,2026,1.0,1.0,0.05333333333333334,0.05333333333333334,0,0,0,1,0,0,0.0,56.0,56.0
nominal,45,2026,1.0,1.0,0.06666666666666667,0.06666666666666667,1,1,1,1,0,0,0.0,73.0,73.0
nominal,46,2026,1.0,1.0,0.04666666666666667,0.04666666666666667,0,0,0,1,0,0,0.0,55.0,55.0
nominal,47,2026,1.0,1.0,0.04,0.04,0,0,0,1,0,0,0.0,56.0,56.0
nominal,48,2026,1.0,1.0,0.05,0.05,0,0,0,1,0,0,0.0,57.0,57.0
nominal,49,2026,0.9,0.9,0.06,0.06,1,1,1,1,0,0,0.0,78.0,78.0
nominal,50,2026,1.0,1.0,0.04666666666666667,0.04666666666666667,1,1,1,1,0,0,0.0,56.0,56.0
nominal,51,2026,1.0,1.0,0.04666666666666667,0.04666666666666667,0,0,0,1,0,0,0.0,56.0,56.0
nominal,52,2026,1.0,1.0,0.05333333333333334,0.05333333333333334,0,0,0,1,0,0,0.0,55.0,55.0
nominal,53,2026,1.0,1.0,0.03333333333333333,0.03333333333333333,0,0,0,1,0,0,0.0,55.0,55.0
nominal,54,2026,0.8,0.8,0.043333333333333335,0.043333333333333335,5,1,1,0,1,1,0.0,60.0,60.0
nominal,55,2026,1.0,1.0,0.03666666666666667,0.03666666666666667,0,0,0,1,0,0,0.0,55.0,55.0
nominal,56,2026,1.0,1.0,0.07,0.07,2,2,2,1,0,0,0.0,60.0,60.0
nominal,57,2026,1.0,1.0,0.07,0.07,0,0,0,1,0,0,0.0,55.0,55.0
nominal,58,2026,0.9,0.9,0.06333333333333334,0.06333333333333334,1,1,1,1,0,0,0.0,61.0,61.0
nominal,59,2026,1.0,1.0,0.043333333333333335,0.043333333333333335,0,0,0,1,0,0,0.0,55.0,55.0
nominal,60,2026,0.9,0.9,0.056666666666666664,0.056666666666666664,5,5,5,1,0,0,0.0,114.0,114.0
nominal,61,2026,0.9,0.9,0.05333333333333334,0.05333333333333334,0,0,0,1,0,0,0.0,57.0,57.0
nominal,62,2026,1.0,1.0,0.03,0.03,0,0,0,1,0,0,0.0,58.0,58.0
nominal,63,2026,0.8,0.8,0.04666666666666667,0.04666666666666667,5,5,5,1,0,0,0.0,86.0,86.0
nominal,64,2026,1.0,1.0,0.03,0.03,0,0,0,1,0,0,0.0,56.0,56.0
nominal,65,2026,1.0,1.0,0.05333333333333334,0.05333333333333334,1,1,1,1,0,0,0.0,60.0,60.0
nominal,66,2026,1.0,1.0,0.06666666666666667,0.06666666666666667,0,0,0,1,0,0,0.0,55.0,55.0
nominal,67,2026,1.0,1.0,0.05333333333333334,0.05333333333333334,1,1,1,1,0,0,0.0,60.0,60.0
nominal,68,2026,0.9,0.9,0.04,0.04,0,0,0,1,0,0,0.0,56.0,56.0
nominal,69,2026,1.0,1.0,0.04666666666666667,0.04666666666666667,5,5,5,1,0,0,0.0,73.0,73.0
nominal,70,2026,1.0,1.0,0.03333333333333333,0.03333333333333333,1,1,1,1,0,0,0.0,67.0,67.0
nominal,71,2026,1.0,1.0,0.04666666666666667,0.04666666666666667,0,0,0,1,0,0,0.0,57.0,57.0
nominal,72,2026,1.0,1.0,0.09,0.09,0,0,0,1,0,0,0.0,58.0,58.0
nominal,73,2026,1.0,1.0,0.04666666666666667,0.04666666666666667,0,0,0,1,0,0,0.0,56.0,56.0
nominal,74,2026,0.9,0.9,0.04666666666666667,0.04666666666666667,0,0,0,1,0,0,0.0,55.0,55.0
nominal,75,2026,1.0,1.0,0.05,0.05,0,0,0,1,0,0,0.0,57.0,57.0
nominal,76,2026,1.0,1.0,0.06,0.06,0,0,0,1,0,0,0.0,55.0,55.0
nominal,77,2026,1.0,1.0,0.05333333333333334,0.05333333333333334,3,3,3,1,0,0,0.0,75.0,75.0
nominal,78,2026,0.9,0.9,0.056666666666666664,0.056666666666666664,0,0,0,1,0,0,0.0,55.0,55.0
nominal,79,2026,1.0,1.0,0.043333333333333335,0.043333333333333335,1,0,0,0,1,1,0.0,56.0,56.0
nominal,80,2026,1.0,1.0,0.04666666666666667,0.04666666666666667,0,0,0,1,0,0,0.0,56.0,56.0
nominal,81,2026,1.0,1.0,0.06,0.06,0,0,0,1,0,0,0.0,56.0,56.0
nominal,82,2026,0.9,0.9,0.02666666666666667,0.02666666666666667,0,0,0,1,0,0,0.0,56.0,56.0
nominal,83,2026,1.0,1.0,0.06333333333333334,0.06333333333333334,0,0,0,1,0,0,0.0,55.0,55.0
nominal,84,2026,1.0,1.0,0.04,0.04,0,0,0,1,0,0,0.0,59.0,59.0
nominal,85,2026,1.0,1.0,0.05,0.05,0,0,0,1,0,0,0.0,66.0,66.0
nominal,86,2026,1.0,1.0,0.03,0.03,1,1,1,1,0,0,0.0,58.0,58.0
nominal,87,2026,1.0,1.0,0.06333333333333334,0.06333333333333334,0,0,0,1,0,0,0.0,55.0,55.0
nominal,88,2026,0.9,0.9,0.05333333333333334,0.05333333333333334,0,0,0,1,0,0,0.0,59.0,59.0
nominal,89,2026,1.0,1.0,0.03333333333333333,0.03333333333333333,1,1,1,1,0,0,0.0,64.0,64.0
nominal,90,2026,1.0,1.0,0.07,0.07,0,0,0,1,0,0,0.0,57.0,57.0
nominal,91,2026,0.8,0.8,0.03666666666666667,0.03666666666666667,8,8,8,1,0,0,0.0,110.0,110.0
nominal,92,2026,1.0,1.0,0.06,0.06,0,0,0,1,0,0,0.0,59.0,59.0
nominal,93,2026,1.0,1.0,0.05,0.05,0,0,0,1,0,0,0.0,55.0,55.0
nominal,94,2026,1.0,1.0,0.03,0.03,1,1,1,1,0,0,0.0,57.0,57.0
nominal,95,2026,0.8,0.8,0.03,0.03,0,0,0,1,0,0,0.0,56.0,56.0
nominal,96,2026,1.0,1.0,0.056666666666666664,0.056666666666666664,0,0,0,1,0,0,0.0,55.0,55.0
nominal,97,2026,1.0,1.0,0.05,0.05,0,0,0,1,0,0,0.0,61.0,61.0
nominal,98,2026,1.0,1.0,0.04,0.04,2,2,2,1,0,0,0.0,60.0,60.0
nominal,99,2026,1.0,1.0,0.06,0.06,0,0,0,1,0,0,0.0,85.0,85.0
no_price,0,2026,1.0,1.0,0.05333333333333334,0.05333333333333334,4,0,0,0,4,4,0.0,56.0,56.0
no_price,1,2026,1.0,1.0,0.04666666666666667,0.04666666666666667,5,0,0,0,5,5,0.0,56.0,56.0
no_price,2,2026,1.0,1.0,0.06,0.06,2,0,0,0,2,2,0.0,59.0,59.0
no_price,3,2026,1.0,1.0,0.03666666666666667,0.03666666666666667,6,3,3,0,3,3,0.0,60.0,60.0
no_price,4,2026,0.9,1.0,0.04666666666666667,0.05,5,0,0,0,5,5,0.0,55.0,55.0
no_price,5,2026,0.9,0.9,0.04,0.04,3,0,0,0,3,3,0.0,55.0,55.0
no_price,6,2026,1.0,1.0,0.043333333333333335,0.043333333333333335,2,1,1,0,1,1,0.0,57.0,57.0
no_price,7,2026,1.0,1.0,0.04666666666666667,0.04666666666666667,3,0,0,0,3,3,0.0,56.0,56.0
no_price,8,2026,1.0,1.0,0.07333333333333333,0.07333333333333333,5,1,1,0,4,4,0.0,63.0,63.0
no_price,9,2026,0.9,0.9,0.05333333333333334,0.05333333333333334,5,0,0,0,5,5,0.0,55.0,55.0
no_price,10,2026,1.0,1.0,0.043333333333333335,0.043333333333333335,6,1,1,0,5,5,0.0,60.0,60.0
no_price,11,2026,1.0,1.0,0.05,0.05,4,0,0,0,4,4,0.0,55.0,55.0
no_price,12,2026,1.0,1.0,0.05333333333333334,0.05333333333333334,4,0,0,0,4,4,0.0,61.0,61.0
no_price,13,2026,1.0,1.0,0.06666666666666667,0.06666666666666667,8,3,3,0,5,5,0.0,67.0,67.0
no_price,14,2026,1.0,1.0,0.05333333333333334,0.05333333333333334,5,0,0,0,5,5,0.0,55.0,55.0
no_price,15,2026,1.0,1.0,0.06,0.06,5,0,0,0,5,5,0.0,55.0,55.0
no_price,16,2026,0.9,0.9,0.06333333333333334,0.06333333333333334,5,0,0,0,5,5,0.0,56.0,56.0
no_price,17,2026,1.0,1.0,0.056666666666666664,0.056666666666666664,4,0,0,0,4,4,0.0,56.0,56.0
no_price,18,2026,1.0,1.0,0.06666666666666667,0.06666666666666667,6,2,2,0,4,4,0.0,61.0,61.0
no_price,19,2026,1.0,1.0,0.07,0.07,6,3,3,0,3,3,0.0,67.0,67.0
no_price,20,2026,1.0,1.0,0.05333333333333334,0.05333333333333334,5,1,1,0,4,4,0.0,60.0,60.0
no_price,21,2026,1.0,1.0,0.06333333333333334,0.06333333333333334,4,2,2,0,2,2,0.0,81.0,81.0
no_price,22,2026,1.0,1.0,0.043333333333333335,0.043333333333333335,4,0,0,0,4,4,0.0,55.0,55.0
no_price,23,2026,1.0,1.0,0.05333333333333334,0.05333333333333334,5,1,1,0,4,4,0.0,64.0,64.0
no_price,24,2026,1.0,1.0,0.06333333333333334,0.06333333333333334,3,0,0,0,3,3,0.0,110.0,110.0
no_price,25,2026,1.0,1.0,0.05333333333333334,0.05333333333333334,5,1,1,0,4,4,0.0,67.0,67.0
no_price,26,2026,1.0,1.0,0.04,0.04,6,2,2,0,4,4,0.0,74.0,74.0
no_price,27,2026,1.0,1.0,0.043333333333333335,0.043333333333333335,5,3,3,0,2,2,0.0,60.0,60.0
no_price,28,2026,1.0,1.0,0.04666666666666667,0.04666666666666667,5,1,1,0,4,4,0.0,56.0,56.0
no_price,29,2026,0.9,0.9,0.05333333333333334,0.05333333333333334,6,5,5,0,1,1,0.0,78.0,78.0
no_price,30,2026,1.0,1.0,0.07,0.07,3,0,0,0,3,3,0.0,55.0,55.0
no_price,31,2026,1.0,1.0,0.05333333333333334,0.05333333333333334,5,0,0,0,5,5,0.0,55.0,55.0
no_price,32,2026,1.0,1.0,0.04666666666666667,0.04666666666666667,5,1,1,0,4,4,0.0,59.0,59.0
no_price,33,2026,1.0,1.0,0.06,0.06,7,0,0,0,7,7,0.0,55.0,55.0
no_price,34,2026,1.0,1.0,0.03333333333333333,0.03333333333333333,5,1,1,0,4,4,0.0,61.0,61.0
no_price,35,2026,1.0,1.0,0.06333333333333334,0.06333333333333334,8,2,2,0,5,5,0.0,60.0,60.0
no_price,36,2026,1.0,1.0,0.05333333333333334,0.05333333333333334,4,1,1,0,3,3,0.0,56.0,56.0
no_price,37,2026,1.0,1.0,0.06,0.06,6,0,0,0,6,6,0.0,67.0,67.0
no_price,38,2026,1.0,1.0,0.06,0.06,7,3,3,0,4,4,0.0,60.0,60.0
no_price,39,2026,0.8,0.8,0.04,0.04,2,0,0,0,2,2,0.0,56.0,56.0
no_price,40,2026,1.0,1.0,0.05333333333333334,0.05333333333333334,3,1,1,0,2,2,0.0,59.0,59.0
no_price,41,2026,1.0,1.0,0.04666666666666667,0.04666666666666667,5,0,0,0,5,5,0.0,55.0,55.0
no_price,42,2026,1.0,1.0,0.04666666666666667,0.04666666666666667,3,0,0,0,3,3,0.0,55.0,55.0
no_price,43,2026,0.9,0.9,0.056666666666666664,0.056666666666666664,5,0,0,0,5,5,0.0,55.0,55.0
no_price,44,2026,1.0,1.0,0.04666666666666667,0.04666666666666667,6,0,0,0,6,6,0.0,56.0,56.0
no_price,45,2026,1.0,1.0,0.06,0.06333333333333334,5,2,2,0,3,3,0.0,73.0,73.0
no_price,46,2026,1.0,1.0,0.05333333333333334,0.05333333333333334,6,0,0,0,6,6,0.0,55.0,55.0
no_price,47,2026,1.0,1.0,0.03,0.03,5,0,0,0,5,5,0.0,56.0,56.0
no_price,48,2026,1.0,1.0,0.06333333333333334,0.06333333333333334,6,1,1,0,5,5,0.0,57.0,57.0
no_price,49,2026,1.0,1.0,0.05333333333333334,0.05333333333333334,6,1,1,0,5,5,0.0,78.0,78.0
no_price,50,2026,1.0,1.0,0.03666666666666667,0.03666666666666667,5,1,1,0,4,4,0.0,56.0,56.0
no_price,51,2026,1.0,1.0,0.03,0.03,5,0,0,0,5,5,0.0,56.0,56.0
no_price,52,2026,1.0,1.0,0.06,0.06,3,0,0,0,3,3,0.0,55.0,55.0
no_price,53,2026,1.0,1.0,0.05,0.05,6,0,0,0,6,6,0.0,55.0,55.0
no_price,54,2026,0.7,0.7,0.043333333333333335,0.043333333333333335,9,1,1,0,5,5,0.0,60.0,60.0
no_price,55,2026,1.0,1.0,0.04666666666666667,0.04666666666666667,4,0,0,0,4,4,0.0,55.0,55.0
no_price,56,2026,1.0,1.0,0.06666666666666667,0.06666666666666667,7,3,3,0,4,4,0.0,60.0,60.0
no_price,57,2026,1.0,1.0,0.07333333333333333,0.07333333333333333,7,0,0,0,7,7,0.0,55.0,55.0
no_price,58,2026,0.9,0.9,0.05,0.05,6,1,1,0,5,5,0.0,61.0,61.0
no_price,59,2026,1.0,1.0,0.03333333333333333,0.03333333333333333,3,0,0,0,3,3,0.0,55.0,55.0
no_price,60,2026,0.9,0.9,0.056666666666666664,0.056666666666666664,10,7,7,0,3,3,0.0,114.0,114.0
no_price,61,2026,0.9,0.9,0.03666666666666667,0.03666666666666667,3,1,1,0,2,2,0.0,57.0,57.0
no_price,62,2026,1.0,1.0,0.03666666666666667,0.03666666666666667,3,1,1,0,2,2,0.0,58.0,58.0
no_price,63,2026,0.8,0.8,0.06666666666666667,0.06666666666666667,11,5,5,0,6,6,0.0,85.0,85.0
no_price,64,2026,1.0,1.0,0.03666666666666667,0.03666666666666667,4,0,0,0,4,4,0.0,56.0,56.0
no_price,65,2026,1.0,1.0,0.04666666666666667,0.04666666666666667,5,2,2,0,3,3,0.0,60.0,60.0
no_price,66,2026,1.0,1.0,0.06333333333333334,0.06333333333333334,4,0,0,0,4,4,0.0,55.0,55.0
no_price,67,2026,1.0,1.0,0.05,0.05,3,1,1,0,2,2,0.0,60.0,60.0
no_price,68,2026,0.9,0.9,0.056666666666666664,0.056666666666666664,5,0,0,0,5,5,0.0,56.0,56.0
no_price,69,2026,1.0,1.0,0.03666666666666667,0.03666666666666667,7,5,5,0,2,2,0.0,73.0,73.0
no_price,70,2026,1.0,1.0,0.04666666666666667,0.04666666666666667,5,1,1,0,4,4,0.0,67.0,67.0
no_price,71,2026,1.0,1.0,0.043333333333333335,0.043333333333333335,7,1,1,0,6,6,0.0,57.0,57.0
no_price,72,2026,1.0,1.0,0.07333333333333333,0.07333333333333333,3,1,1,0,2,2,0.0,58.0,58.0
no_price,73,2026,1.0,1.0,0.04666666666666667,0.04666666666666667,3,1,1,0,2,2,0.0,56.0,56.0
no_price,74,2026,0.9,0.9,0.04666666666666667,0.04666666666666667,4,0,0,0,4,4,0.0,55.0,55.0
no_price,75,2026,1.0,1.0,0.03333333333333333,0.03333333333333333,3,1,1,0,2,2,0.0,57.0,57.0
no_price,76,2026,1.0,1.0,0.06333333333333334,0.06333333333333334,3,0,0,0,3,3,0.0,55.0,55.0
no_price,77,2026,1.0,1.0,0.05333333333333334,0.05333333333333334,7,4,4,0,3,3,0.0,75.0,75.0
no_price,78,2026,0.9,0.9,0.04666666666666667,0.04666666666666667,2,0,0,0,2,2,0.0,55.0,55.0
no_price,79,2026,0.9,0.9,0.04,0.04,3,0,0,0,3,3,0.0,56.0,56.0
no_price,80,2026,1.0,1.0,0.05,0.05,1,0,0,0,1,1,0.0,56.0,56.0
no_price,81,2026,1.0,1.0,0.06,0.06,5,0,0,0,5,5,0.0,56.0,56.0
no_price,82,2026,0.9,0.9,0.04666666666666667,0.04666666666666667,6,0,0,0,6,6,0.0,56.0,56.0
no_price,83,2026,1.0,1.0,0.04666666666666667,0.04666666666666667,3,0,0,0,3,3,0.0,55.0,55.0
no_price,84,2026,1.0,1.0,0.05,0.05,5,1,1,0,4,4,0.0,58.0,58.0
no_price,85,2026,1.0,1.0,0.04666666666666667,0.04666666666666667,5,2,2,0,3,3,0.0,66.0,66.0
no_price,86,2026,1.0,1.0,0.03333333333333333,0.03333333333333333,5,1,1,0,4,4,0.0,58.0,58.0
no_price,87,2026,1.0,1.0,0.07333333333333333,0.07333333333333333,6,0,0,0,6,6,0.0,55.0,55.0
no_price,88,2026,0.9,0.9,0.06,0.06,4,1,1,0,3,3,0.0,59.0,59.0
no_price,89,2026,1.0,1.0,0.03,0.03,6,2,2,0,4,4,0.0,64.0,64.0
no_price,90,2026,1.0,1.0,0.07,0.07,5,1,1,0,4,4,0.0,57.0,57.0
no_price,91,2026,0.8,0.8,0.03666666666666667,0.03666666666666667,11,8,8,0,3,3,0.0,118.0,118.0
no_price,92,2026,1.0,1.0,0.03,0.03,6,2,2,0,4,4,0.0,59.0,59.0
no_price,93,2026,1.0,1.0,0.04666666666666667,0.04666666666666667,5,0,0,0,5,5,0.0,55.0,55.0
no_price,94,2026,1.0,1.0,0.023333333333333334,0.023333333333333334,5,0,0,0,4,4,0.0,57.0,57.0
no_price,95,2026,0.8,0.8,0.03666666666666667,0.03666666666666667,3,0,0,0,3,3,0.0,56.0,56.0
no_price,96,2026,1.0,1.0,0.05,0.05,3,0,0,0,3,3,0.0,55.0,55.0
no_price,97,2026,1.0,1.0,0.06333333333333334,0.06333333333333334,8,1,1,0,7,7,0.0,61.0,61.0
no_price,98,2026,1.0,1.0,0.04666666666666667,0.04666666666666667,8,3,3,0,5,5,0.0,60.0,60.0
no_price,99,2026,1.0,1.0,0.06,0.06,3,1,1,0,2,2,0.0,85.0,85.0
belief_stress,0,2026,0.9,0.9,0.056666666666666664,0.056666666666666664,1,1,1,1,0,0,0.0,60.0,60.0
belief_stress,1,2026,1.0,1.0,0.043333333333333335,0.043333333333333335,0,0,0,1,0,0,0.0,67.0,67.0
belief_stress,2,2026,0.8,0.8,0.04,0.04,0,0,0,1,0,0,0.0,57.0,57.0
belief_stress,3,2026,1.0,1.0,0.03666666666666667,0.03666666666666667,1,1,1,1,0,0,0.0,60.0,60.0
belief_stress,4,2026,1.0,1.0,0.056666666666666664,0.056666666666666664,2,2,2,1,0,0,0.0,60.0,60.0
belief_stress,5,2026,0.9,0.9,0.04,0.04,0,0,0,1,0,0,0.0,56.0,56.0
belief_stress,6,2026,1.0,1.0,0.06333333333333334,0.06333333333333334,3,3,3,1,0,0,0.0,67.0,67.0
belief_stress,7,2026,1.0,1.0,0.03666666666666667,0.03666666666666667,1,1,1,1,0,0,0.0,79.0,79.0
belief_stress,8,2026,0.8,0.8,0.06333333333333334,0.06333333333333334,0,0,0,1,0,0,0.0,59.0,59.0
belief_stress,9,2026,0.8,0.8,0.05,0.05,0,0,0,1,0,0,0.0,55.0,55.0
belief_stress,10,2026,1.0,1.0,0.03666666666666667,0.03666666666666667,5,2,2,0,1,1,0.0,60.0,60.0
belief_stress,11,2026,0.9,0.9,0.04666666666666667,0.04666666666666667,0,0,0,1,0,0,0.0,61.0,61.0
belief_stress,12,2026,1.0,1.0,0.04,0.04,4,4,4,1,0,0,0.0,109.0,109.0
belief_stress,13,2026,1.0,1.0,0.06,0.06,4,3,3,0,1,1,0.0,76.0,76.0
belief_stress,14,2026,0.8,0.8,0.03,0.03,0,0,0,1,0,0,0.0,55.0,55.0
belief_stress,15,2026,0.8,0.8,0.056666666666666664,0.056666666666666664,1,1,1,1,0,0,0.0,67.0,67.0
belief_stress,16,2026,0.9,0.9,0.06,0.06,0,0,0,1,0,0,0.0,61.0,61.0
belief_stress,17,2026,0.9,0.9,0.05,0.05,0,0,0,1,0,0,0.0,55.0,55.0
belief_stress,18,2026,1.0,1.0,0.043333333333333335,0.043333333333333335,3,3,3,1,0,0,0.0,82.0,82.0
belief_stress,19,2026,0.8,0.8,0.05333333333333334,0.05333333333333334,2,2,2,1,0,0,0.0,90.0,90.0
belief_stress,20,2026,1.0,1.0,0.06,0.06,1,1,1,1,0,0,0.0,61.0,61.0
belief_stress,21,2026,0.7,0.7,0.07,0.07,1,1,1,1,0,0,0.0,97.0,97.0
belief_stress,22,2026,0.7,0.7,0.05,0.05,0,0,0,1,0,0,0.0,55.0,55.0
belief_stress,23,2026,0.9,0.9,0.04,0.04,4,4,4,1,0,0,0.0,75.0,75.0
belief_stress,24,2026,1.0,1.0,0.08,0.08,0,0,0,1,0,0,0.0,113.0,113.0
belief_stress,25,2026,0.8,0.8,0.03,0.03,1,1,1,1,0,0,0.0,91.0,91.0
belief_stress,26,2026,0.9,0.9,0.043333333333333335,0.043333333333333335,5,5,5,1,0,0,0.0,72.0,72.0
belief_stress,27,2026,1.0,1.0,0.04,0.04,5,5,5,1,0,0,0.0,95.0,95.0
belief_stress,28,2026,0.9,0.9,0.07,0.07,0,0,0,1,0,0,0.0,60.0,60.0
belief_stress,29,2026,1.0,1.0,0.043333333333333335,0.043333333333333335,5,5,5,1,0,0,0.0,86.0,86.0
belief_stress,30,2026,0.8,0.8,0.07666666666666666,0.07666666666666666,0,0,0,1,0,0,0.0,56.0,56.0
belief_stress,31,2026,1.0,1.0,0.056666666666666664,0.056666666666666664,1,1,1,1,0,0,0.0,58.0,58.0
belief_stress,32,2026,0.8,0.8,0.03,0.03,0,0,0,1,0,0,0.0,60.0,60.0
belief_stress,33,2026,0.9,0.9,0.05,0.05,1,1,1,1,0,0,0.0,58.0,58.0
belief_stress,34,2026,0.9,0.9,0.04666666666666667,0.04666666666666667,2,2,2,1,0,0,0.0,69.0,69.0
belief_stress,35,2026,0.9,0.9,0.05333333333333334,0.05333333333333334,0,0,0,1,0,0,0.0,60.0,60.0
belief_stress,36,2026,0.8,0.8,0.056666666666666664,0.056666666666666664,2,2,2,1,0,0,0.0,71.0,71.0
belief_stress,37,2026,0.8,0.8,0.043333333333333335,0.043333333333333335,1,1,1,1,0,0,0.0,105.0,105.0
belief_stress,38,2026,0.9,0.9,0.04,0.04,0,0,0,1,0,0,0.0,59.0,59.0
belief_stress,39,2026,0.6,0.6,0.03333333333333333,0.03333333333333333,2,2,2,1,0,0,0.0,67.0,67.0
belief_stress,40,2026,0.9,0.9,0.03,0.03,0,0,0,1,0,0,0.0,63.0,63.0
belief_stress,41,2026,0.9,0.9,0.03666666666666667,0.03666666666666667,0,0,0,1,0,0,0.0,56.0,56.0
belief_stress,42,2026,1.0,1.0,0.05,0.05,0,0,0,1,0,0,0.0,57.0,57.0
belief_stress,43,2026,0.8,0.8,0.07,0.07,0,0,0,1,0,0,0.0,55.0,55.0
belief_stress,44,2026,1.0,1.0,0.043333333333333335,0.043333333333333335,0,0,0,1,0,0,0.0,55.0,55.0
belief_stress,45,2026,0.9,0.9,0.056666666666666664,0.056666666666666664,2,2,2,1,0,0,0.0,71.0,71.0
belief_stress,46,2026,1.0,1.0,0.06,0.06,0,0,0,1,0,0,0.0,55.0,55.0
belief_stress,47,2026,1.0,1.0,0.043333333333333335,0.043333333333333335,0,0,0,1,0,0,0.0,61.0,61.0
belief_stress,48,2026,0.8,0.8,0.03666666666666667,0.03666666666666667,0,0,0,1,0,0,0.0,59.0,59.0
belief_stress,49,2026,0.9,0.9,0.03666666666666667,0.03666666666666667,1,1,1,1,0,0,0.0,67.0,67.0
belief_stress,50,2026,0.8,0.8,0.043333333333333335,0.043333333333333335,2,2,2,1,0,0,0.0,80.0,80.0
belief_stress,51,2026,0.8,0.8,0.04,0.04,0,0,0,1,0,0,0.0,55.0,55.0
belief_stress,52,2026,0.9,0.9,0.04666666666666667,0.04666666666666667,0,0,0,1,0,0,0.0,55.0,55.0
belief_stress,53,2026,0.9,0.9,0.05333333333333334,0.05333333333333334,0,0,0,1,0,0,0.0,56.0,56.0
belief_stress,54,2026,0.8,0.8,0.04666666666666667,0.04666666666666667,4,2,2,0,1,1,0.0,60.0,60.0
belief_stress,55,2026,0.9,0.9,0.05,0.05,0,0,0,1,0,0,0.0,55.0,55.0
belief_stress,56,2026,0.8,0.8,0.05,0.05,4,4,4,1,0,0,0.0,80.0,80.0
belief_stress,57,2026,0.9,0.9,0.043333333333333335,0.043333333333333335,2,2,2,1,0,0,0.0,60.0,60.0
belief_stress,58,2026,0.8,0.8,0.04,0.04,1,1,1,1,0,0,0.0,90.0,90.0
belief_stress,59,2026,0.8,0.8,0.06333333333333334,0.06333333333333334,1,1,1,1,0,0,0.0,63.0,63.0
belief_stress,60,2026,0.9,0.9,0.07333333333333333,0.07333333333333333,6,6,6,1,0,0,0.0,113.0,113.0
belief_stress,61,2026,0.9,0.9,0.06666666666666667,0.06666666666666667,1,1,1,1,0,0,0.0,60.0,60.0
belief_stress,62,2026,1.0,1.0,0.03666666666666667,0.03666666666666667,2,2,2,1,0,0,0.0,67.0,67.0
belief_stress,63,2026,0.7,0.7,0.06,0.06,5,5,5,1,0,0,0.0,93.0,93.0
belief_stress,64,2026,0.7,0.7,0.023333333333333334,0.023333333333333334,3,3,3,1,0,0,0.0,67.0,67.0
belief_stress,65,2026,1.0,1.0,0.056666666666666664,0.056666666666666664,2,2,2,1,0,0,0.0,60.0,60.0
belief_stress,66,2026,1.0,1.0,0.04666666666666667,0.04666666666666667,0,0,0,1,0,0,0.0,56.0,56.0
belief_stress,67,2026,0.9,0.9,0.043333333333333335,0.043333333333333335,1,1,1,1,0,0,0.0,67.0,67.0
belief_stress,68,2026,0.9,0.9,0.043333333333333335,0.043333333333333335,0,0,0,1,0,0,0.0,57.0,57.0
belief_stress,69,2026,1.0,1.0,0.03333333333333333,0.03333333333333333,6,6,6,1,0,0,0.0,72.0,72.0
belief_stress,70,2026,1.0,1.0,0.03333333333333333,0.03333333333333333,1,1,1,1,0,0,0.0,67.0,67.0
belief_stress,71,2026,0.9,0.9,0.03666666666666667,0.03666666666666667,4,4,4,1,0,0,0.0,67.0,67.0
belief_stress,72,2026,0.9,0.9,0.07,0.07,0,0,0,1,0,0,0.0,56.0,56.0
belief_stress,73,2026,1.0,1.0,0.043333333333333335,0.043333333333333335,4,4,4,1,0,0,0.0,80.0,80.0
belief_stress,74,2026,0.7,0.7,0.04,0.04,2,2,2,1,0,0,0.0,61.0,61.0
belief_stress,75,2026,0.9,0.9,0.04666666666666667,0.04666666666666667,2,2,2,1,0,0,0.0,60.0,60.0
belief_stress,76,2026,1.0,1.0,0.06,0.06,0,0,0,1,0,0,0.0,61.0,61.0
belief_stress,77,2026,0.8,0.8,0.04,0.04,1,1,1,1,0,0,0.0,83.0,83.0
belief_stress,78,2026,1.0,1.0,0.02666666666666667,0.02666666666666667,3,3,3,1,0,0,0.0,89.0,89.0
belief_stress,79,2026,0.7,0.7,0.03666666666666667,0.03666666666666667,0,0,0,1,0,0,0.0,57.0,57.0
belief_stress,80,2026,1.0,1.0,0.02666666666666667,0.02666666666666667,1,1,1,1,0,0,0.0,67.0,67.0
belief_stress,81,2026,1.0,1.0,0.05,0.05,0,0,0,1,0,0,0.0,56.0,56.0
belief_stress,82,2026,1.0,1.0,0.05333333333333334,0.05333333333333334,0,0,0,1,0,0,0.0,55.0,55.0
belief_stress,83,2026,0.9,0.9,0.06666666666666667,0.06666666666666667,0,0,0,1,0,0,0.0,66.0,66.0
belief_stress,84,2026,0.8,0.8,0.05,0.05,1,1,1,1,0,0,0.0,67.0,67.0
belief_stress,85,2026,0.8,0.8,0.03333333333333333,0.03333333333333333,1,1,1,1,0,0,0.0,73.0,73.0
belief_stress,86,2026,1.0,1.0,0.04666666666666667,0.04666666666666667,3,3,3,1,0,0,0.0,60.0,60.0
belief_stress,87,2026,0.6,0.6,0.05,0.05,0,0,0,1,0,0,0.0,64.0,64.0
belief_stress,88,2026,1.0,1.0,0.056666666666666664,0.056666666666666664,1,1,1,1,0,0,0.0,57.0,57.0
belief_stress,89,2026,0.8,0.8,0.04666666666666667,0.04666666666666667,4,4,4,1,0,0,0.0,72.0,72.0
belief_stress,90,2026,0.9,0.9,0.056666666666666664,0.056666666666666664,1,1,1,1,0,0,0.0,64.0,64.0
belief_stress,91,2026,0.7,0.7,0.04666666666666667,0.04666666666666667,6,6,6,1,0,0,0.0,117.0,117.0
belief_stress,92,2026,0.6,0.6,0.05,0.05,2,2,2,1,0,0,0.0,60.0,60.0
belief_stress,93,2026,0.9,0.9,0.03,0.03,1,1,1,1,0,0,0.0,60.0,60.0
belief_stress,94,2026,1.0,1.0,0.02666666666666667,0.02666666666666667,0,0,0,1,0,0,0.0,55.0,55.0
belief_stress,95,2026,0.8,0.8,0.06,0.06,1,1,1,1,0,0,0.0,57.0,57.0
belief_stress,96,2026,0.9,0.9,0.043333333333333335,0.043333333333333335,0,0,0,1,0,0,0.0,56.0,56.0
belief_stress,97,2026,0.9,0.9,0.03666666666666667,0.03666666666666667,0,0,0,1,0,0,0.0,63.0,63.0
belief_stress,98,2026,1.0,1.0,0.03666666666666667,0.03666666666666667,5,5,5,1,0,0,0.0,88.0,88.0
belief_stress,99,2026,1.0,1.0,0.07333333333333333,0.07333333333333333,1,1,1,1,0,0,0.0,67.0,67.0
