scene_id,nominal_10_h0,perfect_10_h0,nominal_30_h0,perfect_30_h0,nominal_50_h0,perfect_50_h0
121,7.89526241133577,8.3613527271097,8.017921317893496,8.361352727109754,8.313102875267534,8.361352727109175
122,5.654046184304144,5.73405957403593,5.982529980135965,5.73405957403596,5.876253285213322,5.73405957403595
123,4.426362103718285,4.456005921174177,4.346173147306666,4.456005921174179,4.36316443985353,4.456005921174121
124,8.177567691123249,7.958208110561868,9.121169850352098,7.958208110561778,9.811511273109115,7.958208110561117
125,5.935552059568387,6.024900029580569,5.65847818257489,6.0249000295805715,5.753399194408826,6.024900029580634
126,10.744584350701562,11.09182230028627,10.704029298475357,11.091822300286264,10.950209867286986,11.091822300286237
127,12.024117605310076,11.999723657581596,12.018508941272412,11.999723657581608,12.12957158670188,11.999723657582807
128,7.799368286182029,5.828674025162577,7.961572110452351,5.828674025162584,7.491539766179765,5.828674025162804
129,3.3891031934518163,3.7087151216775593,3.4154819805774865,3.7087151216775798,3.59030591740421,3.70871512167777
130,6.443949180520305,6.377966229216365,6.319727490082592,6.377966229216378,6.318101465974732,6.377966229216454
131,10.92207880051532,10.715369379630772,10.993904781035267,10.715369379630769,10.995801479801276,10.71536937963044
132,3.0084998922818826,2.944581463750737,3.0719520104929274,2.944581463750746,3.2768884323410474,2.944581463750853
133,4.323341912651038,5.609671747616755,3.919564988139104,5.609671747616625,3.6574362357146173,5.60967174761616
134,9.978571386112192,8.209690730642633,8.209101863273947,8.209690730642674,7.370436015802451,8.20969073064131
135,8.310435652250261,6.005244461664535,8.839735534112695,6.005244461664622,8.864809496949636,6.005244461665092
136,4.6094533107972175,4.755558935774766,4.2501755324921415,4.755558935774758,4.188085423250579,4.75555893577459
137,2.7371128987147952,2.4623388305679415,2.6184800736752236,2.4623388305679392,2.8043198848083133,2.4623388305680733
138,10.931215585776993,10.144963751124799,11.387348864394841,10.144963751124767,11.500874321887403,10.14496375112483
139,10.083877821500614,10.026795027077544,10.185508918870955,10.026795027077533,10.392638836175156,10.026795027077338
140,5.365126828825936,6.373252336854163,5.960761788513433,6.373252336854115,5.911952756149326,6.3732523368538105
141,7.167067879927274,7.090368863025369,7.186899985865077,7.090368863025377,7.575570770568033,7.09036886302517
142,5.508679559652291,5.589091246062377,5.170819650096492,5.589091246062374,5.344083330424288,5.589091246062273
143,5.59941455384676,4.952174068765045,5.787985499909623,4.952174068765026,5.821259700873876,4.952174068764894
144,8.195859872323567,7.609373141235492,9.33408811474514,7.609373141235491,9.323405197713857,7.609373141235889
145,16.112132361389584,6.570473097293643,15.255894566342011,6.570473097293645,14.131065331662626,6.570473097293222
146,5.362317737359522,6.12949697733242,5.545175232141943,6.129496977332408,5.257069761237025,6.129496977332214
147,6.685669569185617,6.849666862802633,7.091691041710017,6.849666862802655,7.235299857677803,6.849666862802038
148,4.0709654119028835,3.7581012690483835,4.1918200868170485,3.758101269048385,4.545661476783362,3.758101269048553
149,7.162982220932028,7.365676631143135,7.073426670106913,7.365676631143117,7.078775337614927,7.365676631143186
150,9.343274516994297,9.057473053865369,9.319332537919319,9.057473053865346,9.319272116307186,9.057473053865928
151,7.286470836770685,6.936338790232462,5.7212984022637805,6.93633879023273,4.728932216460098,6.936338790231741
152,7.375577917221458,6.010259376293975,6.251579491365417,6.0102593762939955,7.116651177531423,6.0102593762939325
153,4.265582040460365,5.473587212901554,3.1983808669606155,5.473587212901588,3.293998649983809,5.47358721290139
154,9.555133438899452,9.435439693960062,10.143445586740443,9.435439693960047,10.30145649502281,9.43543969395996
155,4.679838870663456,4.361219441012237,5.946818618300571,4.361219441012182,6.545178651946403,4.361219441011648
156,6.806748498174388,6.730842494837277,6.788742032915581,6.73084249483736,6.812210002740245,6.7308424948370345
157,9.06035502114279,11.649525569421787,9.201233109099919,11.649525569421765,10.340855056507486,11.649525569421217
158,6.997436140596765,7.321100663363613,8.454326922542293,7.32110066336356,9.996621015361674,7.321100663363459
159,4.6745878000028185,4.5394340121347625,3.9316355078016434,4.5394340121347705,3.530631053706128,4.539434012134728
160,6.353662540333157,6.44717217751153,7.428079264702241,6.447172177511532,7.451335204366679,6.447172177511537
161,7.058236613876796,7.139932756331916,6.990749938656039,7.139932756331875,6.893756540819669,7.139932756332259
162,3.964027763754305,6.368704492461809,3.732155886988589,6.36870449246189,4.066364850614109,6.368704492461903
163,5.033294964353724,4.083838544921989,6.4934952411123685,4.0838385449220755,7.145569688513081,4.083838544921135
164,6.900509552381423,6.85910166970506,7.027090839619097,6.859101669705058,7.046183688043729,6.8591016697051055
165,9.202968387863885,9.103090780787417,8.711549902886373,9.103090780787463,8.374868134533113,9.103090780787278
166,4.955269903089727,4.619649181279642,5.01705882234778,4.619649181279646,5.024380738256498,4.619649181279568
167,5.345415452411255,5.362782488489299,5.221258376451981,5.362782488489314,5.234009735139289,5.362782488489194
168,6.056509431360466,6.183962687107864,6.64676441167539,6.183962687107984,9.00861698745365,6.183962687107865
169,4.59612692444266,6.149333795123984,3.602462487451558,6.149333795123975,3.9627754379897495,6.14933379512394
170,4.249815321829801,4.7274197861481495,4.047996078612652,4.7274197861481415,4.091631924846318,4.727419786147808
171,9.48892497961357,9.182058345868684,9.17077795875057,9.182058345868747,9.198667623313534,9.182058345868468
172,11.894489512350676,12.14923888602372,12.021903216020284,12.1492388860238,11.609649677254222,12.149238886022852
173,7.474339420639849,7.533968972653198,7.363239663966173,7.5339689726531915,7.393987650293108,7.533968972653229
174,6.729641272199654,7.543956625404338,6.382688633886483,7.543956625404393,5.983362525325967,7.543956625404171
175,6.658674219532309,6.618472087677214,6.994368172490732,6.618472087677223,6.864102627808989,6.618472087677766
176,4.667572801808232,5.91534534006131,4.482677825393372,5.915345340061312,4.471718877976233,5.9153453400614975
177,5.973055180698807,6.482789267622875,5.583625336552876,6.482789267622889,6.298818869192811,6.482789267622927
178,8.537672281295832,6.243397022446028,10.484794816158832,6.243397022445992,11.0663248593995,6.24339702244582
179,8.645232885756416,8.741431363970165,9.000465801737551,8.741431363970166,10.375674610620134,8.741431363969793
180,4.603844122551179,4.687633845753693,4.522106846218226,4.687633845753682,4.578901586455347,4.687633845753911
181,3.9036429891725577,4.449788280970003,5.0820918807857485,4.449788280969971,5.938136009634957,4.449788280970084
182,3.6265599350475672,5.449546200602727,4.305779733074658,5.449546200602789,5.025962488570334,5.449546200603431
183,8.834945993743457,8.525701651492707,9.146099172469064,8.525701651492717,9.134487207115239,8.5257016514932
184,7.09217446704953,6.968834266633872,7.42860807575748,6.968834266633859,7.608864908681754,6.968834266633647
185,6.876203777090858,6.760496493718293,7.447604680633025,6.760496493718373,7.075833525823521,6.760496493718216
186,10.630739253912363,9.882928049473733,10.485760827137776,9.882928049473776,10.804454722273652,9.88292804947375
187,7.886087056530021,8.145785193911278,7.682520687826409,8.145785193911268,7.784911228389179,8.145785193910823
188,4.61762945370049,4.21573382668144,4.693552309498467,4.21573382668147,4.603972200128371,4.215733826681596
189,10.587061665386067,6.5104707713877685,11.553504127011697,6.510470771387795,10.902500468671173,6.510470771386375
190,8.063120384479987,6.238155033889979,7.344706399777553,6.238155033889964,7.577649750909646,6.23815503389018
191,10.340647641084427,9.76876138682759,11.52017834317415,9.768761386827594,12.11431684645223,9.768761386827558
192,4.196478031323267,4.016194908602244,4.085828207928527,4.016194908602244,3.9661735100256434,4.01619490860222
193,8.96112643448954,9.739346051737247,8.59090842882105,9.739346051737213,8.370163991680009,9.73934605173717
194,4.337735298955262,5.090747401150382,4.535291607009448,5.090747401150367,4.486620825269485,5.0907474011507
195,9.505667457916438,9.75817170337693,9.496292675247815,9.75817170337694,9.439537075730012,9.75817170337707
196,9.916441927435994,9.469989744086808,8.44804854925852,9.46998974408681,9.466235289204182,9.469989744086956
197,4.921676902809292,5.32063735283586,4.951394969747728,5.320637352835903,5.017968079176064,5.320637352836026
198,6.966898342107083,6.968462588217478,7.07276538443845,6.968462588217577,6.757397883363712,6.9684625882175615
199,6.564304924625505,6.2363210196751435,6.762996184375003,6.2363210196751675,6.829104908124219,6.23632101967521
200,3.6756143002041712,4.648397253854689,4.194304336701387,4.648397253854782,4.565373165892559,4.648397253854945
201,2.7292780637522887,3.7127136548202495,3.107073934962982,3.7127136548202593,2.6633788746719578,3.712713654821364
202,6.369635566437439,7.387568601001354,5.491415270258149,7.387568601001555,5.181219724997125,7.387568601001067
203,6.68775613400825,6.743254940033744,6.5122681147303645,6.743254940033746,6.489063621960301,6.74325494003369
204,7.680877877577624,7.738260645156235,7.929141235523936,7.738260645156238,7.625950149398652,7.738260645156533
205,6.020322093399507,6.437912939884336,6.106239648486442,6.437912939884324,6.18179721587353,6.437912939884487
206,4.963876185085359,4.733755418286857,5.107919458980131,4.733755418286881,5.252002794904374,4.733755418287096
207,3.996742726319234,3.876723746796632,4.420349071819941,3.87672374679663,4.5962909978429645,3.8767237467970252
208,5.031350410106879,6.404996359563489,4.463937529747048,6.404996359563336,4.118756889817744,6.404996359563348
209,4.4192260447277985,4.96629051451198,4.577605357359635,4.966290514511992,4.467808037819984,4.966290514511961
210,4.642556168054837,4.520735788516668,5.152423672799121,4.52073578851668,5.030285238736733,4.520735788516356
211,7.342219130066464,6.939993151133157,7.712957313939409,6.9399931511331605,7.7157622372105585,6.939993151132972
212,7.486152256894528,7.713994577406786,7.723060657179139,7.713994577406779,7.832865062683026,7.713994577406356
213,5.038580949912464,5.14088282907054,4.808221804300309,5.140882829070662,5.01413885033244,5.140882829070186
214,12.12413093267422,11.810289231530781,11.857482974595536,11.810289231530758,12.316487251177927,11.810289231530637
215,5.6239256854571105,5.786554886884696,5.529908991862397,5.786554886884732,5.44386599242236,5.786554886884577
216,5.481889606863419,5.784778288751383,5.37577972920167,5.784778288751403,5.467118199573371,5.784778288751366
217,5.105890690365822,5.058587578065236,4.978832738738384,5.058587578065242,5.071653754809261,5.058587578065302
218,7.923366440728202,7.480445680421207,8.281617014650703,7.48044568042146,8.606157468689794,7.48044568042001
219,7.6733283577874705,7.54187927912016,7.926250561635657,7.5418792791201685,7.84196750174661,7.541879279120046
220,5.241744349295211,5.743160238055358,4.7061531164581,5.743160238055404,4.936344803464227,5.743160238055434
221,8.053327397663839,7.187632671380519,7.90893364316954,7.187632671380503,7.885991541421974,7.187632671380066
222,2.1289524492153142,2.424173905971333,1.6998827861807928,2.4241739059713083,1.7375883375510073,2.4241739059716316
223,9.227160985535116,8.608854362765166,8.491754014624014,8.608854362765188,8.04093384247039,8.608854362765321
224,5.174111059045977,5.108336350040126,4.8822369329601285,5.1083363500401155,4.654347281782979,5.108336350039949
225,5.931722416823613,5.049836847361871,5.854653544323226,5.0498368473618545,5.7920400285681675,5.049836847361634
226,4.8019384802538605,4.685736970497763,4.721490567140254,4.685736970497766,4.662125358038242,4.68573697049779
227,4.40171917538628,5.141898265655125,4.990896506864533,5.141898265655142,5.3110943580929275,5.141898265655027
228,3.743340601817227,3.7064367457938676,4.254238617132227,3.7064367457938525,4.366248620162501,3.7064367457939182
229,3.403899487971011,2.6134278680587224,4.764279871435061,2.613427868058711,6.669646626840869,2.6134278680584595
230,4.125880825601831,4.337974770434041,3.7314469291549295,4.3379747704340765,4.071875978645828,4.337974770433808
231,3.0721986715657152,3.244696746142201,3.123458035139403,3.244696746142198,3.187868021716649,3.2446967461421226
232,4.716401087340833,5.076363462470853,4.476054956691733,5.076363462470821,4.421532551149401,5.076363462471178
233,6.941671458725894,7.197627389565598,6.771360730403588,7.197627389565583,6.860214185131268,7.197627389565605
234,8.26854578322729,8.154020396577764,8.34518227224479,8.154020396577742,8.372025704000716,8.154020396577836
235,6.764644789289057,6.7996869006247,6.494311108715671,6.799686900624697,6.494425468061882,6.799686900624809
236,6.7790989672065765,5.29688079454654,8.35903758528298,5.296880794546661,8.5049549706215,5.296880794546521
237,7.336979778944355,7.0946436187836435,7.584130640144489,7.0946436187837,7.597800715916861,7.094643618783444
238,7.15608721925648,7.7332643813816615,7.016901759246402,7.733264381381668,7.212575726280678,7.733264381381572
239,15.232182217264619,15.856251067786136,15.053440725211159,15.856251067786177,14.50481738468228,15.856251067785418
240,6.719728043327991,6.506871591276223,6.499241370087893,6.506871591276231,7.011444014651289,6.506871591275898
